mean_cosine,nbr_entropy,llm_entropy,llm_max,per_paper_WR,per_paper_RW,per_paper_net
0.55975837,0.39890233503959455,2.728948870365158,0.9,0,0,0
0.45094547,0.42962609562505466,2.728948870365158,0.9,1,0,1
0.52189654,0.48851763570558426,2.9863500302553123,0.8,0,1,-1
0.4838137,0.3877910936834846,3.1652325433817503,0.9,1,0,1
0.46127224,0.24037169317712118,2.776778210932318,0.9,0,1,-1
0.53654706,0.31843959308947184,2.921981709849717,0.9,0,0,0
0.5367171,0.3286899419923032,3.0372913370098584,0.8,1,0,1
0.25101987,0.4536771293264524,-0.0,0.8,0,1,-1
0.419053,0.3822731832370016,2.908173336682674,0.9,0,0,0
0.3852887,0.4064722375416578,3.353190671338322,0.4,1,1,0
0.3867603,0.3024176824072511,3.377135028187124,0.6,1,1,0
0.5130637,0.40965508842385484,2.9738513896100454,0.9,0,0,0
0.43676066,0.44967087338625394,2.959452421681926,0.9,1,1,0
0.4039158,0.3659625129135136,3.2460646160543205,0.6,1,1,0
0.5096639,0.31646382598857226,3.2192945256669794,0.8,1,0,1
0.40663677,0.4271644606413524,2.9738513896100454,0.9,2,1,1
0.43370482,0.4853739333207052,2.9738513896100454,0.9,0,1,-1
0.4636339,0.4784590047878684,2.9276073019174915,0.9,2,0,2
0.5298017,0.1980603096485209,2.95311500557286,0.9,2,0,2
0.39491898,0.43560130596751234,2.986350030255313,0.8,1,1,0
0.42717725,0.4714493023017153,2.9081733366826743,0.9,0,2,-2
0.41914016,0.34855392937503077,2.908173336682674,0.9,0,1,-1
0.5346597,0.3777411974797673,2.776778210932318,0.9,1,0,1
0.50042564,0.3511912261805377,2.986350030255313,0.8,0,0,0
0.5199269,0.4785092461538631,2.9793394888389986,0.9,1,3,-2
0.369663,0.45926345548131264,2.829955342950558,0.7,0,2,-2
0.37768707,0.3808160160514281,2.490107480141255,0.9,1,0,1
0.4805788,0.3963813092157626,1.8647869792568113,0.9,0,1,-1
0.44490936,0.3596608354043983,2.397742260857835,0.9,2,0,2
0.49547386,0.38017967274674414,2.6949101001896216,1.0,2,0,2
0.36997643,0.3792391651690395,2.776778210932318,0.9,1,0,1
0.34427434,0.409807751779272,2.8851204539117536,0.8,0,0,0
0.5424969,0.39522189111925493,2.9532908525815538,0.9,0,3,-3
0.46384543,0.43281713902629176,2.8798554875455857,0.9,0,1,-1
0.37581855,0.5487837950923263,3.0939422602619,0.7,0,2,-2
0.4423985,0.32936332687920844,3.129283016944966,0.8,0,1,-1
0.31813473,0.4769042635812947,-0.0,0.3,0,0,0
0.44111806,0.3418476062049269,3.087464172602364,0.9,1,1,0
0.38943586,0.25027848926851737,3.0443941193584534,0.8,2,0,2
0.5242296,0.377366815925966,3.2979531658874017,0.9,3,0,3
0.34001,0.41803159652479793,3.530750178437043,0.9,1,0,1
0.38398173,0.4137948651777828,2.725480556997868,0.2,1,0,1
0.40098077,0.34366357508760326,1.8452178053170998,0.8,0,0,0
0.3366777,0.400169194166802,2.348083585113009,0.8,0,0,0
0.4840516,0.43987298455098844,2.3151277160800037,0.9,0,1,-1
0.48373178,0.46183500412834144,2.5168719466545255,0.9,3,1,2
0.49161163,0.4000526930902281,-0.0,0.9,0,0,0
0.40689933,0.3487349211315265,0.9957274520849255,0.7,1,0,1
0.47249386,0.45430919162923106,1.9686551350647843,0.9,0,1,-1
0.3850588,0.3079896862614594,0.9612366047228759,0.8,0,0,0
0.35082904,0.3307850442837979,3.0,0.8,1,0,1
0.24986205,0.5073111522430441,3.14624062518029,0.9,0,0,0
0.3988242,0.4138678599718934,2.963134910393311,0.9,1,1,0
0.39174718,0.34488685946185443,2.9830749314332756,0.8,0,0,0
0.43812612,0.3072210605353906,3.172233675219988,0.8,1,1,0
0.58850014,0.2361232532566983,3.6818808028034025,0.4,0,0,0
0.47977233,0.4461160672362859,3.07173502713817,0.9,1,1,0
0.3236813,0.404385540061635,3.180741985218564,0.8,1,1,0
0.43500805,0.39248968700096293,3.3692725790365925,0.5,0,0,0
0.382523,0.31717510642067026,3.096852897925094,0.9,0,1,-1
0.42361462,0.40172457358762076,2.9187140524716635,0.9,0,1,-1
0.5337639,0.32905545202690945,3.10459260679402,0.9,1,1,0
0.41811883,0.4205291569539237,2.9081733366826743,0.9,0,0,0
0.4317019,0.4234614834440209,3.2363698330003685,0.6,0,1,-1
0.42160404,0.3838567098265801,2.9276073019174915,0.9,0,1,-1
0.5488573,0.3561871944225701,2.776778210932318,0.9,1,0,1
0.40670645,0.268676232180029,2.921981709849717,0.9,2,2,0
0.5329686,0.32114554241286986,2.908173336682674,0.9,0,2,-2
0.36061677,0.40589666007385644,3.478094888169261,0.5,1,0,1
0.32127702,0.46375669321550494,3.5849625007211565,0.4,1,0,1
0.39367375,0.36058455469338424,2.8851204539117536,0.8,1,0,1
0.46811524,0.4328887771805094,3.073681846204231,0.9,0,0,0
0.54262996,0.2648767331010402,3.0161506484543548,0.8,1,0,1
0.467061,0.45582435296568996,3.0248341172403252,0.8,0,1,-1
0.42158484,0.2587847606776736,3.0395247346217857,0.9,0,0,0
0.46739024,0.4157283990137925,2.728948870365158,0.9,1,0,1
0.49189332,0.4245555275869497,2.8690954395801542,0.9,1,0,1
0.40642875,0.4412586467753026,2.9276073019174915,0.9,1,0,1
0.43476382,0.3897644635872706,2.998966624432267,0.9,0,0,0
0.38281742,0.39536902247024625,3.016150648454355,0.8,0,0,0
0.52614844,0.43129950268697104,2.7688538376159997,1.0,0,1,-1
0.3499152,0.3863094220282992,2.986350030255313,0.8,0,1,-1
0.397775,0.26888044098093256,2.9081733366826743,0.9,0,0,0
0.4613007,0.39777597684033106,3.1301249653149705,0.7,0,0,0
0.37686077,0.3714053166146909,3.0350849518197793,0.8,1,0,1
0.29308793,0.46402298955389454,3.1632046194268693,0.7,0,2,-2
0.38654754,0.4279541295855437,3.0977968115985957,0.8,0,1,-1
0.42694005,0.31710545420006797,2.927607301917491,0.9,0,0,0
0.3787344,0.3678280179742735,3.2473344554552273,0.7,2,0,2
0.45924935,0.45814341307496326,3.128331049767103,0.9,3,0,3
0.54791194,0.32175883289693963,2.820046868677855,0.9,0,0,0
0.49700052,0.427254613872892,3.087462841250339,0.8,0,0,0
0.43330583,0.380480676373953,2.9276073019174915,0.9,1,0,1
0.47557002,0.45512076122996725,2.8798554875455857,0.9,0,2,-2
0.5418992,0.38253788178376125,2.9738513896100454,0.9,0,0,0
0.5511448,0.38476021349321626,3.0890288038043776,0.9,0,0,0
0.5113931,0.4220171448781981,3.010770866158963,0.95,1,1,0
0.41604745,0.44955802990508165,3.3313251713810503,0.8,0,2,-2
0.48736748,0.42750022175365104,3.2591419842479024,0.7,1,0,1
0.48256794,0.33827209116865015,3.3336169753972325,0.8,2,0,2
0.40443504,0.4549424924350728,3.3822912796384696,0.5,1,0,1
0.40193036,0.3551484855253467,2.986350030255313,0.8,0,0,0
0.5060355,0.3862581352414862,2.979339488838998,0.9,0,0,0
0.45611468,0.3445863585973554,3.145813294758474,0.9,2,0,2
0.4080574,0.2885678242686012,2.8798554875455857,0.9,0,0,0
0.44736546,0.344424313781769,2.944452798531527,0.8,0,2,-2
0.35947135,0.424186385294693,2.9414873698385327,0.9,2,1,1
0.41830185,0.37373731597882953,2.9793394888389986,0.9,0,1,-1
0.4841084,0.2415398351878748,3.0151831553653174,0.9,1,0,1
0.4630308,0.34821183249738513,2.8921748610432796,0.9,0,0,0
0.4628038,0.4231160098386999,3.2604554432656654,0.9,1,2,-1
0.42519817,0.4079857367123953,2.8925092608618286,0.9,0,0,0
0.54899454,0.3048037432885711,3.0,0.8,1,1,0
0.41526416,0.4285545017544327,3.2995301445670657,0.6,2,1,1
0.49113876,0.41685416859122887,3.2498544066252903,0.7,1,0,1
0.5383471,0.3708183450081086,2.910850294564907,0.9,0,0,0
0.47656852,0.4413103990529384,2.8559585804392404,0.9,0,2,-2
0.42197835,0.35654694737093834,3.1192630583590355,0.9,2,0,2
0.4452805,0.4229263362236657,2.9638561897747246,0.8,0,1,-1
0.38241306,0.4387173783236308,2.8690954395801547,0.9,0,0,0
0.4149682,0.4850771900166837,3.1136495655936933,0.8,1,0,1
0.5096913,0.26186165078514023,2.8766291673878235,0.8,2,0,2
0.4670026,0.5028813674708493,3.0596514588594785,0.9,1,2,-1
0.49115196,0.3899172004272269,3.3216272628243977,0.8,1,1,0
0.46977264,0.46327942985476334,3.029551963400665,0.9,0,3,-3
0.3525128,0.2911715228410891,2.823490576469806,0.9,0,1,-1
0.49413827,0.3299487276182829,2.8791474648822764,0.9,0,2,-2
0.5056627,0.3811627697721996,2.823490576469806,0.9,0,1,-1
0.29251596,0.4117901044938334,3.0,0.8,1,2,-1
0.5351333,0.39669026780553407,2.9986681079564357,0.9,0,1,-1
0.374244,0.43700738660938415,2.728948870365158,0.9,0,1,-1
0.4743665,0.3860339651220646,2.9793394888389986,0.9,0,2,-2
0.40612298,0.3687132758581855,2.921981709849717,0.9,2,0,2
0.4354626,0.2944110673186581,3.066532536373009,0.9,1,1,0
0.48261148,0.25645917274873414,2.9793394888389986,0.9,0,0,0
0.52547234,0.3545406612389148,3.0360332541369734,0.9,1,0,1
0.47931015,0.37998817933934254,3.5124792706912316,0.6,1,2,-1
0.4344484,0.4314242190462029,2.9757759036595948,0.9,0,0,0
0.3708181,0.43836424998961143,3.263483905264782,0.7,0,0,0
0.40836635,0.30886265309372546,2.9300191536916556,0.8,0,0,0
0.5041875,0.2858975150069968,3.008148305188538,0.9,1,0,1
0.48649684,0.35398775340726646,3.1571480396665197,0.9,0,1,-1
0.36470386,0.36531244407739316,2.913452314834227,0.9,0,0,0
0.3844091,0.41789552249038037,3.227970006020158,0.9,1,0,1
0.4354411,0.4184246593254741,3.016150648454355,0.8,0,1,-1
0.40767783,0.2933424039378053,0.9886994082884976,0.9,0,0,0
0.4887854,0.4350634018720743,1.55887184844536,0.8,0,0,0
0.34733132,0.45263812799073205,0.9612366047228759,0.8,1,0,1
0.39999,0.41858091941316417,0.9798687566511528,0.7,0,3,-3
0.40339032,0.4534683464462049,0.9402859586706311,0.9,1,0,1
0.42617306,0.31688323656899337,2.9131663031305894,0.9,0,0,0
0.18833956,0.46329646051047246,-0.0,0.5,1,0,1
0.37402332,0.35310459321065124,3.07173502713817,0.9,0,1,-1
0.51190585,0.40219305175669284,2.823490576469806,0.9,0,2,-2
0.44130477,0.2697478030040043,2.9631349103933107,0.9,0,1,-1
0.58426774,0.2536202018445555,3.0756067861089065,0.7,0,0,0
0.4214596,0.40285688072396747,3.0247519850262554,0.8,0,0,0
0.50975394,0.4495372897979995,3.034838803961721,0.9,0,1,-1
0.44572276,0.47548189889301373,3.544097907106122,0.4,1,0,1
0.5101791,0.31292168927466485,3.2393089403461044,0.6,0,0,0
0.49870074,0.34606206350659907,3.4204150930784682,0.9,3,0,3
0.45257062,0.4387967385523268,3.1418635767565624,0.9,2,1,1
0.44715896,0.37220510321662464,2.97765944295582,0.9,1,1,0
0.49554738,0.3781834337887443,3.2094533656289497,0.8,1,1,0
0.4900868,0.4334273734023689,3.3457290349417863,0.9,0,3,-3
0.46675467,0.3314691415715175,2.921981709849717,0.9,0,1,-1
0.5144775,0.29305901562238396,3.1323281822500544,0.7,2,0,2
0.5652373,0.38223801639560323,3.086925834480921,0.9,0,0,0
0.39214504,0.3603333169676115,3.1478329087955252,0.7,2,0,2
0.4661526,0.41856560795446585,3.220804911251982,0.5,1,1,0
0.39086983,0.38853281084764424,3.6556390622295662,0.3,2,2,0
0.5735856,0.33279349916779283,2.915493095582791,0.9,0,0,0
0.4133599,0.3506070459030641,3.322413539677242,0.7,0,1,-1
0.40814713,0.291505560097837,3.1553993115748957,0.8,0,3,-3
0.44107914,0.3253277022376355,3.0577968115985956,0.8,0,0,0
0.47391114,0.4656381979545134,3.079981745579738,0.9,2,0,2
0.49298763,0.3910109741500449,2.918418658924209,0.9,1,1,0
0.4375176,0.40228896104733786,3.02322500208334,0.8,0,0,0
0.5111563,0.24708956340764257,3.348639618121815,0.7,2,0,2
0.38022545,0.3989925746242868,3.024751985026256,0.8,1,0,1
0.44305897,0.38658739773434975,3.0996318306423833,0.9,1,0,1
0.5318063,0.17554942995241538,2.9689250793612643,0.9,0,0,0
0.45203036,0.394951774329737,3.169925001442312,0.8,0,2,-2
0.436803,0.3414803870141545,2.9986681079564357,0.9,0,1,-1
0.43882832,0.2398751064364184,2.921981709849717,0.9,0,0,0
0.4320247,0.41860788480340494,1.5451531398349103,0.9,1,0,1
0.37850982,0.5298158674025538,0.9612366047228759,0.8,0,0,0
0.4768871,0.448214461486172,1.9803464138951994,0.8,1,1,0
0.41665974,0.3749530019662262,-0.0,0.9,0,1,-1
0.44120175,0.36139370283512323,1.9892936331613535,0.8,0,2,-2
0.5107043,0.4567426230842559,4.087462841250339,0.1,2,0,2
0.5295767,0.49431263802511305,3.3296682242440827,0.9,0,1,-1
0.47333285,0.3343050100626662,3.477266752288215,0.9,2,0,2
0.43959793,0.35447530324071497,1.8149798205164813,0.9,2,0,2
0.26853177,0.3975953107987228,2.1180782093497093,0.4,1,1,0
0.43239462,0.4613603391500099,2.476154634188267,0.7,0,1,-1
0.31209105,0.496716307619303,1.53012496531497,0.7,0,1,-1
0.31661642,0.38718588418121475,1.3821022532543101,0.9,1,1,0
0.4624207,0.2960646893629074,2.2671178759649178,0.6,1,0,1
0.32275906,0.4769078900321716,1.5774062828523454,0.5,0,1,-1
0.34278518,0.4238484261096183,3.0621735653919635,0.9,0,2,-2
0.36155438,0.4270409608635948,2.9276073019174915,0.9,1,0,1
0.39734936,0.4254928589914173,3.1292830169449664,0.8,0,0,0
0.37888598,0.4180246046472226,3.353190671338322,0.4,0,0,0
0.4325725,0.284964696789843,3.0295519634006656,0.9,2,0,2
0.25977919,0.42888073596714066,2.927607301917491,0.9,0,1,-1
0.41881353,0.5059105511768314,2.822683189255492,0.9,0,0,0
0.45539677,0.3201389153491896,2.973851389610045,0.9,1,1,0
0.4278379,0.37228933890176596,3.024090852510247,0.8,1,1,0
0.5125466,0.44182853984551207,2.9738513896100454,0.9,1,0,1
0.32658002,0.4071811382443306,2.9830749314332756,0.8,0,0,0
0.53091305,0.3958726711335117,3.296770360702037,0.7,0,1,-1
0.38228363,0.44976705722551313,3.0710762297870975,0.8,1,1,0
0.5133146,0.38612773825503416,3.3313251713810508,0.8,1,1,0
0.38371655,0.4637400393782926,2.9530822987655223,0.9,2,0,2
0.48231235,0.4206362179379778,3.002707336492527,0.9,0,0,0
0.3746603,0.3953592035999776,3.5062222843139805,0.4,0,2,-2
0.4195423,0.41595702220108255,3.032944020615957,0.9,1,0,1
0.5259079,0.3698312612228152,3.3185722732003584,0.7,0,1,-1
0.3162319,0.39716096083399816,3.209867121904036,0.8,0,0,0
0.46788043,0.4146628668938167,3.4804039290284803,0.9,1,1,0
0.53526354,0.36484482747233593,3.6195069762902152,0.9,0,0,0
0.47335452,0.37058504472557047,3.627986806877675,0.8,0,0,0
0.2684124,0.4102976171443294,3.378938443930791,0.8,0,1,-1
0.36675572,0.35691223469663313,3.364383003446737,0.9,0,0,0
0.48024395,0.3594518150311881,3.509275070710714,0.5,1,1,0
0.445027,0.3908952074487242,3.1681103178788184,0.9,0,1,-1
0.54624516,0.37331390474597376,3.386842188131012,0.8,0,0,0
0.28697908,0.44868790013405474,2.973851389610045,0.9,1,1,0
0.48406503,0.36496922149808064,3.012313815541435,0.9,1,0,1
0.20343858,0.4161542304242754,1.4618381992568745,0.9,1,2,-1
0.5107597,0.36298079867411975,2.4731099793092906,0.8,0,2,-2
0.38908622,0.38144339450524045,0.9456603046006402,0.7,0,0,0
0.3498978,0.4185936976999944,0.9612366047228759,0.8,0,0,0
0.48227987,0.39111682350208693,2.6804243449594782,0.9,1,2,-1
0.22275019,0.4628921115141855,-0.0,0.0,0,1,-1
0.37809002,0.3237677462425418,0.9402859586706311,0.9,1,1,0
0.35671014,0.40246055827828525,1.584962500721156,0.5,3,0,3
0.39534634,0.45626166088397696,1.584962500721156,0.5,1,0,1
0.51547843,0.39118383832641423,1.577428772913488,0.9,0,0,0
0.41953495,0.48017226434127297,3.044394119358454,0.8,0,0,0
0.47722888,0.4893622679575605,3.10441119255554,0.9,0,0,0
0.52197534,0.17422143970602222,2.9738513896100454,0.9,2,0,2
0.3181199,0.35595956288745534,3.087462841250339,0.8,0,0,0
0.43206158,0.4034025274296871,2.9738513896100445,0.9,0,1,-1
0.44495273,0.4302116645943369,3.021240625180289,0.9,0,0,0
0.38139203,0.34385487221508454,3.0723089141751645,0.7,0,1,-1
0.50336826,0.39262465867576035,3.171373150231488,0.9,2,2,0
0.27824304,0.3261810317642772,3.754441845713347,0.3,1,0,1
0.4798174,0.37651023496355146,3.2457434950529698,0.8,1,1,0
0.39970425,0.3001071240432068,2.9276073019174915,0.9,1,1,0
0.29024068,0.48725871790590675,3.2049506597353004,0.9,2,1,1
0.5544808,0.3277065076720847,3.2288855850902887,0.9,0,1,-1
0.352253,0.20861066780017784,3.569702316978283,0.4,1,0,1
0.548577,0.41558296343715445,3.2068570640942182,0.9,1,0,1
0.50092626,0.4146624051224646,2.483180468458609,0.9,0,2,-2
0.4767189,0.3768063698541446,2.423935762550598,0.9,1,1,0
0.4436768,0.3129431485265053,1.7382689280764647,0.9,2,0,2
0.39462906,0.4641029581137103,2.3282129458410017,0.6,1,0,1
0.45738304,0.36097058541404814,2.6528546317129695,0.8,0,2,-2
0.5283047,0.3696960688572798,3.3869488367553315,0.9,1,0,1
0.47060952,0.360030435924791,3.009372702905613,0.8,1,0,1
0.40023506,0.41232608285088257,3.10441119255554,0.9,0,0,0
0.47981018,0.2922118774839125,3.0656370380002844,0.9,0,0,0
0.38261396,0.30746399441859745,2.8673537728349934,0.9,0,0,0
0.5292593,0.3598794065104132,2.8791474648822764,0.9,0,1,-1
0.47868648,0.3897474411305229,3.066532536373009,0.9,2,0,2
0.54871726,0.12004822232490078,2.8876718403890336,0.9,0,0,0
0.4621271,0.38744981480572904,3.071928094887362,0.8,1,0,1
0.54004186,0.19381369066255466,2.823490576469806,0.9,2,0,2
0.54310024,0.43955078594365454,2.9984769418558765,0.9,0,0,0
0.5352563,0.43521575340382074,2.9108502945649066,0.9,2,0,2
0.5372009,0.39891879160521393,2.9300191536916556,0.8,0,0,0
0.46064845,0.3104994405016881,2.9131663031305894,0.9,0,0,0
0.46760425,0.27706084886824045,2.8851204539117536,0.8,2,0,2
0.29023573,0.357234911653051,2.986350030255313,0.8,0,0,0
0.47391084,0.36459091673130406,2.728948870365158,0.9,0,1,-1
0.5057004,0.3117972186751116,2.8798554875455857,0.9,0,0,0
0.41145593,0.33621098058537024,3.0114932034009665,0.7,0,1,-1
0.56341684,0.32795806139541556,3.0114932034009665,0.7,0,0,0
0.53506994,0.3540566362165735,3.066532536373009,0.9,0,1,-1
0.50158423,0.43114698349292474,3.1065324681465394,0.9,0,1,-1
0.415323,0.32000644357388774,3.0315513539183025,0.9,1,0,1
0.49123842,0.4370712047260275,3.506222284313981,0.4,0,0,0
0.5486188,0.3705239331216651,2.826789353053779,0.9,0,0,0
0.47513583,0.39436850869582574,3.220478852812324,0.8,1,0,1
0.43131652,0.34574814168157936,3.0042169249474333,0.8,0,0,0
0.5291796,0.25232287709213824,3.1794004776443208,0.9,0,1,-1
0.3057384,0.40050907439082245,3.16100727900131,0.7,0,1,-1
0.2829748,0.3516373212637035,3.2226496052846496,0.8,0,1,-1
0.5098612,0.40859358762783105,3.5904685707328285,0.9,0,0,0
0.49301815,0.3166801586476791,2.9630496653289224,0.9,0,0,0
0.48481235,0.3246204780965498,3.0881020701914808,0.9,2,1,1
0.40492374,0.348782917683346,3.2319415542927743,0.8,2,1,1
0.5353901,0.34427005699883917,3.147055208874201,0.8,0,0,0
0.47955897,0.3678262468176521,1.9580178370331516,0.8,0,0,0
0.5251309,0.37503050363283474,1.5466316153937778,0.8,1,0,1
0.44822156,0.37581869500783244,1.8371323244686164,0.9,0,2,-2
0.5403427,0.39622698621157537,2.5372705168917378,0.8,0,1,-1
0.50330573,0.31210707546657435,1.5394910703001345,0.9,1,0,1
0.4077688,0.43696631825511817,2.728948870365158,0.9,0,0,0
0.34972835,0.4382708782717391,2.823490576469806,0.9,1,0,1
0.4822945,0.38000259508745987,2.851280912261904,0.9,0,0,0
0.4914107,0.4069891782687144,2.998966624432267,0.9,1,2,-1
0.33000076,0.44780127349404886,2.913452314834227,0.9,0,0,0
0.4669004,0.4162385282928007,2.967438430724949,0.8,1,1,0
0.40571538,0.3066837714650529,2.9919116689822105,0.9,0,2,-2
0.53295594,0.4424589784520374,3.0788713632524445,0.9,0,1,-1
0.4955294,0.4857969445061947,3.009372702905613,0.8,2,0,2
0.40686408,0.323340426950036,3.07173502713817,0.9,3,0,3
0.3967893,0.384690326930294,2.3131060113376822,0.9,2,3,-1
0.45875382,0.29376450534776477,2.5093619287156654,0.8,1,0,1
0.5367589,0.37615560295133044,2.2963489685485134,0.7,0,0,0
0.47519517,0.31153894321946146,1.3787834934861756,0.8,1,1,0
0.39102107,0.37229022711364895,1.530618994848517,0.6,2,1,1
0.5478357,0.33234067573091414,2.9851817976423107,0.9,0,0,0
0.461983,0.33890801048706115,2.9518387305144014,0.7,0,0,0
0.5247148,0.2710282119148636,2.820046868677855,0.9,2,0,2
0.5000145,0.4031578160897098,2.941487369838532,0.9,0,0,0
0.45266667,0.3881939502038557,3.2900060680977643,0.6,2,1,1
0.46982393,0.4083297503768698,2.8976040654309387,0.9,0,0,0
0.37749654,0.43801626950801165,3.042141110799899,0.8,1,2,-1
0.52250445,0.37129709591564913,3.20945336562895,0.8,1,0,1
0.48946568,0.3520129372726924,2.913452314834227,0.9,1,0,1
0.44808945,0.3967125951293437,3.182490186751775,0.7,0,0,0
0.54706514,0.37291129497126635,2.933376252778431,0.9,1,0,1
0.42969298,0.3966183661066699,2.938268928076465,0.9,1,0,1
0.42763433,0.2858318784435241,3.577819531114783,0.4,1,0,1
0.3937815,0.3669482618093328,3.2744287172912805,0.7,0,0,0
0.5345454,0.43861754790209695,3.312487689168954,0.9,1,2,-1
0.33224046,0.41129589603853167,3.0,0.8,0,1,-1
0.48826432,0.44950745484112764,3.0350849518197793,0.8,0,0,0
0.36542138,0.41367399722298853,3.0,0.8,0,1,-1
0.4218819,0.43230067144648815,3.0310053222938813,0.8,0,0,0
0.43805635,0.37115765734473,2.9793394888389986,0.9,0,1,-1
0.4555725,0.45446021228222233,3.12187240011629,0.9,3,1,2
0.39194834,0.3258300691020684,3.6062389286533896,0.3,1,0,1
0.4883219,0.36011515624868645,3.2401232426004927,0.9,1,0,1
0.3206858,0.3949184972149653,3.038197365331599,0.9,0,0,0
0.4518018,0.4027651672664909,3.074409595714051,0.9,1,1,0
0.39291173,0.4652233784118491,3.484312917447713,0.7,1,1,0
0.44749725,0.33959576876836134,3.5362975407741195,0.4,0,2,-2
0.47748253,0.3211664601782071,3.1937066151672147,0.8,0,0,0
0.44199505,0.30757248589142766,3.0531291412734887,0.9,0,0,0
0.2952984,0.4816443104106193,3.087462841250339,0.8,0,0,0
0.4501813,0.40482880137195526,3.2760438650771997,0.8,1,2,-1
0.5050865,0.48745671832828563,3.2871755531608597,0.9,0,0,0
0.6020491,0.3737614264901996,3.014091089055423,0.8,1,0,1
0.42073908,0.4484001181536551,3.200710708380031,0.7,1,0,1
0.29670733,0.4705726620862126,3.5849625007211565,0.4,0,0,0
0.49081597,0.2717411381044691,3.1372517869479233,0.9,1,0,1
0.47282696,0.3548897912336139,3.0530201924480456,0.7,0,0,0
0.4007267,0.2291226986886002,3.182490186751775,0.7,0,1,-1
0.47348514,0.2581337207674779,3.239018329975255,0.5,1,0,1
0.45550114,0.23872626745146833,3.032944020615957,0.9,1,2,-1
0.4697301,0.45839599067906694,1.9689250793612645,0.9,2,0,2
0.55153626,0.3811961744122708,0.9967916319816367,0.8,0,2,-2
0.54465413,0.3766715365606242,-0.0,0.9,0,2,-2
0.5040591,0.42891196670068354,1.9926140680171258,0.8,0,0,0
0.42415962,0.31185537626162374,-0.0,0.9,1,0,1
0.45917174,0.2916811303367026,3.017242201464186,0.9,0,0,0
0.49837643,0.4468020564322204,2.960262111691997,0.9,0,0,0
0.39506295,0.3441432147404308,3.079710276317337,0.9,0,1,-1
0.4245411,0.36898575648369447,2.9736746195753727,0.8,2,0,2
0.39155424,0.3855561915432357,2.915493095582791,0.9,1,1,0
0.54069936,0.32654101008368736,2.8798554875455857,0.9,1,1,0
0.5533991,0.38476946056226,2.908173336682674,0.9,1,0,1
0.46317753,0.4062549257411717,3.0808978136193588,0.8,0,0,0
0.42356277,0.42890150844768093,3.1489444208309094,0.6,0,0,0
0.37665394,0.423881630881469,2.8798554875455857,0.9,0,1,-1
0.27967587,0.3704774380299938,3.1136495655936938,0.8,1,0,1
0.46715534,0.4898009927857797,3.6556390622295667,0.3,1,1,0
0.45940208,0.1948642370522997,2.9276073019174915,0.9,2,0,2
0.46284693,0.42205472841181196,3.0756067861089065,0.7,1,1,0
0.32215127,0.45120864012120654,3.0,0.8,0,0,0
0.38825008,0.26171962971502616,2.9830749314332756,0.8,0,1,-1
0.5566277,0.20472936326058563,3.1570914161644237,0.7,1,0,1
0.44725597,0.46802068443438644,3.5086949695628418,0.4,1,2,-1
0.3157251,0.4267235089182347,3.0315513539183025,0.9,0,1,-1
0.4820967,0.3805935234276233,3.1914280318460246,0.8,0,0,0
0.5044154,0.41875055151971796,3.041852172775122,0.9,1,2,-1
0.410609,0.33776039460679486,2.919842454881336,0.9,0,1,-1
0.46156096,0.39137458598607194,3.154222184683522,0.8,1,1,0
0.30958036,0.39884173406772955,3.414717001462482,0.5,1,1,0
0.42604005,0.4465149387797451,3.01867904060296,0.9,0,1,-1
0.37072587,0.47469699398818177,2.8955933144511468,0.9,2,0,2
0.35319915,0.440563595774359,3.1301249653149705,0.7,2,0,2
0.3821158,0.3420419221534058,3.028991962451992,0.8,1,0,1
0.51442677,0.37479978903248395,2.9333760404085045,0.9,0,1,-1
0.43630856,0.31259069242805326,3.181276369602582,0.6,1,0,1
0.4541302,0.34171419280078863,3.0541625260016594,0.95,0,1,-1
0.45550987,0.3915162222887806,3.1937066151672147,0.8,0,0,0
0.41118705,0.29744950173834733,2.9638561897747246,0.8,0,0,0
0.3491701,0.48486113988124624,3.463280517810811,0.6,0,1,-1
0.47746593,0.41059932494947077,3.1462406251802895,0.9,0,0,0
0.29679602,0.42955370317816255,3.01867904060296,0.9,2,0,2
0.50028837,0.3811302788219358,3.01867904060296,0.9,0,0,0
0.38855672,0.38629653476990405,2.910850294564907,0.9,1,0,1
0.48079672,0.3941329800155639,2.927607301917491,0.9,1,0,1
0.4188254,0.3830003770918395,3.1292830169449664,0.8,1,0,1
0.34082866,0.503918236932514,-0.0,0.9,0,1,-1
0.32070687,0.3993588870674744,0.7219280948873623,0.8,1,0,1
0.47657654,0.44075616850570715,1.9367376372690068,1.0,0,0,0
0.42836848,0.33458303497670094,1.5751145914106575,0.8,1,0,1
0.45397395,0.39264055884229343,1.5294283316328894,0.8,1,0,1
0.451508,0.3773531948591984,3.085647092148893,0.9,2,0,2
0.43971807,0.34274004768504357,3.6038561897747243,0.4,1,1,0
0.40860438,0.4892183379052387,3.1387139508171114,0.8,0,1,-1
0.4560915,0.36668556087539805,3.0,0.8,1,0,1
0.44889987,0.4132224671470021,2.8798554875455857,0.9,0,1,-1
0.39892566,0.2983213173126824,3.011986365420184,0.95,2,0,2
0.2868396,0.39300081391840913,3.1301249653149705,0.7,0,2,-2
0.3768384,0.44674597975817154,3.1134218690860567,0.9,2,0,2
0.4975168,0.43695584794397097,2.941487369838532,0.9,1,1,0
0.42760608,0.281584675953184,2.9081733366826743,0.9,0,1,-1
0.5240929,0.3243465274004212,2.908173336682674,0.9,0,0,0
0.3757683,0.35765365136829386,3.0350849518197793,0.8,0,2,-2
0.40113693,0.35358885674118107,2.927607301917491,0.9,2,0,2
0.2737105,0.3712505604066108,3.0605405276741675,0.8,0,0,0
0.2858604,0.37677368706555375,3.0231369558688854,0.8,2,1,1
0.49838364,0.44397233347737636,3.469064051764044,0.9,2,1,1
0.55215174,0.3714025406204275,3.532295538649316,0.9,2,0,2
0.55551755,0.19229883101419182,2.4896556703586477,0.8,2,0,2
0.43214184,0.3588506184604383,2.852217001462482,0.5,0,1,-1
0.44060323,0.3355658586627157,2.521640636343318,0.9,0,0,0
0.4512948,0.3509649236739707,-0.0,0.0,1,2,-1
0.33502522,0.3804124188040286,1.584962500721156,0.5,0,0,0
0.4366452,0.4288876372344911,0.9967916319816367,0.8,1,1,0
0.38375473,0.4476904447593548,-0.0,0.7,2,0,2
0.42749143,0.31577460508244865,-0.0,0.9,0,0,0
0.46600112,0.34164480031543987,3.0621735653919635,0.9,1,1,0
0.43368757,0.28694458821662877,2.8798554875455857,0.9,0,0,0
0.48080987,0.3513286159931736,3.0299535906627213,0.8,1,0,1
0.40944958,0.40994396975403824,3.1394705707972523,0.8,0,1,-1
0.4178606,0.41649901825869584,2.776778210932318,0.9,1,1,0
0.4765203,0.2749773724342309,0.9402859586706311,0.9,1,0,1
0.43844974,0.29805702771092096,1.495538029919111,0.9,0,1,-1
0.36644953,0.4024804064398996,-0.0,0.9,1,1,0
0.5173683,0.39339091826023803,2.296759523044818,0.8,2,2,0
0.47694138,0.2988552971377731,0.8904916402194913,0.9,1,0,1
0.38471302,0.3533284434890992,3.184138818995554,0.9,1,1,0
0.3444702,0.3395183227816855,3.469240782172284,0.4,0,2,-2
0.3040644,0.4408964382034475,3.270778209874187,0.6,1,2,-1
0.25179914,0.3637004459017291,3.1472281674512783,0.8,0,0,0
0.5576292,0.3565842080610828,3.310703027366227,0.9,0,0,0
0.31994674,0.4320100313200085,2.7688538376159997,1.0,0,0,0
0.4574663,0.35924321836711504,3.091446071165522,0.8,2,0,2
0.43957433,0.4247056934912638,3.066882991742246,0.7,2,0,2
0.56297207,0.2537026568176073,3.278279946120036,0.7,1,0,1
0.4732233,0.39111134435706124,3.156580393728044,0.8,1,1,0
0.48114318,0.3859666305947667,3.242745916117031,0.8,1,1,0
0.3279279,0.49387088948513935,3.568884070537636,0.5,0,2,-2
0.33056867,0.34659244122041916,2.9646249865489063,0.9,1,0,1
0.49466226,0.5023681354102465,3.3758145836939115,0.6,3,0,3
0.4204054,0.3763650827209195,3.1324947876342017,0.9,2,1,1
0.40345162,0.3165083918180921,3.107566076688994,0.9,1,0,1
0.4530409,0.3080983995996076,2.8311845963584887,0.8,0,0,0
0.41772443,0.3505410066463601,2.9728488200423997,0.9,0,0,0
0.3696301,0.37656417666793124,3.003539122804025,0.8,1,0,1
0.4286769,0.3100172545146298,3.0697168480927206,0.8,1,2,-1
0.44337356,0.33693054797488375,3.0595608142862893,0.8,1,2,-1
0.4552964,0.30178852897619457,2.9414873698385327,0.9,1,0,1
0.42184016,0.5127054439362402,3.146286370662104,0.8,1,0,1
0.35700005,0.4400599552923402,3.225185279715573,0.6,0,1,-1
0.38578814,0.27948548966943826,3.0989340500817137,0.8,0,0,0
0.46960077,0.3315742644998024,3.109476857421479,0.8,0,2,-2
0.4795644,0.4472224800460989,2.9793394888389986,0.9,1,0,1
0.4607909,0.42366295465361387,2.9793394888389986,0.9,1,2,-1
0.51740056,0.3710843152263453,2.933376040408504,0.9,1,0,1
0.5473841,0.27555444795336326,2.921981709849717,0.9,1,0,1
0.42276698,0.22944916201173426,3.0329440206159575,0.9,1,1,0
0.44684756,0.2471471413997371,3.003539122804025,0.8,1,0,1
0.5346614,0.3662540848004929,2.9333760404085045,0.9,0,0,0
0.47806218,0.4457349515628513,3.1236658734343736,0.9,2,1,1
0.523836,0.39598496113460174,2.9414873698385327,0.9,1,1,0
0.5452659,0.3987785075178891,2.9882711091913703,0.9,1,0,1
0.335551,0.4569800410947316,3.0082222749239294,0.7,0,3,-3
0.4497702,0.4451106396616907,2.776778210932318,0.9,0,0,0
0.37327123,0.38587711008796266,3.1239806626634077,0.7,1,0,1
0.2234903,0.46510393226268504,-0.0,0.2,0,1,-1
0.4430646,0.44795429695341626,2.9630496653289224,0.9,1,0,1
0.48640084,0.3671942917137959,2.9517379642094483,0.9,1,0,1
0.5281002,0.34512679374551936,3.1059444262010523,0.7,0,2,-2
0.34579387,0.39768722671649936,3.2405282602167116,0.8,1,1,0
0.47296017,0.44100115928316164,3.113649565593694,0.8,0,0,0
0.33045828,0.42272645157003996,3.231038391295044,0.5,0,1,-1
0.4024465,0.31012585815131244,3.076866340087097,0.9,1,1,0
0.41581374,0.407230217704612,3.0953657445737646,0.9,1,1,0
0.4209965,0.4136364601719493,3.1542221846835217,0.8,0,2,-2
0.453226,0.40885510435852196,3.173785595221648,0.9,0,1,-1
0.5103161,0.4394246337461625,3.1784519631330497,0.8,0,1,-1
0.49749413,0.33162139550771114,3.01867904060296,0.9,1,1,0
0.4183975,0.431286318234907,3.3543346014548687,0.8,2,0,2
0.42167532,0.40778126876500126,3.3674432427723118,0.6,2,0,2
0.32939225,0.4167234439680132,3.129283016944966,0.8,1,0,1
0.44267967,0.3374423645707343,2.8215582974885987,0.9,0,1,-1
0.42102838,0.4031307966093606,3.113538869799261,0.8,1,1,0
0.52878976,0.3221120681550224,3.168110317878818,0.9,0,0,0
0.46920562,0.2524414176434674,3.207569653505061,0.9,0,0,0
0.39570057,0.3864225942504317,3.6756981353679863,0.4,1,0,1
0.47085544,0.4040943007577106,3.035662313712466,0.9,1,2,-1
0.28378177,0.49750333494685295,2.426402541105223,0.9,3,0,3
0.3984495,0.4170754960856444,2.302683189255492,0.9,0,2,-2
0.5473637,0.4173773040603643,3.375335000389072,0.9,2,1,1
0.5335003,0.3292718921518498,2.4751060324573735,0.8,0,0,0
0.42847255,0.38940718226446736,2.976385649991103,0.8,0,2,-2
0.507492,0.36156207194268064,2.8798554875455857,0.9,1,0,1
0.44097462,0.39988942028858,2.99829757027802,0.9,2,0,2
0.36914653,0.4110546535065635,2.8798554875455857,0.9,0,0,0
0.4198645,0.4102941455849953,2.8798554875455857,0.9,1,2,-1
0.52555084,0.3809162273074421,2.998966624432267,0.9,1,0,1
0.44262585,0.35833389948632594,3.0239217461818537,0.8,1,1,0
0.44193318,0.46416748250508244,3.066532536373009,0.9,1,0,1
0.5191489,0.46177347001708113,3.1826575788844838,0.7,2,0,2
0.47070637,0.32097555045346127,3.052366685282683,0.9,2,0,2
0.4227144,0.35047175838835815,2.776778210932318,0.9,0,0,0
0.34778988,0.33641973624829324,3.039563256665049,0.9,1,0,1
0.42643192,0.378132798961033,3.028991962451992,0.8,0,1,-1
0.48567647,0.3307572228594929,3.141009150817866,0.8,0,0,0
0.31121054,0.4735351995194434,3.0,0.8,0,0,0
0.38082337,0.4375469995349001,2.9276073019174915,0.9,0,0,0
0.344849,0.39375420744711126,2.927607301917491,0.9,1,0,1
0.5048108,0.44710775715499446,2.728948870365158,0.9,0,0,0
0.48502284,0.44260729525366416,2.95314057292337,0.9,0,0,0
0.40997165,0.3447152746560689,3.1087813061987757,0.8,1,0,1
0.4042038,0.4202617514420678,2.941487369838532,0.9,1,0,1
0.43669358,0.3658566801649969,3.1644213915612496,0.9,0,2,-2
0.53668433,0.3558037680788594,2.9333760404085045,0.9,1,0,1
0.44449902,0.3958780371736239,3.0395632566650486,0.9,0,0,0
0.45951453,0.15212566067496716,3.0685409330566378,0.8,1,0,1
0.43670192,0.2654676045611139,3.075681791233472,0.9,1,0,1
0.42897174,0.46007445424562143,3.1125478478373942,0.7,0,1,-1
0.35650748,0.376936468462324,3.087462841250339,0.8,0,1,-1
0.4653974,0.44136095875027953,3.023321386327279,0.9,0,0,0
0.50844014,0.47035637644983497,3.365047014001195,0.9,3,1,2
0.5083939,0.41039750462350416,3.0283723735426884,0.9,0,0,0
0.3572246,0.4500686792840654,3.0299535906627213,0.8,1,1,0
0.47482663,0.4623403455906033,3.04718240301417,0.9,1,1,0
0.47952947,0.46953336184897876,2.9276073019174915,0.9,0,1,-1
0.16968068,0.46894865313164746,-0.0,0.3,0,0,0
0.5091388,0.2842183484481417,2.9738513896100454,0.9,1,0,1
0.41536218,0.43806436351756817,2.9276073019174915,0.9,0,0,0
0.36860728,0.4284233003517355,2.941487369838532,0.9,2,0,2
0.37930438,0.3788649322247572,2.776778210932318,0.9,0,0,0
0.31388792,0.47475264081784635,2.9738513896100454,0.9,1,0,1
0.3382786,0.31254068652965744,2.331164445867128,0.9,0,3,-3
0.38612336,0.42439359683895084,0.4689955935892812,0.9,1,0,1
0.52178067,0.29093279755404905,2.0640387089891847,0.9,0,1,-1
0.47857,0.4021763210446836,1.765246528378741,0.9,0,0,0
0.36875522,0.44612804852202403,2.389172576943942,0.8,1,2,-1
0.47803447,0.3797274930891366,3.0939422602619,0.7,2,0,2
0.4094691,0.47282606021158363,2.8512809122619043,0.9,1,1,0
0.49901468,0.3629296530906012,3.1587719623527355,0.9,0,2,-2
0.35301536,0.363662632723403,3.3429711668499573,0.8,0,2,-2
0.50528574,0.39129656432595517,3.066532536373009,0.9,1,1,0
0.35477325,0.3530443828874198,2.8798554875455857,0.9,0,3,-3
0.48095903,0.2943815141173698,3.066532536373009,0.9,1,0,1
0.45539668,0.4439750727073216,2.9863500302553123,0.8,0,0,0
0.35793236,0.44403771612649084,2.8798554875455857,0.9,0,1,-1
0.39936462,0.41691994055119264,2.8851204539117536,0.8,1,1,0
0.5566729,0.31700078061785764,3.02544195406668,0.9,1,0,1
0.51760656,0.3517289370044438,2.970033703884394,0.9,1,1,0
0.27029526,0.47869404567040175,3.231038391295044,0.5,0,2,-2
0.4477566,0.3003986177902458,3.0668829917422458,0.7,1,0,1
0.52205104,0.3340717287393274,3.066532536373009,0.9,1,0,1
0.34331623,0.49524710413148915,3.9312089489103226,0.2,0,0,0
0.41746676,0.2931161084059896,3.029953590662722,0.8,0,1,-1
0.3942342,0.2524278819693258,2.823490576469806,0.9,0,1,-1
0.5112481,0.3280332484609361,2.8766291673878235,0.8,0,0,0
0.5037921,0.3817909256763034,3.1454618442383224,0.9,0,1,-1
0.4873879,0.4158216627609763,3.714258177675369,0.9,1,2,-1
0.38896155,0.3476863505824178,2.847067094075591,0.9,0,1,-1
0.33777535,0.32871713199389124,2.3810519594886106,0.9,0,0,0
0.4425161,0.39900029559591865,3.1807683215968447,0.8,2,2,0
0.5336134,0.387472589382574,3.5255678920127838,0.9,1,1,0
0.3839579,0.3608148565379987,2.933376040408504,0.9,0,0,0
0.46973252,0.40417390982124257,2.932718516415211,0.9,1,0,1
0.43488407,0.3613586798281793,3.044801661238701,0.8,0,0,0
0.52303076,0.42231038154396944,2.974409350691174,0.9,0,1,-1
0.3714101,0.35915999107736674,3.0808978136193588,0.8,1,0,1
0.4495303,0.449853799934232,3.244960641914682,0.8,2,1,1
0.41402704,0.46344546378617446,3.222649605284649,0.8,0,1,-1
0.4519241,0.395064844891696,3.133975800509341,0.9,3,0,3
0.43589807,0.3594609237973176,3.232455103616902,0.9,1,1,0
0.5211024,0.42058854841262927,2.913452314834227,0.9,0,0,0
0.4092921,0.286008458664988,3.0184932190282536,0.95,3,0,3
0.5035649,0.29588410078943816,3.0212406251802895,0.9,1,0,1
0.5271866,0.4964904059071702,3.199140505269579,0.8,2,0,2
0.45957077,0.33958646046533103,2.9830749314332756,0.8,0,0,0
0.5264149,0.28569813592958704,3.4873867633493414,0.5,1,0,1
0.5117878,0.3590712577266807,3.0667842134731034,0.8,1,1,0
0.52715415,0.42518282722964407,3.0011188127342363,0.9,0,0,0
0.38027173,0.49657894075249187,3.458410279511061,0.7,3,1,2
0.33897045,0.31650935166067706,3.367443242772312,0.6,1,1,0
0.35118985,0.38768458467045563,3.0874628412503395,0.8,0,0,0
0.53603053,0.4058638808111481,2.9532908525815538,0.9,1,1,0
0.34868985,0.4549949358027906,3.1566333532404145,0.9,0,0,0
0.48627836,0.37881215307442634,2.9725513464956443,0.9,0,1,-1
0.49740726,0.34801293881438583,3.1079582048754903,0.9,1,0,1
0.52102065,0.31320860839145226,3.096563297964722,0.9,0,1,-1
0.5313055,0.3231822515052794,3.0,0.8,0,1,-1
0.4570778,0.3448933662891316,3.0123511323638086,0.9,0,0,0
0.40907222,0.3660565456522585,2.776778210932318,0.9,0,2,-2
0.5315731,0.3449691531850289,2.8678930955604414,0.9,0,0,0
0.555115,0.38676858316344936,2.908173336682674,0.9,2,0,2
0.48019874,0.4236309555286392,2.270991142143199,0.9,1,1,0
0.4679466,0.3662254020739968,2.470666592068941,0.9,2,1,1
0.4410008,0.3482730556063852,1.9628980971151297,0.9,2,1,1
0.23597828,0.4970557903717395,1.9261207468426804,0.7,0,1,-1
0.50409055,0.34030022552550404,2.221930237407763,0.9,1,1,0
0.52136636,0.40958416488123295,3.0295519634006656,0.9,2,1,1
0.41377014,0.4516186718419397,3.3637132757501895,0.8,1,2,-1
0.48116642,0.43113263351941067,3.154129741456258,0.9,0,0,0
0.4745846,0.3777791825066515,3.1339198250586535,0.7,0,1,-1
0.4272082,0.43241452015343845,2.8690954395801547,0.9,0,0,0
0.44960243,0.2724303129338131,2.8851204539117536,0.8,0,0,0
0.37705994,0.4042030927129235,3.0,0.8,1,0,1
0.47419384,0.31040820654867773,2.8678930955604414,0.9,0,0,0
0.5030585,0.413780776584154,2.908173336682674,0.9,0,0,0
0.36241588,0.4472164699864336,3.039563256665049,0.9,0,1,-1
0.46624035,0.39096588096371976,3.1660679480934473,0.9,2,0,2
0.44422764,0.4405822724322923,3.3881634486262935,0.8,0,0,0
0.36004913,0.5217469448149615,3.1853898088629222,0.9,1,0,1
0.39404055,0.3915007695113566,3.2936606896881857,0.8,0,1,-1
0.5322737,0.3939515670392434,3.10924347723176,0.9,2,1,1
0.42749816,0.2721029346046676,2.776778210932318,0.9,0,0,0
0.46477357,0.42432624428445553,3.01867904060296,0.9,0,1,-1
0.47466773,0.39481023882005634,2.8798554875455857,0.9,0,0,0
0.48882025,0.44530013308175137,3.0830039664751987,0.9,0,1,-1
0.35544708,0.4297788344015355,2.959452421681926,0.9,1,1,0
0.42389178,0.3945247473088973,2.9967879635555583,0.9,0,0,0
0.5011433,0.3939774233771698,2.8798554875455857,0.9,0,1,-1
0.36500603,0.2780088014162976,2.776778210932318,0.9,0,0,0
0.44864178,0.3962788776707497,3.305708449473619,0.5,1,0,1
0.4327999,0.45148615301722544,3.01867904060296,0.9,0,0,0
0.3294294,0.4544852119831413,3.2473344554552273,0.7,1,0,1
0.36865893,0.36443748158803013,3.044394119358454,0.8,0,2,-2
0.41916808,0.3347224792118478,2.973851389610045,0.9,0,2,-2
0.39609435,0.2942543813455738,3.145461844238322,0.9,0,1,-1
0.5379151,0.3719243268611394,4.004886164091842,0.1,2,0,2
0.38705558,0.18679549332951892,3.2913928761709634,0.6,0,0,0
0.44660038,0.3047365761078784,3.182490186751775,0.7,0,0,0
0.4939357,0.4241319163628241,3.1064641841113234,0.9,2,1,1
0.5359782,0.24714990133867687,3.40194695925137,0.6,2,0,2
0.4739508,0.4566913169563546,3.2887549139935035,0.8,0,1,-1
0.4448633,0.46022235864321276,2.823265223932734,0.95,0,0,0
0.44307336,0.33356837641536297,3.1247103894893895,0.7,2,0,2
0.3709666,0.3454541747993628,2.885174447128411,0.8,0,1,-1
0.3993346,0.3976712068851737,3.060540527674168,0.8,0,1,-1
0.5084598,0.44841277208182145,3.1763523635787307,0.8,1,2,-1
0.42866963,0.42886178083363585,1.3779630390761746,0.9,0,1,-1
0.31679142,0.3687052206559423,1.5058231002082847,0.7,0,1,-1
0.46535107,0.2870105729007638,1.9542823944388745,0.9,0,1,-1
0.544045,0.36612310279423044,0.8112781244591328,0.9,0,1,-1
0.44236553,0.32032520271211157,0.9886994082884976,0.9,0,0,0
0.4261349,0.4020200131743047,3.228072996388509,0.8,0,0,0
0.5712756,0.4362440855200775,3.2257903614336683,0.8,0,0,0
0.42682707,0.2898200197580066,3.0996660963841594,0.9,0,0,0
0.5182577,0.33893337023459885,3.1372517869479233,0.9,0,1,-1
0.35626525,0.4379455404973014,3.4955749604956083,0.4,0,1,-1
0.28648892,0.48011906873607363,2.986159088827293,0.9,0,1,-1
0.44527203,0.414726060150529,2.9134523148342275,0.9,0,1,-1
0.42735273,0.30884223471754463,2.8311845963584887,0.8,0,1,-1
0.46509224,0.3904042790229831,2.9776594429558205,0.9,1,0,1
0.32404938,0.5035159862880005,3.0607476884752542,0.8,1,3,-2
0.50583845,0.3748304005478315,2.728948870365158,0.9,1,0,1
0.45429352,0.45185046019773517,2.823490576469806,0.9,2,0,2
0.5229509,0.4315936206403061,2.8798554875455857,0.9,1,0,1
0.4044606,0.44135521966039315,2.9793394888389986,0.9,1,2,-1
0.40645096,0.39956365605933303,4.087462841250339,0.05,1,0,1
0.37730563,0.46762551319667134,1.6697367178034825,0.9,2,1,1
0.48591107,0.4293141680332188,1.8448819354293255,0.8,2,0,2
0.40397716,0.4490600106694153,2.2177648376739314,0.7,0,3,-3
0.45580304,0.38221873272972623,1.5058231002082847,0.7,0,1,-1
0.5045732,0.3318665921175095,1.995236640510314,0.6,1,0,1
0.4678207,0.3612770268857247,1.544024096481951,0.9,0,1,-1
0.512995,0.46690570971199297,1.5379841082136025,0.9,0,3,-3
0.45016026,0.34391002722809405,1.577428772913488,0.9,0,0,0
0.44152787,0.37803789206859856,1.5466316153937778,0.8,0,0,0
0.4391054,0.4104650795457441,1.5588718484453603,0.8,0,1,-1
0.49225277,0.3703190614250026,2.8851204539117536,0.8,0,1,-1
0.3740594,0.3677272454576692,2.986350030255313,0.8,0,1,-1
0.23977037,0.4082843855488926,2.8798554875455857,0.9,0,0,0
0.3801907,0.4271538076381782,2.8851204539117536,0.8,1,0,1
0.5088535,0.38296823827558873,2.9793394888389986,0.9,0,0,0
0.39670604,0.4085242547390542,2.941487369838532,0.9,1,2,-1
0.47988978,0.43638494377758136,3.1163777241571666,0.9,1,0,1
0.448735,0.5030663182737527,3.112771984641639,0.9,0,0,0
0.37335575,0.37167810524541955,3.1029334343823503,0.8,1,2,-1
0.47768688,0.46904574613506045,3.227970006020158,0.9,2,1,1
0.47491413,0.3289457136490768,3.003539122804025,0.8,1,0,1
0.56901556,0.4350062038156471,3.179727316497513,0.9,1,1,0
0.41890237,0.3603226644760319,2.8678930955604414,0.9,0,1,-1
0.42886528,0.44321525929888916,3.12905693678402,0.8,1,0,1
0.24372248,0.49175498293649395,-0.0,0.0,0,0,0
0.5644367,0.3708584612315816,3.297079327540665,0.8,0,0,0
0.5148027,0.40961550555999865,3.029551963400665,0.9,0,1,-1
0.5365649,0.3366608876412678,2.9575050942752905,0.9,0,0,0
0.5560701,0.34759171764515123,3.059651458859479,0.9,1,2,-1
0.44695342,0.4717874455449741,3.228445159431229,0.9,1,0,1
0.5173508,0.4724447397802107,3.5401638527354073,0.9,2,0,2
0.5184136,0.3557050335449305,2.65367130149236,0.9,3,1,2
0.48503372,0.5000405023375644,3.5885014254387944,0.9,1,1,0
0.45555276,0.39303587064866174,3.616698696973045,0.7,2,0,2
0.5118303,0.43244007443058446,3.6448496341832946,0.9,2,3,-1
0.47569942,0.29498535138257775,2.716252939416414,0.9,1,1,0
0.53657144,0.34741250342039637,2.086048612313038,0.8,0,4,-4
0.27214402,0.36421911473339086,1.9312952802328744,0.7,0,0,0
0.40503633,0.4252963367704914,1.4466479595102752,0.9,0,0,0
0.5141217,0.4995825832777946,1.9107621062468212,0.9,3,0,3
0.4267248,0.3275312333533555,2.9300191536916556,0.8,1,1,0
0.46532723,0.3107940288794625,2.8404578463992163,0.9,0,0,0
0.41820776,0.45637768641858567,3.226235413615309,0.8,2,3,-1
0.3736078,0.4701346613319764,3.208098663501806,0.9,1,0,1
0.54069734,0.40203904980237326,3.1343056219075245,0.9,0,1,-1
0.47770587,0.35387611500253063,3.3219280948873626,0.8,0,0,0
0.33827457,0.4053145487099303,2.8798554875455857,0.9,0,0,0
0.5037578,0.3642575353896666,2.9945421313123277,0.9,0,1,-1
0.50782794,0.4020431517694552,3.4586949695628424,0.6,1,1,0
0.35301918,0.4356260151796762,3.189353872167201,0.7,1,0,1
0.41530505,0.3995786496989553,2.776778210932318,0.9,0,1,-1
0.3350506,0.4584527461775488,2.986159088827293,0.9,0,0,0
0.43022686,0.42954226340882995,2.8311845963584883,0.8,0,0,0
0.45677632,0.38207525242459234,3.0,0.8,1,0,1
0.41320962,0.5065576696069959,2.9093680639438846,0.8,0,1,-1
0.31586003,0.39868833360820766,2.970033703884394,0.9,1,1,0
0.49497125,0.3091388239898825,2.8791474648822764,0.9,0,2,-2
0.4239198,0.3899087861379786,3.066532536373009,0.9,1,0,1
0.39746812,0.46965201019489333,3.3300503514647373,0.8,1,0,1
0.40726575,0.434647361622243,3.156774146807922,0.9,1,1,0
0.46828067,0.331223340037353,2.956623811079363,0.9,0,0,0
0.49383104,0.3966789106681053,3.0930692077718898,0.9,1,1,0
0.4292833,0.33447595069156766,3.0954618442383217,0.9,0,1,-1
0.45842674,0.3145233673736221,2.927607301917491,0.9,0,0,0
0.5380095,0.31808233834660493,3.160352541541302,0.7,2,0,2
0.48605716,0.36793729825845434,2.823490576469806,0.9,0,0,0
0.5170983,0.30204155311239694,2.885174447128411,0.8,0,0,0
0.53045565,0.4102296811229156,3.9219280948873623,0.2,0,3,-3
0.44360855,0.36355608554748975,2.940072687348654,0.8,1,0,1
0.35459557,0.46289696452028944,3.120183935661208,0.7,0,1,-1
0.53670615,0.3401693290248349,3.0310053222938813,0.8,1,0,1
0.5322151,0.3489221115099274,2.8798554875455857,0.9,0,1,-1
0.4659015,0.43351913078669996,3.02544195406668,0.9,0,0,0
0.5264332,0.332867368853929,2.8851204539117536,0.8,1,0,1
0.40343493,0.42265078882097273,2.9530822987655223,0.9,3,0,3
0.45514134,0.47398794633155084,2.867353772834994,0.9,0,1,-1
0.38592243,0.37876772466007097,3.0295519634006656,0.9,0,1,-1
0.43731284,0.44494542121059233,3.071928094887362,0.8,0,1,-1
0.42102543,0.35139027398417194,3.1339198250586535,0.7,2,0,2
0.4916191,0.20313843419701627,2.8955933144511468,0.9,0,0,0
0.43382663,0.3500343801979273,2.95311500557286,0.9,2,1,1
0.40848187,0.37912431604265473,3.315333779292342,0.8,2,1,1
0.52752,0.32773659455814086,3.3789441709736736,0.9,1,0,1
0.49082106,0.3012443606026257,3.26632217341566,0.8,2,0,2
0.36043602,0.33693648333641396,3.3146128235273036,0.7,2,0,2
0.2897727,0.3852363845336965,2.8798554875455857,0.9,0,0,0
0.2808049,0.3564509329514407,3.044394119358454,0.8,1,0,1
0.4578991,0.4293390496005454,2.8876718403890336,0.9,0,1,-1
0.52377075,0.45935967021521695,3.1927080223858475,0.8,0,1,-1
0.5151269,0.41031445822106566,3.0465935642949384,0.8,1,0,1
0.45702174,0.323390119020001,2.8851204539117536,0.8,1,0,1
0.48567086,0.44840810606159054,2.97765944295582,0.9,2,0,2
0.5034594,0.379306090138666,2.8676193510905836,0.9,0,1,-1
0.287496,0.3605193389701636,2.8798554875455857,0.9,0,1,-1
0.45697993,0.3277433209821937,2.927607301917491,0.9,0,1,-1
0.55192435,0.4187033884570113,3.1852659125503666,0.9,3,0,3
0.5172108,0.3816281237586011,3.278127304321514,0.9,1,0,1
0.43272525,0.42139098888963966,3.2262354136153095,0.8,2,0,2
0.44206965,0.4724701382387232,4.004886164091842,0.1,1,1,0
0.5016712,0.4644424541463285,3.343465189601647,0.8,1,2,-1
0.47989243,0.38956732802295674,3.046593564294938,0.8,0,1,-1
0.45317066,0.42259992662473156,3.1906915178481903,0.9,1,0,1
0.43634114,0.41201267990079743,3.260332600569877,0.8,1,0,1
0.44158977,0.3777771494041944,3.1215419333359278,0.7,0,2,-2
0.41409475,0.4803749393950206,3.3276872905735524,0.6,0,1,-1
0.41279316,0.3557512529181311,2.8690954395801547,0.9,2,0,2
0.52589834,0.39836925061215117,2.9861590888272933,0.9,0,0,0
0.33964917,0.4422329969330483,2.8311845963584887,0.8,0,1,-1
0.5158327,0.3446767317778959,3.065516273637046,0.8,1,0,1
0.45057324,0.41439105158991396,2.8976040654309387,0.9,4,0,4
0.27132356,0.40050389464477754,3.014091089055423,0.8,0,3,-3
0.30070788,0.4176566082085369,2.95718034030284,0.9,0,0,0
0.52750236,0.43064034697133097,3.253801390571587,0.9,3,1,2
0.52114147,0.41260947812352766,3.271774098575848,0.8,0,0,0
0.50410086,0.4241972194418575,3.0168205030977906,0.9,1,0,1
0.56230676,0.3518826630813075,3.0751480957809743,0.8,0,0,0
0.49233478,0.2614416576563215,2.933376252778431,0.9,1,0,1
0.49383998,0.4306035558094172,3.221543018854481,0.8,0,0,0
0.4112026,0.3656695486474964,3.1524876891689533,0.9,1,1,0
0.4581589,0.46981207620978305,3.2854022188622487,0.8,2,0,2
0.5171734,0.28064391210794576,3.1141594451455146,0.9,1,1,0
0.33697438,0.4423841417927496,3.107566076688994,0.9,0,2,-2
0.4628849,0.34921760643019606,3.6540869862519325,0.8,2,2,0
0.36345628,0.4268562035339427,3.4058092136126814,0.4,1,1,0
0.4374492,0.4021172964059382,2.895593314451147,0.9,0,1,-1
0.49236315,0.319868699269844,2.956623811079363,0.9,0,0,0
0.5043461,0.35845970408883804,3.071928094887362,0.8,1,1,0
0.5240604,0.23628185917566824,2.991114850055186,0.7,1,0,1
0.43510082,0.3720908905313639,2.990295160090377,0.9,1,1,0
0.3592125,0.4639913323096896,2.927607301917491,0.9,0,0,0
0.45639148,0.3534828586267949,3.044394119358454,0.8,0,0,0
0.47095144,0.27358097438260287,3.0239217461818537,0.8,1,0,1
0.44493985,0.3849540022033216,2.95311500557286,0.9,0,1,-1
0.3788317,0.37651079929680364,3.0123511323638086,0.9,0,0,0
0.4889362,0.4505403989958512,2.9830749314332756,0.8,0,1,-1
0.5293175,0.43040058063306796,3.1256421971588098,0.9,0,1,-1
0.35520068,0.40139414846777216,1.7574839898128798,0.8,0,1,-1
0.5041567,0.3732892560906856,2.4155815962845733,0.8,1,2,-1
0.54776883,0.34783930970062776,2.0978548143998657,0.9,2,0,2
0.41324034,0.45345466713253113,2.256908989558354,0.6,0,1,-1
0.4612701,0.40910305761006655,2.728948870365158,0.9,0,0,0
0.38222575,0.36101861386657524,3.1702295713931186,0.7,1,1,0
0.50071067,0.28956714338630873,2.776778210932318,0.9,0,0,0
0.46457464,0.48550934878264346,3.224254326922532,0.9,0,0,0
0.48612905,0.33352025952815606,2.822683189255492,0.9,1,1,0
0.5218382,0.3547006563933948,2.983532376987733,0.9,0,0,0
0.397234,0.34597156770271364,2.038159681645953,0.5,0,0,0
0.45822448,0.43693803596782155,2.1701348924281936,0.8,0,0,0
0.5295312,0.357394303706072,2.205109900073869,0.8,0,1,-1
0.50598854,0.2878218615560254,3.1487526365181733,0.8,0,1,-1
0.33681896,0.4343979561783995,2.927607301917491,0.9,1,1,0
0.4408323,0.35489807496138903,3.189010909298125,0.6,1,1,0
0.4471042,0.415003142058393,3.1717897106839215,0.7,1,0,1
0.4645314,0.37744127387110993,3.1924876891689533,0.9,0,0,0
0.45488852,0.38940746890165523,2.7751070248348757,0.9,1,0,1
0.40031374,0.32512660138206295,1.947562303690023,0.8,1,0,1
0.4206482,0.4488489319832168,3.076422281485523,0.9,1,0,1
0.39249298,0.3496173550774195,2.3723887561033683,0.9,1,0,1
0.38411236,0.4445697750050201,0.9182958340544896,0.6,0,2,-2
0.44492438,0.3930183728812557,1.8512268158971918,0.7,0,0,0
0.4969211,0.34512702164124326,0.9219280948873623,0.8,0,1,-1
0.3024846,0.3974546599845721,0.9957274520849255,0.7,0,0,0
0.44750607,0.43276124813773265,0.9886994082884976,0.9,0,0,0
0.46606052,0.29286288293577484,1.9241743523004413,0.5,2,0,2
0.5269034,0.38239916594426265,2.4682734124061354,0.9,0,1,-1
0.19398227,0.47897825669288163,0.7219280948873623,0.4,2,0,2
0.40257344,0.3991131057620348,1.5451531398349103,0.9,0,1,-1
0.40284407,0.37660115592989163,1.0957952550009336,0.8,1,1,0
0.5206763,0.4591739405702305,1.9386245385594778,0.9,0,1,-1
0.5465715,0.2957186363805754,1.5751145914106575,0.8,1,0,1
0.46983647,0.4820961870688291,3.266574129299665,0.9,3,1,2
0.43022928,0.3143482307477342,3.169025573643651,0.7,2,1,1
0.49700478,0.4857227916517656,3.2438561897747245,0.8,1,1,0
0.53369814,0.4125683229292303,2.867353772834994,0.9,1,0,1
0.5454436,0.36098296682155984,3.1088120788437013,0.8,3,1,2
0.48873046,0.3682830259209518,3.4043473322310227,0.9,1,1,0
0.4419141,0.30633420092824937,2.812530954073507,0.8,1,2,-1
0.4395046,0.29171148092163307,2.8121437944543586,0.9,0,1,-1
0.47416154,0.320468775086333,2.95750509427529,0.9,0,0,0
0.43742082,0.31850372668630306,2.7179444411998217,0.9,1,0,1
0.5020725,0.4158455580710372,3.3999766501486803,0.9,0,1,-1
0.5628401,0.36106838305923317,2.9326385523095064,0.9,1,1,0
0.41631946,0.45216231584548927,3.039259108777986,0.9,1,0,1
0.51713115,0.3906848513256342,3.3582113741093194,0.9,1,0,1
0.539618,0.4481226911504281,3.0464877462766293,0.9,0,0,0
0.46362105,0.4580277972102807,3.045768585911709,0.8,0,0,0
0.515165,0.26275280370044024,1.5849625007211565,0.8,1,0,1
0.3760347,0.3892074324374737,2.1577174691301484,0.9,0,1,-1
0.49361092,0.4041222498686687,2.190468570732828,0.6,0,1,-1
0.37725532,0.4017854457089904,2.2712968237546782,0.9,1,0,1
0.39803654,0.4251331436470105,2.2998963911678914,0.4,2,0,2
0.39211708,0.36799221104725455,2.9226799244444974,0.7,1,1,0
0.4021853,0.3876594787972935,2.384183719779189,0.8,2,1,1
0.5401381,0.3484781959668089,2.3433546214047736,0.9,0,0,0
0.508302,0.4726138515441538,2.526280481683624,0.9,1,0,1
0.5268349,0.4581928975277661,2.8272085933443494,0.9,1,0,1
0.4348771,0.41841653034507875,3.1489444208309094,0.6,1,1,0
0.4824277,0.45963217058379424,2.8798554875455857,0.9,0,2,-2
0.29953232,0.3658181647661881,3.1301249653149705,0.7,2,0,2
0.39238322,0.3380990224516464,3.028991962451992,0.8,1,0,1
0.49835885,0.35430909630567947,2.9081733366826743,0.9,0,1,-1
0.47421998,0.43030720951995904,3.090347275584621,0.7,2,1,1
0.42584914,0.4958367501611325,3.839477400186531,0.5,2,0,2
0.36542884,0.4458905751190893,3.0723279884492234,0.8,1,0,1
0.45750156,0.19319372286687808,2.986350030255313,0.8,1,0,1
0.40530032,0.40341850047410166,3.1944806448504592,0.5,0,1,-1
0.5018467,0.37944622288574725,2.908173336682674,0.9,0,0,0
0.46242732,0.35557439385143347,2.986350030255313,0.8,1,0,1
0.45218408,0.275787980260174,3.083156797086042,0.9,1,0,1
0.42952186,0.3020861940769208,2.8798554875455857,0.9,3,0,3
0.5241452,0.4040151230649661,2.9728488200423997,0.9,0,2,-2
0.44107413,0.3804252195059398,2.823490576469806,0.9,1,0,1
0.5223007,0.35016713591731863,2.9738513896100454,0.9,1,0,1
0.44405475,0.4069879124534141,3.1026478904820527,0.6,0,0,0
0.5019958,0.398554895108814,2.823490576469806,0.9,0,0,0
0.469003,0.3617968760824779,2.8515895533744873,0.9,0,1,-1
0.4154539,0.39496708800052405,3.02544195406668,0.9,0,1,-1
0.52894926,0.348271627360214,2.872253928364927,0.9,0,1,-1
0.3544911,0.4747465383071307,3.1301249653149705,0.7,0,1,-1
0.46419734,0.38845666709676047,2.944452798531527,0.8,1,1,0
0.38627982,0.2859271738989468,2.762841868471255,1.0,1,1,0
0.37333718,0.4495306087435824,3.0595608142862885,0.8,0,1,-1
0.42592013,0.4262458502431006,3.0315513539183025,0.9,1,0,1
0.3365412,0.4620628830052928,2.9414873698385327,0.9,0,0,0
0.44797653,0.3356738728416405,3.0220670436645483,0.8,0,1,-1
0.4338064,0.3703262869915995,2.927607301917491,0.9,0,1,-1
0.42375302,0.35130149731294213,2.8311845963584887,0.8,0,0,0
0.36826456,0.3198815565915748,3.0443941193584534,0.8,2,1,1
0.4832059,0.32308083989594344,2.8311845963584887,0.8,0,0,0
0.51854765,0.40828491444315207,2.9793394888389986,0.9,2,0,2
0.39289707,0.39006636042906645,3.130188807246766,0.7,2,1,1
0.47701845,0.3537187189151626,3.240182188043256,0.7,0,1,-1
0.3685225,0.4431778188858208,3.2177178428759565,0.7,0,2,-2
0.3284272,0.4109962098665905,3.2078268046393696,0.6,1,0,1
0.39969197,0.4173194763044089,3.273834987116694,0.9,0,2,-2
0.49266964,0.34080225719315876,3.0254419540666806,0.9,1,0,1
0.5445491,0.17254301496324667,3.0151831553653174,0.9,1,0,1
0.37495685,0.45441465057984415,3.2473344554552273,0.7,0,1,-1
0.2601327,0.45242192318712326,2.8798554875455857,0.9,1,0,1
0.46861854,0.36664739553968717,4.037401197654112,0.1,2,0,2
0.4103964,0.30033442574798114,2.910850294564907,0.9,0,0,0
0.5322659,0.3925990931688346,3.090573228613232,0.9,0,0,0
0.35751683,0.39037560927978243,2.8678930955604414,0.9,0,1,-1
0.43413982,0.3735208285190146,2.913452314834227,0.9,0,0,0
0.5016138,0.3158722130789447,2.867353772834994,0.9,0,0,0
0.47538903,0.4608902706667232,3.618078209349709,0.4,1,3,-2
0.42860743,0.42312209164653697,3.5008145836939115,0.6,2,1,1
0.5531451,0.3813476930424661,3.391911650316676,0.9,1,0,1
0.3514304,0.25882451676797774,2.9276073019174915,0.9,1,0,1
0.49734676,0.41533790447608276,3.3984324556281376,0.9,2,0,2
0.53636867,0.4593221488515932,2.9187140524716635,0.9,2,0,2
0.46209863,0.37083624023840656,2.776778210932318,0.9,0,0,0
0.36569196,0.3913271509032585,2.823490576469806,0.9,1,0,1
0.33678195,0.47210772988562205,2.986350030255313,0.8,1,1,0
0.4705692,0.4130970498574616,2.916499308617005,0.8,0,0,0
0.56738514,0.3543010989856332,2.8791474648822764,0.9,3,0,3
0.4299827,0.4019029233301586,2.8515895533744873,0.9,0,1,-1
0.4080253,0.48302715988441514,3.4375,0.4,2,0,2
0.46314856,0.4463176901911887,3.1438638114136643,0.9,2,2,0
0.47971687,0.4526898624564884,2.8798554875455857,0.9,0,0,0
0.47109982,0.35934145779162796,2.966730910109844,0.9,0,0,0
0.48575658,0.3165587194040191,3.2990132139776525,0.9,1,0,1
0.47505525,0.40343030138952685,3.277175662550814,0.9,2,1,1
0.4228645,0.33232285303027165,2.8723887561033687,0.9,0,0,0
0.33677116,0.34025008445131794,3.2138651219508536,0.7,1,0,1
0.46868455,0.44384531508979985,2.8512809122619043,0.9,0,0,0
0.5313938,0.36480106320765365,3.066532536373009,0.9,2,0,2
0.5388519,0.3736370218274705,2.8512809122619043,0.9,0,0,0
0.5374921,0.4342657329283083,2.970033703884394,0.9,1,1,0
0.43584523,0.20847953278579937,2.9793394888389986,0.9,1,0,1
0.27928486,0.32941924735990646,2.8851204539117536,0.8,0,1,-1
0.40854234,0.4525234067551467,3.2098640605187096,0.8,2,1,1
0.46439168,0.3588688688652109,3.462677880771314,0.8,2,2,0
0.48415276,0.36258150144026846,2.895593314451147,0.9,1,0,1
0.46400088,0.4184522829097088,3.3323755402527975,0.8,1,2,-1
0.33408177,0.3686058453073073,3.0443941193584534,0.8,2,0,2
0.4654599,0.4043977840327833,3.192024663059815,0.8,1,2,-1
0.44951916,0.4219179187134222,2.98245300165137,0.8,2,0,2
0.42557058,0.3607388594048916,3.0690484393180983,0.9,0,0,0
0.44837224,0.4310797909023557,3.522189872165821,0.5,0,1,-1
0.4856432,0.3340124798440461,2.823490576469806,0.9,0,0,0
0.41922033,0.34814015598951886,3.0,0.8,0,1,-1
0.3440794,0.44830824524184826,2.8226831892554927,0.9,1,0,1
0.49535722,0.3348716252182183,2.8851204539117536,0.8,1,1,0
0.48033455,0.43849079393287455,2.916499308617005,0.8,0,0,0
0.5029187,0.3525313758692675,3.3729630222399276,0.7,1,0,1
0.40740907,0.4359333636758206,3.2130922387927416,0.7,0,2,-2
0.20057489,0.4739795640417026,3.2473344554552277,0.7,0,1,-1
0.48062134,0.46564377368588894,3.34439985755581,0.9,1,0,1
0.45747146,0.4262889116387094,3.147191429566854,0.8,0,1,-1
0.4432122,0.375903908652398,2.8723887561033687,0.9,0,0,0
0.36661565,0.45722358108138295,2.9108502945649066,0.9,0,1,-1
0.40637997,0.3912489405509813,2.8798554875455857,0.9,0,0,0
0.4956116,0.4468150550554999,3.0621735653919635,0.9,1,0,1
0.4799692,0.32395123583881663,2.8226831892554918,0.9,0,0,0
0.46614048,0.47122304635185003,3.085274632722953,0.9,2,0,2
0.27759725,0.44288361520567854,3.0721401598021085,0.8,1,1,0
0.45929375,0.37709512432416314,3.0123511323638086,0.9,2,0,2
0.44599187,0.3259390098341356,3.106603137064474,0.8,0,0,0
0.4931246,0.24759652160439943,2.941487369838532,0.9,1,0,1
0.4942652,0.3804363614060581,2.9861590888272933,0.9,1,1,0
0.5001392,0.3515024520458213,2.822683189255492,0.9,0,1,-1
0.43585658,0.4364919498615703,3.0890288038043776,0.9,1,1,0
0.50794655,0.3133539379255807,2.910850294564907,0.9,1,0,1
0.3597036,0.3251315277198741,3.1088718484453604,0.7,0,0,0
0.546911,0.4919063100942419,3.11890288900027,0.9,2,0,2
0.5103909,0.36174804846883857,3.0212406251802895,0.9,0,0,0
0.45875385,0.18155180319786687,3.0077174691301485,0.9,2,0,2
0.5419472,0.41574815428130135,3.123024227102956,0.8,0,0,0
0.48882556,0.24860127214471786,2.8955933144511468,0.9,0,0,0
0.5070551,0.47120135603732044,3.386158693081419,0.9,2,1,1
0.44842616,0.45229724261687065,3.2849097610360345,0.9,2,1,1
0.47387588,0.3619561864830347,3.0225797618424917,0.9,1,1,0
0.43201554,0.46686972896663237,3.5585485596466593,0.8,1,0,1
0.45059705,0.39266372318300535,3.3264539300465974,0.8,1,0,1
0.50790685,0.3924895474812269,2.8798554875455857,0.9,0,1,-1
0.48301128,0.28945094702123364,2.8876718403890336,0.9,0,1,-1
0.45734486,0.3135118469052229,3.1565803937280443,0.8,1,0,1
0.4333149,0.4120452598102144,2.921981709849717,0.9,1,1,0
0.5339039,0.33170248614725184,2.9081733366826743,0.9,0,1,-1
0.44830516,0.30584768756668196,2.9984374273449923,0.95,1,0,1
0.43536842,0.4391882089493184,2.8798554875455857,0.9,0,0,0
0.51345384,0.2881275443033136,2.941487369838532,0.9,0,0,0
0.4858056,0.41171639614029293,3.0392203990035775,0.9,0,0,0
0.4223024,0.4027090186814778,3.1018627494483315,0.7,1,0,1
0.44677398,0.2800790242791965,2.9276073019174915,0.9,0,0,0
0.58583295,0.2028022896743434,3.558813890331201,0.4,2,0,2
0.46088535,0.4473519345626547,2.999961692842935,0.9,0,0,0
0.39128312,0.36893487832315186,3.196231565022865,0.7,0,1,-1
0.42054844,0.4260764437536613,3.0931254962522607,0.9,0,1,-1
0.45000413,0.41511827334847196,1.906037310819747,0.9,2,1,1
0.4323274,0.3832724667614989,1.8248169862168622,0.9,2,0,2
0.43851033,0.34377549333776725,0.9886994082884976,0.9,1,0,1
0.38833827,0.4869138752318757,2.4650760318621074,0.8,3,2,1
0.47057027,0.47347585825330407,2.248471333066727,0.9,2,0,2
0.46752372,0.34776075281024504,3.024090852510247,0.8,2,1,1
0.44298658,0.37206277872464444,3.0098313178768508,0.9,0,2,-2
0.44680133,0.4735565893457888,2.963134910393311,0.9,0,0,0
0.4967587,0.41109282256169566,3.163939943645512,0.9,2,0,2
0.45917168,0.3610065808478949,3.127568361987924,0.9,0,0,0
0.46400765,0.3747194474069404,2.928439190827718,0.8,0,0,0
0.45576233,0.3571648799453795,3.1292830169449664,0.8,0,0,0
0.47940406,0.32413146405786175,2.9081733366826743,0.9,0,0,0
0.4289048,0.46419117162817597,2.9081733366826743,0.9,1,1,0
0.5446714,0.4181467600539599,2.8798554875455857,0.9,0,1,-1
0.4710936,0.4205499224516591,2.9156330140118576,0.95,0,0,0
0.48603833,0.3026492768780193,3.1360606717284214,0.7,1,0,1
0.46048236,0.36198345234455087,2.8311845963584887,0.8,2,0,2
0.43950722,0.45144079585605457,3.095461844238322,0.9,0,0,0
0.36240152,0.4280393477495927,2.927607301917491,0.9,0,0,0
0.5364585,0.3699151323109503,1.5451531398349103,0.9,0,0,0
0.4065617,0.518762989169338,-0.0,0.9,0,0,0
0.47123867,0.4503703717011728,0.9886994082884976,0.9,1,2,-1
0.44581535,0.4242262058955943,0.9612366047228759,0.8,0,1,-1
0.4907927,0.4549784241053133,-0.0,0.9,0,0,0
0.5336065,0.3931866188839189,3.261988406153136,0.95,2,0,2
0.471581,0.4235609460887116,3.028991962451992,0.8,0,1,-1
0.44113338,0.3953408692483508,3.008095002452907,0.9,1,1,0
0.39681703,0.48123694351510077,2.8955933144511468,0.9,2,0,2
0.48124698,0.44237083887792705,3.021240625180289,0.9,2,0,2
0.47003147,0.3268069078605143,3.3798164766799648,0.8,0,1,-1
0.44306526,0.4006638066380553,2.9276073019174915,0.9,0,0,0
0.37832576,0.325551042124971,3.9148663038831004,0.2,1,1,0
0.48394248,0.3089662874405962,3.2611323036281195,0.8,1,0,1
0.23933001,0.47043727444118355,3.4686365436008777,0.4,1,0,1
0.33921245,0.4595254450162666,2.908173336682674,0.9,0,1,-1
0.507553,0.3927539769250701,2.776778210932318,0.9,0,0,0
0.49320507,0.3180325018261644,3.128920938241478,0.8,0,0,0
0.44423828,0.3849117220295945,2.9081733366826743,0.9,1,1,0
0.46723044,0.402541628268214,2.986350030255313,0.8,0,1,-1
0.53690684,0.1962616887046973,3.0668829917422458,0.7,1,1,0
0.45295143,0.3537771136749748,2.9830749314332756,0.8,0,1,-1
0.492092,0.37646713155556655,3.0262804816836244,0.9,2,1,1
0.4376819,0.37401974685693046,2.8574221168384883,0.8,0,1,-1
0.39777473,0.4492724022778235,3.134183719779189,0.8,0,1,-1
0.38314188,0.4239424878821286,2.8798554875455857,0.9,0,0,0
0.514884,0.3929066048772864,3.09959222400268,0.9,1,1,0
0.52655244,0.37018609723534596,3.1822481105691014,0.8,0,0,0
0.35685515,0.38447599348086386,2.947056898478542,0.7,1,0,1
0.4402306,0.37096227920386116,3.090347275584621,0.7,0,1,-1
0.511066,0.24036580974801702,3.2384951109519804,0.8,2,0,2
0.46873882,0.41744177629908175,3.083375621032174,0.9,0,1,-1
0.47924381,0.48261767269897116,3.63716497094187,0.5,2,1,1
0.42981842,0.3449130172800772,3.197061501013692,0.9,1,2,-1
0.32070747,0.3244079419169986,3.201339177895226,0.9,0,0,0
0.500147,0.49591866285840874,2.728948870365158,0.9,0,1,-1
0.40581402,0.34776999369265077,2.8798554875455857,0.9,0,0,0
0.4970451,0.2928613428915491,2.8851204539117536,0.8,0,0,0
0.4995109,0.4004536511180012,3.4138338639736006,0.5,3,0,3
0.33476985,0.38320931533552716,3.0874628412503395,0.8,2,0,2
0.4384114,0.3871948743589627,3.3656365760772857,0.8,1,1,0
0.5719838,0.38864740583052204,2.9561787304889204,0.9,0,0,0
0.48190162,0.38339590774828075,3.2982974402466856,0.9,2,1,1
0.4891193,0.3340071254323606,3.0216406363433186,0.8,1,1,0
0.28631246,0.3685936775825923,3.239353872167201,0.7,1,0,1
0.400222,0.3405341922608288,2.950108303452454,0.8,1,0,1
0.44755924,0.4219411126142729,3.103909910282364,0.8,1,0,1
0.409644,0.35777849268826145,3.0212406251802895,0.9,1,0,1
0.38621545,0.403753819860721,3.1717897106839215,0.7,0,1,-1
0.5572208,0.3672904654751837,3.07173502713817,0.9,2,0,2
0.44515678,0.3245031060171834,0.9975025463691152,0.9,0,0,0
0.3544773,0.4067676400082709,0.9886994082884976,0.9,1,2,-1
0.49901843,0.31786783051573897,-0.0,0.9,1,0,1
0.43530074,0.3644660891122805,1.5243166733459836,0.9,2,1,1
0.22949219,0.4376038939416854,1.0,0.5,0,1,-1
0.46988463,0.35063248609774716,2.8798554875455857,0.9,0,1,-1
0.44813105,0.3632033936168362,2.8798554875455857,0.9,0,1,-1
0.24054916,0.4043128270116083,2.908173336682674,0.9,1,0,1
0.43748242,0.4269420728984703,2.8311845963584887,0.8,1,0,1
0.526886,0.48470795332719446,2.776778210932318,0.9,1,1,0
0.54079974,0.3696076885399084,3.021240625180289,0.9,1,0,1
0.44384947,0.38484473982417833,3.0212406251802895,0.9,1,1,0
0.42654192,0.42511462323701676,3.028991962451992,0.8,2,0,2
0.4630405,0.3672655376945741,2.941487369838532,0.9,0,0,0
0.3729586,0.43030012536129136,3.1075660766889937,0.9,2,0,2
0.49137756,0.3878207677478459,2.1811509331628502,0.7,0,1,-1
0.40464017,0.3142137463081118,-0.0,1.0,0,1,-1
0.5083533,0.3249989849486907,0.9798687566511528,0.7,1,0,1
0.49813104,0.390140805626468,1.9141701112307732,0.8,1,1,0
0.44112223,0.3370977294536013,0.9957274520849255,0.7,0,1,-1
0.43495774,0.315310086175347,2.9830749314332756,0.8,2,1,1
0.3552517,0.3355530070587274,2.776778210932318,0.9,1,0,1
0.3842468,0.3283818210968018,3.0080950024529063,0.9,0,1,-1
0.5138891,0.36586904593405417,3.0212406251802895,0.9,0,1,-1
0.4031185,0.3911536724181681,2.9333760404085045,0.9,0,2,-2
0.4679365,0.364475753641893,2.9081733366826743,0.9,0,1,-1
0.3876941,0.39586063637073066,3.2601029958115846,0.9,2,0,2
0.4415819,0.4311444197212201,3.392724500323634,0.8,0,3,-3
0.43046784,0.33296111367195436,3.01867904060296,0.9,1,0,1
0.5013407,0.4430504379291237,3.0996660963841594,0.9,0,2,-2
0.42221415,0.3915672323654903,2.823490576469806,0.9,0,0,0
0.38800395,0.4274663732508468,2.8798554875455857,0.9,0,0,0
0.39309514,0.3224676019382458,3.0,0.8,0,0,0
0.43048817,0.43505775212852205,3.0595608142862893,0.8,1,1,0
0.40611705,0.3701808233571619,3.4058092136126814,0.4,2,0,2
0.45527285,0.31443527297955853,3.0339433670493876,0.7,1,1,0
0.49128997,0.4061456067558575,3.2618583834477746,0.8,0,0,0
0.4954162,0.3273648558829349,3.325871146123145,0.8,1,1,0
0.5613312,0.3597286258539782,3.187179297884551,0.8,1,0,1
0.39396295,0.4270128465389933,3.1702295713931177,0.7,1,0,1
0.28042257,0.3945832118748638,0.9182958340544896,0.6,0,0,0
0.4874306,0.22871622000745973,0.9612366047228759,0.8,2,0,2
0.31535947,0.3987474590747895,0.8904916402194913,0.9,0,1,-1
0.3223325,0.388457330297204,0.9798687566511528,0.7,0,1,-1
0.4588081,0.416104661220574,0.9612366047228759,0.8,0,0,0
0.315001,0.36987759889285626,2.823490576469806,0.9,0,0,0
0.42975682,0.444415823142253,2.9674384307249486,0.8,0,1,-1
0.4768869,0.3570904155644412,3.0,0.8,1,0,1
0.38060462,0.37031571739332036,3.0,0.8,1,1,0
0.35120833,0.4052872947064126,3.139174227036076,0.7,1,1,0
0.39900878,0.4037689017124676,3.044801661238701,0.8,0,0,0
0.46939212,0.4250428435800925,3.078381471567622,0.9,0,1,-1
0.5151264,0.43176780359098543,3.2137779013844128,0.9,1,0,1
0.3931715,0.4665709442964254,4.004886164091842,0.1,0,1,-1
0.36761722,0.4706719869544293,2.9081733366826743,0.9,0,1,-1
0.53189987,0.4491005670686754,3.7017462633866525,0.8,2,1,1
0.4964247,0.39812359916681955,3.557931390543511,0.9,1,2,-1
0.539998,0.4044581578417072,3.693344863722962,0.7,1,2,-1
0.4251588,0.47007507347667377,1.657742726504889,0.5,1,1,0
0.43862957,0.3183193930593458,3.739572261986723,0.6,1,0,1
0.38982904,0.34483522148508877,2.071111001423678,0.8,0,0,0
0.47424823,0.40351445356141324,1.9076604601183145,0.9,0,0,0
0.490221,0.34483940998573576,1.957405811425518,0.8,2,1,1
0.48480484,0.4721641973095783,1.4577174691301484,0.9,0,1,-1
0.5080694,0.348586330552104,1.5810309627563695,0.7,0,1,-1
0.41615856,0.4974541853580202,2.7312867722513543,0.8,3,2,1
0.50539565,0.3646360350537683,1.888102070191481,0.9,2,1,1
0.5119413,0.3595819123185219,0.9774178175281716,1.0,1,0,1
0.44623166,0.3196273376696819,1.4466479595102752,0.9,0,0,0
0.3541622,0.432833766628884,0.9182958340544896,1.0,0,0,0
0.40883872,0.30110719688237236,2.183871113218153,0.9,0,0,0
0.3426183,0.36808948902329264,-0.0,1.0,0,1,-1
0.437838,0.493341066586664,-0.0,0.5,1,1,0
0.35148168,0.4694670968775827,-0.0,1.0,0,0,0
0.45196903,0.3115395313225294,1.9686551350647838,0.9,0,1,-1
0.42154232,0.46463611118620324,3.1395488914336607,0.9,1,0,1
0.56322366,0.35739295150269124,3.0719689524951037,0.8,1,0,1
0.4190966,0.439555161062028,3.359120372720815,0.6,2,1,1
0.37704885,0.3592395383019606,3.2757628128287495,0.8,0,1,-1
0.44392863,0.41026468925655507,3.5218916754005605,0.6,0,2,-2
0.27223748,0.36767776586486856,0.8812908992306927,0.7,1,1,0
0.44795167,0.21869666416807276,1.9746017527145812,0.7,1,0,1
0.33962947,0.3108244877325623,0.8112781244591328,0.9,1,0,1
0.34935582,0.436652191855495,1.565596230357602,0.6,1,2,-1
0.47912034,0.39804682567115673,1.4806821149663847,0.8,1,1,0
0.3801874,0.38344141229521667,3.33198056664107,0.7,0,0,0
0.4381247,0.473454600003092,3.3535339485774815,0.6,1,0,1
0.45064452,0.2884853610494315,2.9738513896100454,0.9,0,0,0
0.42717612,0.34272392488391384,3.426145025155984,0.8,2,1,1
0.41299358,0.32713696647997675,3.4900141868968597,0.7,0,3,-3
0.35549408,0.4770909376645324,3.1776942711037672,0.6,1,1,0
0.5057752,0.3178481522203787,2.444826957424912,0.9,2,0,2
0.4048864,0.4839076164406948,4.087462841250339,0.1,1,0,1
0.35941222,0.38067558419295516,1.9149798205164812,0.9,0,1,-1
0.40960106,0.32706721299584834,2.0458416408851736,0.6,1,1,0
0.45593512,0.4259742840925486,3.2922440311080305,0.8,1,2,-1
0.38439885,0.4158696021239066,3.20945336562895,0.8,0,1,-1
0.37538663,0.4068324925702496,3.9148663038831004,0.2,2,0,2
0.37032792,0.2974525083622794,3.0510050526598267,0.9,1,0,1
0.46586326,0.3213582177186378,3.3336606896881857,0.8,1,0,1
0.51945955,0.39246950221288734,3.376521371273782,0.9,1,2,-1
0.44636163,0.3798640213618213,3.4518411137950777,0.8,0,2,-2
0.43360242,0.3811836354125407,3.5472044750881655,0.9,0,2,-2
0.47873533,0.4431078640494633,3.3627402784989338,0.9,0,1,-1
0.4530989,0.2609385092130471,3.502813545025548,0.8,1,0,1
0.355082,0.3140278754628754,3.284434343932502,0.7,2,0,2
0.41698834,0.44699057137326426,2.941487369838532,0.9,1,1,0
0.3630544,0.3881650133162612,2.9439791689648587,0.9,0,0,0
0.47011772,0.41512553446976025,3.2900060680977643,0.6,0,2,-2
0.39439353,0.41649472663891457,3.0513050676011333,0.7,0,0,0
0.49646246,0.3377463450870573,2.821558297488598,0.9,1,0,1
0.4635205,0.39515184239244333,2.776778210932318,0.9,0,1,-1
0.3697845,0.39959388234344617,3.0485634360323997,0.9,1,1,0
0.4490449,0.2596085616392473,3.0,0.8,3,0,3
0.36299837,0.4093759304622366,3.1489444208309094,0.6,2,0,2
0.4739601,0.47382726374475226,2.485956949243467,0.8,1,1,0
0.5417625,0.43294589314053783,2.3930256874199403,0.9,1,0,1
0.44837174,0.47752387292869564,1.9173570203484227,0.8,3,2,1
0.49540517,0.3575739455528587,1.3779630390761746,0.9,0,0,0
0.40385056,0.41374334947814273,0.9612366047228759,0.8,0,1,-1
0.42214715,0.4033530658652288,0.9709505944546686,0.3,1,1,0
0.42011252,0.41963493803782664,1.5,1.0,0,0,0
0.4903206,0.30506829120456624,1.544024096481951,0.9,2,0,2
0.52535224,0.3962776761118465,1.9869608142719164,0.7,0,0,0
0.46706623,0.3761331378243792,1.5820239409642765,0.8,1,0,1
0.42540184,0.414481702763377,2.8798554875455857,0.9,1,0,1
0.42896378,0.3868818029042257,3.1087813061987752,0.8,1,0,1
0.44331852,0.3175340026057695,3.0212406251802895,0.9,2,0,2
0.5063401,0.4669214126434829,3.0570081411122447,0.9,1,0,1
0.39815015,0.46203273121224303,2.776778210932318,0.9,0,1,-1
0.38426265,0.3157055072218202,0.8904916402194913,0.9,1,0,1
0.46638888,0.4034084968982417,-0.0,0.9,1,0,1
0.44414175,0.28062981337376,1.5715416718219246,0.7,1,0,1
0.42977756,0.42539374845099936,1.8833830982290134,0.7,0,1,-1
0.3090519,0.38960029259389467,1.5545851693377994,0.5,0,0,0
0.43923432,0.3229475234423659,2.8515895533744864,0.9,0,0,0
0.31948406,0.3480994482606724,3.071928094887362,0.8,2,0,2
0.52453697,0.3116170642023226,3.1002885002963083,0.9,0,0,0
0.45826474,0.2098995824270007,3.174800843976225,0.8,1,0,1
0.46557817,0.3962475069808362,2.933682142389265,0.9,1,0,1
0.5275813,0.3241782237694343,3.289931114537146,0.9,0,1,-1
0.47915676,0.36779621350739133,2.9093680639438846,0.8,0,0,0
0.3838126,0.4409327230239264,2.916623811079363,0.9,0,0,0
0.4420511,0.42984564878346854,3.113026812305206,0.8,1,0,1
0.49737436,0.4296450546007056,3.1009124891153417,0.8,2,1,1
0.42685232,0.4301016018090196,3.2390188274774263,0.9,1,0,1
0.52455056,0.25367707502133113,3.2058779235082384,0.7,1,0,1
0.5204535,0.37028418501561516,2.9414873698385327,0.9,0,0,0
0.45460412,0.44094752363188694,3.267601311512056,0.7,0,2,-2
0.44861162,0.34182079774768137,2.9851817976423103,0.9,1,1,0
0.43688205,0.3389197307569461,2.867353772834993,0.9,0,1,-1
0.40893188,0.3237180059668349,3.01867904060296,0.9,1,0,1
0.32770815,0.36170004946911677,3.0443941193584534,0.8,1,0,1
0.5051401,0.3432659989315228,2.9738513896100454,0.9,1,2,-1
0.46714848,0.40893321863359594,2.9738513896100454,0.9,0,1,-1
0.51296425,0.4385029723603236,2.3464393446710154,0.8,1,2,-1
0.42506015,0.39774006048885324,1.3995812306460644,0.8,0,1,-1
0.36900878,0.32039326820747815,2.163215692534584,0.8,2,0,2
0.42488042,0.4749051098692321,3.0455239599203225,0.7,2,1,1
0.3915335,0.38976975519759577,1.8016094970590275,0.8,1,0,1
0.5246667,0.40561731061387213,2.9458108318613303,0.9,0,1,-1
0.4133705,0.38175300889681857,3.004216924947433,0.8,1,0,1
0.50192046,0.31271666543730664,3.062173565391964,0.9,0,0,0
0.43950722,0.45144079585605457,3.0621735653919635,0.9,0,0,0
0.51320493,0.3503288266227264,3.046593564294938,0.8,1,0,1
0.5499037,0.31605366682406283,2.9793394888389986,0.9,0,2,-2
0.33924973,0.47451032284950945,3.4225779953216042,0.5,0,1,-1
0.47687843,0.35942738029906957,2.9081733366826743,0.9,0,0,0
0.38084766,0.47754028295441886,3.1236658734343736,0.9,0,1,-1
0.49679282,0.3473719764441534,3.5031584905383863,0.6,2,0,2
0.5045608,0.3776383262532721,3.4800549498949604,0.8,3,0,3
0.46435127,0.2821051367394331,2.6415434454053344,0.8,0,1,-1
0.4480734,0.47131323994436564,3.5681275290559618,0.5,2,1,1
0.50876075,0.3875015237466419,3.3879206021262918,0.8,0,1,-1
0.28566903,0.3922559582360583,2.3716535224393334,0.8,0,1,-1
0.41171363,0.42805233120596015,1.908625047989141,0.9,1,1,0
0.46831498,0.44063241073874315,1.954685946946356,0.6,1,1,0
0.5399393,0.42684287187603287,2.6771226589248753,0.9,2,0,2
0.45527935,0.4275673325665419,1.873562518512994,0.9,0,0,0
0.50793874,0.32995025519929966,2.208102070191481,0.9,4,0,4
0.42508727,0.4273721479927854,2.9986681079564357,0.9,0,0,0
0.46491867,0.3462924960951214,3.1307512030098397,0.9,0,1,-1
0.45781937,0.4106160564462714,3.1800810637956762,0.9,0,1,-1
0.37378213,0.33888306402955637,3.1902603909683847,0.8,1,1,0
0.48629287,0.37751830724483,3.0172422014641866,0.9,2,0,2
0.378761,0.40740644349788474,3.18527924267371,0.9,3,0,3
0.34032738,0.30970980029982026,2.9747848238016035,0.9,0,0,0
0.46962225,0.21846301246350408,3.0954618442383217,0.9,2,0,2
0.5050137,0.318805403029681,3.0943105139035287,0.9,1,0,1
0.43588242,0.374462188149747,3.257367497088128,0.8,0,0,0
0.55245906,0.38174477689724384,2.776778210932318,0.9,0,0,0
0.43023413,0.26012664485017245,3.026280481683624,0.9,0,0,0
0.42591134,0.43869964433087255,3.0782433566073997,0.7,1,0,1
0.4452907,0.32615571772762275,2.8798554875455857,0.9,1,0,1
0.4228649,0.44846063041174605,4.087462841250339,0.05,1,0,1
0.47922432,0.3634145459207896,3.039563256665049,0.9,0,2,-2
0.41293523,0.4740374329103509,2.8226831892554927,0.9,0,1,-1
0.40001315,0.2534862753326645,2.9813597135246597,0.8,1,0,1
0.47004083,0.3234668833016043,3.0689594699403453,0.9,1,0,1
0.4390253,0.2826044206734027,3.1418635767565624,0.9,1,0,1
0.44569477,0.3167023348229727,3.1289209382414778,0.8,2,1,1
0.4073157,0.4062512569132415,2.951737964209448,0.9,0,1,-1
0.49870434,0.40308006081251746,3.223590953609844,0.8,0,2,-2
0.44375858,0.33380285924610764,2.8515895533744873,0.9,1,0,1
0.4308939,0.39889115791102503,3.2065465788090854,0.8,1,0,1
0.45796645,0.5012612710333316,3.0636173049981066,0.8,0,2,-2
0.43211806,0.5103714065331699,3.1753826237409677,0.8,1,0,1
0.51622903,0.3509277759564814,3.2618421881310113,0.8,2,0,2
0.54568213,0.38473880774946223,-0.0,0.0,1,2,-1
0.42561466,0.38305298784666597,3.35463498945935,0.7,0,0,0
0.3466482,0.4159959560106421,2.9738513896100454,0.9,1,2,-1
0.15482399,0.4509901996867717,-0.0,0.8,1,0,1
0.5161014,0.3956012945152861,2.822683189255492,0.9,1,1,0
0.33973488,0.3905738395728317,4.037401197654112,0.1,0,2,-2
0.28076354,0.4193272208718215,2.9736746195753727,0.8,1,0,1
0.43376443,0.39152612179008583,2.2221915755066783,0.5,1,1,0
0.49234107,0.43827725960199065,2.6969108412290512,0.7,2,0,2
0.3342646,0.4602993700455662,2.5729926328348,0.8,1,1,0
0.48235485,0.2662074176367098,2.0170949781550753,0.9,0,0,0
0.50897664,0.3198189118166561,0.8904916402194913,0.9,1,0,1
0.52889454,0.3521938110789581,3.194615882860904,0.9,0,1,-1
0.35785595,0.4431571098294136,2.8851204539117536,0.8,0,0,0
0.48754674,0.3614702573588681,3.1826575788844838,0.7,1,1,0
0.34319678,0.30020589846003576,3.1301249653149705,0.7,2,0,2
0.42136687,0.46784210406066196,3.176635279303483,0.9,0,0,0
0.51667863,0.37746048594272824,3.174003631303443,0.8,0,1,-1
0.27325457,0.47022279134235073,3.09117192688693,0.9,1,1,0
0.26364687,0.4825253718404566,2.927607301917491,0.9,0,0,0
0.4245629,0.4423426976467168,3.100030641076971,0.8,1,0,1
0.3538096,0.45902620866271093,3.0077174691301485,0.9,0,1,-1
0.41195354,0.4016857417809555,3.2427459161170313,0.8,1,0,1
0.3046269,0.38357541857585625,3.1634093770885325,0.8,0,0,0
0.49312487,0.3839791090857147,3.1075660766889937,0.9,1,0,1
0.36096615,0.3463593153916921,3.2524933959140974,0.6,0,2,-2
0.3774087,0.3459408310414209,2.8851204539117536,0.8,0,0,0
0.45834693,0.4824095393984719,2.8955933144511468,0.9,0,0,0
0.5419652,0.3950551066589644,2.9720966889958764,0.9,1,0,1
0.2622044,0.4007888292960004,3.120183935661208,0.7,0,1,-1
0.38234004,0.3798630433697281,3.060540527674168,0.8,1,0,1
0.5216303,0.4522329552954236,2.940636352673266,0.8,1,1,0
0.44455367,0.43594426855528595,3.5176723896144884,0.8,1,1,0
0.43338853,0.4517260458244716,3.0081483051885383,0.9,0,1,-1
0.4613135,0.3763376923471644,3.224254326922531,0.9,0,0,0
0.48003852,0.357326229309182,3.26067896680804,0.8,0,0,0
0.4525599,0.4142736904276363,3.5245347627078796,0.6,0,0,0
0.40379468,0.335358658668549,2.957118679571792,0.8,0,0,0
0.46684852,0.46532639273748944,2.968166640552332,0.9,1,0,1
0.5179117,0.3658736933457751,2.8226831892554927,0.9,0,1,-1
0.4474812,0.3379210766740936,2.9276073019174915,0.9,1,1,0
0.37727094,0.31376069191712025,2.941487369838532,0.9,0,0,0
0.49727303,0.39051642589632113,3.107566076688994,0.9,1,1,0
0.32111314,0.3698169528050835,3.107566076688994,0.9,1,0,1
0.38392746,0.41650346518245585,3.0295519634006656,0.9,0,0,0
0.4677272,0.4097115164426781,3.195185826097172,0.9,0,0,0
0.49518195,0.4136366930162781,3.0454501601528428,0.9,1,0,1
0.46699998,0.4363224592771852,3.0212406251802895,0.9,2,0,2
0.4217777,0.3713234127210534,2.776778210932318,0.9,1,1,0
0.43000686,0.38348683985321824,2.8798554875455857,0.9,0,1,-1
0.40676773,0.4043936444030487,3.077637337279153,0.8,0,0,0
0.4597036,0.43062898616738216,2.933376040408504,0.9,0,0,0
0.42156932,0.4842921368262929,3.3144224712336676,0.9,2,1,1
0.46200168,0.37172552598808567,3.3463911722282864,0.9,2,2,0
0.52262115,0.3948390775636427,3.337677779700861,0.6,0,0,0
0.53630453,0.3146521733996279,3.0526651674407415,0.9,0,0,0
0.3955526,0.45460711887588046,3.0329440206159575,0.9,0,0,0
0.52327937,0.19950242584295852,3.7250357672477703,0.7,1,0,1
0.5191918,0.49676781595138264,3.771160508189932,0.7,2,3,-1
0.56260663,0.4468507286794706,3.6533832318944395,0.9,1,0,1
0.413606,0.4523412044678031,3.5724312513221195,0.8,0,1,-1
0.2936194,0.3456460344649872,2.2062389286533897,0.6,0,0,0
0.4585397,0.26826612449603404,3.07173502713817,0.9,1,0,1
0.5518174,0.22440743056051352,3.4375,0.4,0,0,0
0.5044593,0.3774508582945978,3.039259108777986,0.9,1,0,1
0.38932925,0.36466267936707375,3.0,0.8,0,0,0
0.51017153,0.418982170746927,3.1702295713931186,0.7,0,0,0
0.50602376,0.3852200156501836,3.5543823469564293,0.8,1,0,1
0.4560651,0.2606418185818743,3.4227750662613374,0.5,1,1,0
0.52041936,0.5093588812380668,3.7709103354256377,0.5,2,2,0
0.38191932,0.4423430361709662,3.601409765557392,0.8,0,0,0
0.5240935,0.4690367685784405,3.8588029144615943,0.4,4,1,3
0.5383134,0.390327492759789,2.973851389610045,0.9,0,1,-1
0.4327839,0.43951515679256814,2.92577063413983,0.8,0,0,0
0.36705208,0.284724958877786,3.0755907949568444,0.8,1,0,1
0.29530227,0.43764042399192377,4.058813890331201,0.1,1,0,1
0.5480929,0.3685399885759383,2.9276073019174915,0.9,0,1,-1
0.5102544,0.3595682999906126,3.167321177950593,0.9,2,0,2
0.40183198,0.35740650702610244,2.947056898478542,0.7,0,1,-1
0.3543527,0.32553938545629574,2.9631349103933107,0.9,1,0,1
0.43705794,0.26711638869911203,3.2138651219508536,0.7,3,0,3
0.5111221,0.3408287882950089,2.885174447128411,0.8,1,0,1
0.48132163,0.38452969443389423,3.0395632566650486,0.9,1,0,1
0.29213226,0.40733284666553393,3.1207256961040377,0.8,1,1,0
0.32431224,0.42968988518192985,2.7688538376159997,1.0,0,3,-3
0.48966017,0.39933196134517324,3.023465189601647,0.8,1,0,1
0.4072471,0.35238272214795474,2.990275022075664,0.8,0,0,0
0.3354359,0.2455398239930489,1.263809173883546,0.8,0,1,-1
0.33276394,0.35348775957202805,0.8112781244591328,0.9,0,0,0
0.37072384,0.3996721583860988,0.9402859586706311,0.9,1,0,1
0.42857006,0.4461241393302803,1.4713544870139295,0.8,1,2,-1
0.35310757,0.36909248989560495,0.8904916402194913,0.9,0,0,0
0.47552204,0.17131341351349103,3.185830910437532,0.8,1,0,1
0.5142617,0.4341044797715416,3.0295519634006656,0.9,1,1,0
0.5479617,0.09530554657188543,3.034185618781013,0.9,0,0,0
0.47461814,0.33770333878396397,2.867353772834993,0.9,0,0,0
0.39882508,0.3311190371218919,3.206546578809086,0.8,1,0,1
0.4475846,0.4048365246977225,2.5416091301886654,0.9,0,0,0
0.4787738,0.3926727760996396,2.229871195093384,0.8,1,1,0
0.40792236,0.30593711505585836,2.192708022385847,0.8,0,0,0
0.45088908,0.4029820621100009,1.9196905740496968,0.8,1,0,1
0.52945125,0.2126939776230935,1.4577174691301484,0.9,0,0,0
0.45572636,0.3468747487110073,3.1250982912213727,0.8,1,1,0
0.5294372,0.2731861019455201,3.0931254962522607,0.9,1,1,0
0.4787114,0.19628779713504002,2.9414873698385327,0.9,0,1,-1
0.5296434,0.36246616267932774,3.3137218755408675,0.8,2,0,2
0.5336787,0.40161687314066324,3.2871723364259595,0.9,1,1,0
0.4184893,0.39539132011660894,2.95311500557286,0.9,0,1,-1
0.33502117,0.38150423132721656,2.776778210932318,0.9,1,0,1
0.44382298,0.4336040729624957,3.1299471844774778,0.8,0,0,0
0.52917147,0.38402465842999395,2.8311845963584887,0.8,0,0,0
0.5134699,0.3778971759246667,2.921981709849717,0.9,0,2,-2
0.49555904,0.3053997917004948,3.0086120142862103,0.9,1,0,1
0.30941984,0.3338209172030081,3.0,0.8,1,0,1
0.4622086,0.38884757503129813,2.931849704144249,0.9,1,0,1
0.55246854,0.3584437361937643,3.21633910617943,0.9,1,1,0
0.48230588,0.3544165729319046,2.974784823801604,0.9,1,0,1
0.5116546,0.48287412118784184,2.8272085933443494,0.9,1,0,1
0.46357062,0.44854843550668083,2.8798554875455857,0.9,0,0,0
0.46162128,0.4922262175931156,2.776778210932318,0.9,1,0,1
0.4660327,0.31049307048345987,2.908173336682674,0.9,0,0,0
0.32733986,0.4128251732425008,2.823490576469806,0.9,0,0,0
0.38148946,0.42776235093608694,3.1673318597907256,0.9,1,0,1
0.46519113,0.30925901908957243,3.597068060354578,0.7,1,0,1
0.4398838,0.43787729178035006,2.9532289446393953,0.9,0,1,-1
0.44247696,0.365685664805624,3.256035131209403,0.7,1,1,0
0.46147725,0.35340519089510086,3.1377618519913746,0.9,1,1,0
0.37393805,0.386932908575418,2.9736746195753723,0.8,0,1,-1
0.5085045,0.34664162209479354,2.776778210932318,0.9,0,0,0
0.419835,0.4350907686293155,3.095461844238322,0.9,1,0,1
0.48930317,0.2814993354276723,3.0723279884492234,0.8,1,0,1
0.32154152,0.34924105334464667,3.5849625007211565,0.4,0,1,-1
0.44718924,0.45255028654005647,4.021928094887363,0.1,1,0,1
0.3643943,0.4368167191299628,3.229603642362166,0.8,2,1,1
0.3938146,0.34389863030167467,3.1345336485417623,0.9,2,1,1
0.3550776,0.45875411549244793,3.345719283930527,0.5,1,0,1
0.38821983,0.4713695397086977,3.3868421881310113,0.8,1,0,1
0.40947998,0.43520680888080626,1.5243166733459836,0.9,2,0,2
0.38108373,0.39514657431171285,1.5440240964819507,0.9,1,0,1
0.4777242,0.5051115056085953,-0.0,0.8,0,0,0
0.3685366,0.5060581308600075,-0.0,0.8,1,0,1
0.382869,0.3927450860724841,1.5461796919474975,0.7,2,1,1
0.4504892,0.2811919593864566,2.9333760404085045,0.9,0,0,0
0.48170742,0.3681536398441754,2.8791474648822764,0.9,1,0,1
0.47314635,0.404802030001823,3.0808978136193588,0.8,2,0,2
0.47104907,0.3705815552582101,2.990275022075664,0.8,0,2,-2
0.44808257,0.4467634067807018,3.1757473707670374,0.9,0,2,-2
0.4544329,0.2633479450449341,1.7947367178034825,0.9,1,0,1
0.43716812,0.3191616719081685,0.9967916319816367,0.8,0,0,0
0.288429,0.39258195218584796,-0.0,0.8,0,0,0
0.37757933,0.3856973832013735,-0.0,0.1,1,1,0
0.5175235,0.4066704174659642,1.9698110652780971,0.9,1,1,0
0.527221,0.2869726843089335,2.921981709849717,0.9,1,0,1
0.59542894,0.22978210688199077,3.167689443803776,0.7,1,0,1
0.49039784,0.38371938218638096,3.032944020615957,0.9,1,1,0
0.5167841,0.4484323930092645,3.0018657739084222,0.8,0,0,0
0.440118,0.3146537884675754,2.8876718403890336,0.9,0,0,0
0.4366349,0.40395533310035037,2.8798554875455857,0.9,0,0,0
0.498454,0.37105803297827217,2.8311845963584887,0.8,1,0,1
0.4751264,0.3278609937036339,3.0240908525102475,0.8,0,2,-2
0.3558636,0.4831186863237466,2.913166303130589,0.9,0,1,-1
0.44457465,0.38019555034713926,2.8798554875455857,0.9,0,1,-1
0.47287834,0.45786061031809583,3.3192984255933475,0.9,1,0,1
0.47485042,0.3838655045746244,3.145461844238322,0.9,0,0,0
0.4764087,0.3582828022143755,3.350262382509883,0.8,1,0,1
0.5325603,0.43052278676370664,3.0550771152950107,0.9,0,0,0
0.4260285,0.36111372013055953,3.06487754685171,0.8,1,0,1
0.38014507,0.4852807044019804,4.011365041826379,0.1,1,0,1
0.50243926,0.36031071217053023,3.106921028278027,0.9,0,0,0
0.49152902,0.34659651445455414,3.160565120875964,0.8,1,0,1
0.42601126,0.43801924587040797,3.2198790750512862,0.6,1,2,-1
0.48616433,0.235794887009736,2.9689250793612643,0.9,0,0,0
0.42021626,0.4268241408683487,2.9530822987655223,0.9,2,0,2
0.48181224,0.37116981099701146,2.776778210932318,0.9,0,0,0
0.2691595,0.3352437023197687,3.068084324344715,0.8,1,1,0
0.5287682,0.32607048597138655,3.0372913370098593,0.8,1,0,1
0.41012394,0.31644022384246506,2.776778210932318,0.9,0,1,-1
0.44460818,0.4717548855198955,3.1418635767565615,0.9,0,0,0
0.43894538,0.16422298504019944,3.2995301445670657,0.6,0,0,0
0.5350111,0.23945319130116705,3.343220682710995,0.7,2,0,2
0.3448139,0.3397951174853292,3.10441119255554,0.9,0,0,0
0.4353512,0.2856678344806609,3.112771984641639,0.9,1,0,1
0.43424076,0.4365831911290793,3.5766176449086657,0.3,0,1,-1
0.40643546,0.4148397711049835,3.0276327405541132,0.7,1,0,1
0.36730468,0.416494199542258,2.3667452542142176,0.9,0,2,-2
0.51892275,0.4494402122110043,2.6510469290970815,0.9,5,0,5
0.43147424,0.47017912720778227,2.6737855952216485,0.9,0,1,-1
0.51288706,0.4710199616122689,3.1250982912213727,0.8,2,1,1
0.624112,0.3251220943331603,2.9481174211304033,0.9,0,1,-1
0.30419272,0.2828248976868063,3.221317221838531,0.7,1,0,1
0.51093674,0.4314562313644767,3.1218724001162905,0.9,1,1,0
0.5474594,0.41061732927728567,3.047958874554656,0.9,0,0,0
0.36772248,0.39598662649329475,2.9793394888389986,0.9,0,0,0
0.469304,0.49369783006069634,3.126205484626703,0.9,2,0,2
0.4526351,0.370903024084727,3.2307762948675878,0.7,1,0,1
0.49699974,0.37724118632655246,3.185739435775333,0.8,0,0,0
0.39733493,0.44727447544990867,3.2265666685897503,0.8,1,0,1
0.47250313,0.3488199203913103,3.142645926098032,0.8,1,0,1
0.4219533,0.44208749373595924,2.9744093506911735,0.9,1,1,0
0.2861675,0.4359568193394865,3.1732242417265013,0.9,2,0,2
0.3464678,0.3553191990601219,3.0443941193584534,0.8,0,1,-1
0.39943016,0.41312440260996497,3.0151831553653174,0.9,1,0,1
0.47875363,0.39616022521579014,2.986350030255313,0.8,0,0,0
0.40432468,0.47214153517183943,3.0531291412734887,0.9,1,0,1
0.4772497,0.24166024155698101,3.0443941193584534,0.8,1,0,1
0.4341849,0.3949697900997266,3.1292830169449664,0.8,0,1,-1
0.39591792,0.3232430685664234,2.9300191536916556,0.8,0,1,-1
0.48781055,0.3321323936806278,2.8921748610432805,0.9,0,1,-1
0.42982304,0.3797706780732861,2.885174447128411,0.8,1,1,0
0.5712313,0.30411935013705976,2.9939410804329745,0.8,0,1,-1
0.5083068,0.44902203074173624,3.0681886976920674,0.9,0,0,0
0.41344115,0.4135111337531856,3.0295519634006656,0.9,1,2,-1
0.47613963,0.4810648035493999,3.6681293743189025,0.7,0,3,-3
0.51454705,0.365459436861335,3.2243463678116084,0.9,0,1,-1
0.5591644,0.28972891010602936,3.6375375112660513,0.8,1,1,0
0.32310537,0.2933076680550962,3.2933068943241746,0.9,1,0,1
0.41442502,0.39646144526090454,3.392582755590971,0.8,1,1,0
0.43160188,0.22991173439139356,2.9300191536916556,0.8,1,1,0
0.3749406,0.37056163162037,2.867353772834994,0.9,0,1,-1
0.4642585,0.4817553915198386,2.8226831892554927,0.9,0,1,-1
0.5066589,0.3951644912071026,3.0042169249474333,0.8,0,0,0
0.46382263,0.38764724975990883,3.1550455468258045,0.8,1,0,1
0.5264701,0.32988567268215124,2.927607301917491,0.9,0,0,0
0.45483026,0.3073307375868481,2.913452314834227,0.9,1,0,1
0.4732548,0.4227949854238094,3.0372913370098593,0.8,0,2,-2
0.532062,0.1622149704789581,2.940072687348654,0.8,0,0,0
0.54077905,0.37489625440045543,2.9596061838776087,0.9,2,1,1
0.50410134,0.32956078390851856,2.9793394888389986,0.9,0,0,0
0.45057186,0.4861594645788602,3.169925001442312,0.8,0,1,-1
0.5076412,0.47762285069316956,3.12187240011629,0.9,0,0,0
0.33527812,0.4686379101481706,3.7622673906514943,0.3,1,2,-1
0.48787203,0.39785635642183487,2.867353772834994,0.9,0,1,-1
0.461754,0.3312978325397613,2.8924327309924456,0.9,0,0,0
0.52681607,0.13292129755891954,2.8876718403890336,0.9,0,0,0
0.490991,0.41155807376098563,2.9894813254284736,0.9,1,1,0
0.19739082,0.4002624011957336,3.4227750662613374,0.5,0,1,-1
0.45727816,0.36995780111347304,3.0329440206159575,0.9,1,1,0
0.34738374,0.45735268807546353,0.8112781244591329,0.3,0,3,-3
0.45505038,0.3847171017418205,2.9072682296173893,0.4,2,0,2
0.502995,0.3529869193217272,0.9975025463691152,0.9,0,0,0
0.48255166,0.47690543496168064,2.390805482076982,0.8,1,0,1
0.42716122,0.29563155608769476,1.9329316468984663,0.9,1,0,1
0.4124098,0.3369576990083954,3.0080950024529067,0.9,2,1,1
0.31187403,0.29743144527524795,3.106603137064475,0.8,1,0,1
0.3436433,0.47001625767016275,3.1722336752199873,0.8,0,0,0
0.4081466,0.45224797203570233,3.413088436425758,0.6,0,0,0
0.44640034,0.33731481921523376,3.1828381162981456,0.8,1,0,1
0.44638282,0.5001802536458103,3.3990795706241745,0.6,1,3,-2
0.4957627,0.37304793438787465,3.1512831202406137,0.9,2,0,2
0.4271678,0.1615117930745496,3.029038206419861,0.8,0,0,0
0.5233659,0.3782086964714151,3.2300545942565297,0.9,0,0,0
0.5010564,0.37073588628663945,3.546409939040555,0.8,1,0,1
0.47421336,0.49242865747033226,3.2810361125534238,0.9,3,0,3
0.4217336,0.41451327937714605,2.822683189255492,0.9,0,0,0
0.5363233,0.22634673004214462,3.241541367976696,0.7,2,0,2
0.4513028,0.32804777610669644,3.01867904060296,0.9,0,1,-1
0.36837962,0.4199895767240886,3.186392934223819,0.8,1,1,0
0.41218972,0.4261769699864398,3.4526400467771077,0.8,2,2,0
0.38138413,0.33825310629812316,1.8850931455708966,0.9,2,0,2
0.5379072,0.42212395506273737,3.618171939471839,0.8,1,2,-1
0.312703,0.4509364045488806,2.864853097980517,0.8,0,0,0
0.44233948,0.47144555378542075,3.327819531114783,0.3,1,1,0
0.3730042,0.36558831406673287,2.996791631981637,0.8,1,0,1
0.46579716,0.3721246207856061,3.1682958340544896,0.8,0,3,-3
0.52004224,0.314352303564872,2.910850294564907,0.9,0,0,0
0.49447048,0.44596245298155895,3.2702688157438997,0.8,1,1,0
0.3532378,0.3291879023163981,2.9631349103933107,0.9,0,0,0
0.41930372,0.4062022047664995,2.776778210932318,0.9,0,0,0
0.4212529,0.41138835540372537,3.231038391295044,0.5,0,1,-1
0.40714186,0.3268119685957447,2.9081733366826743,0.9,1,0,1
0.41991523,0.2601938104242207,2.8851204539117536,0.8,0,0,0
0.39967403,0.35242973301106717,2.8876718403890336,0.9,1,0,1
0.4331582,0.33710863247224454,3.008148305188538,0.9,1,0,1
0.50483686,0.44715525259041294,3.080590320298164,0.9,0,0,0
0.2539687,0.3869420672584955,3.2231672484149883,0.8,2,1,1
0.36750618,0.4326567502314481,3.0510050526598267,0.9,0,0,0
0.60050046,0.3335526160598088,3.5034343861887853,0.4,1,0,1
0.41841477,0.3390485692174452,2.8798554875455857,0.9,0,0,0
0.4257003,0.4672705597737003,2.9219817098497165,0.9,1,0,1
0.45062745,0.350833442943021,2.8791474648822764,0.9,0,1,-1
0.49925995,0.39168677694644377,2.823490576469806,0.9,1,1,0
0.42717484,0.40959521186361375,2.8798554875455857,0.9,1,0,1
0.47241688,0.46392216590301055,2.966069019879687,0.95,0,1,-1
0.43657944,0.316553619242571,2.957118679571792,0.8,1,0,1
0.48863238,0.35983306781621544,3.2866485742248863,0.8,1,1,0
0.3918377,0.3951080644118586,3.120183935661208,0.7,1,0,1
0.40022397,0.45547841005655726,3.262644713288645,0.8,0,1,-1
0.4749297,0.4240469463348133,3.423115283398385,0.8,0,1,-1
0.4814377,0.3734954881738868,3.184183719779189,0.8,2,2,0
0.46102464,0.4031863073759524,3.612172744705793,0.9,3,2,1
0.31402603,0.4531066815922767,2.2998963911678914,0.4,0,2,-2
0.48799774,0.3706410677335753,2.495461844238322,0.9,1,0,1
0.38868392,0.40400160873316626,3.1213028817652892,0.7,1,0,1
0.41987574,0.5164357039522516,3.3502364189859413,0.9,1,1,0
0.35227478,0.3480226874152674,3.2709424217485377,0.6,1,1,0
0.45385703,0.3878633357333038,3.2324312777865405,0.8,0,1,-1
0.43448997,0.33875783316319086,3.2276096919896324,0.9,1,1,0
0.39570022,0.39289392126859574,2.9982975702780195,0.9,0,0,0
0.48113084,0.4099338617573054,2.8876718403890336,0.9,1,1,0
0.47504792,0.45321269480122883,2.9108502945649066,0.9,1,1,0
0.48041794,0.3606354021708437,2.9793394888389986,0.9,1,0,1
0.5001374,0.3483481789265523,2.9720966889958764,0.9,1,0,1
0.5345504,0.31931655369843515,2.8798554875455857,0.9,0,0,0
0.40940917,0.363838341199756,3.1029334343823503,0.8,0,1,-1
0.375706,0.3494448074347961,2.9923828786135243,0.7,0,0,0
0.47557777,0.4294767526421445,3.2078171342683954,0.7,0,1,-1
0.5138316,0.334473656484916,2.956623811079363,0.9,0,0,0
0.46138868,0.44748735937899753,3.627986806877676,0.4,0,0,0
0.4658372,0.34496200788171694,3.165393605788199,0.9,3,0,3
0.48095295,0.350563976500967,3.2068570640942182,0.9,2,0,2
0.4087245,0.3644047110175831,3.0531291412734887,0.9,0,2,-2
0.3321961,0.3319546558379204,2.927607301917491,0.9,1,0,1
0.3572969,0.43963013922805777,2.8851204539117536,0.8,1,1,0
0.39794862,0.33842455696589907,2.776778210932318,0.9,0,0,0
0.5305284,0.3568576782355335,2.9725513464956443,0.9,1,0,1
0.31926507,0.392283521088961,3.231038391295044,0.5,1,0,1
0.41347146,0.4371648089377841,2.9965226857354375,0.9,1,0,1
0.42803302,0.3755200565327449,2.9793394888389986,0.9,0,0,0
0.45072088,0.31980937911544693,3.0621735653919635,0.9,2,0,2
0.40471596,0.34005821771060335,3.1171901678340994,0.8,1,0,1
0.46554795,0.16802136906909565,3.0081320258333997,0.8,1,0,1
0.5782057,0.28709578028658866,3.079663483094588,0.9,1,0,1
0.33159417,0.35736660457332453,0.9967916319816367,0.8,0,1,-1
0.45653984,0.324666348963407,1.9648966168256354,0.9,0,0,0
0.432724,0.3241153779154316,1.5820239409642765,0.8,0,0,0
0.43292806,0.37170713573437325,1.0,0.9,0,1,-1
0.4658399,0.39078263326169443,-0.0,0.9,0,0,0
0.3402343,0.45697667970838096,1.4466479595102752,0.9,1,1,0
0.5158605,0.4217083624076039,0.9975025463691152,0.9,1,0,1
0.43934587,0.3995451637784302,1.8764713334271728,0.9,2,0,2
0.50612414,0.38292666234617817,2.7786487647823206,0.9,1,1,0
0.38334006,0.33947810993205463,-0.0,0.7,1,0,1
0.4646799,0.5051229745400737,2.8876718403890336,0.9,1,0,1
0.49958846,0.2991604199718865,2.776778210932318,0.9,0,0,0
0.48889485,0.3869611894817116,2.8876718403890336,0.9,1,1,0
0.4765863,0.36771055909770517,2.9793394888389986,0.9,0,1,-1
0.40962723,0.331865929513475,2.8798554875455857,0.9,2,1,1
0.4628835,0.324116410288779,2.9530822987655223,0.9,1,1,0
0.48726574,0.4128949724869449,2.9414873698385327,0.9,0,0,0
0.40553764,0.29905206332800205,2.970033703884394,0.9,1,0,1
0.52918184,0.36899129053015617,3.106603137064475,0.8,0,1,-1
0.26631638,0.4872726826333647,2.8798554875455857,0.9,0,1,-1
0.43180618,0.39643373466608955,3.426636531627806,0.8,0,0,0
0.5480399,0.38380271455834963,3.243622121494134,0.9,0,0,0
0.33761197,0.3258271193535614,0.6500224216483542,0.5,1,0,1
0.49790183,0.44575153297531717,3.693161994764468,0.8,1,2,-1
0.39422017,0.4411455759883359,3.1470552088742005,0.8,0,1,-1
0.4661741,0.42907211680146706,3.0621735653919635,0.9,0,0,0
0.4638936,0.31309080293938707,3.113649565593694,0.8,0,0,0
0.48480725,0.3491593573531487,3.0329440206159575,0.9,0,1,-1
0.40035602,0.43567999895972126,2.9738513896100454,0.9,0,0,0
0.37200174,0.32376078637063005,2.9276073019174915,0.9,0,1,-1
0.40240598,0.331884730584163,3.071928094887362,0.8,1,0,1
0.38705176,0.4543106807421227,3.6644977792004614,0.4,0,0,0
0.18429878,0.5213819346331247,-0.0,0.0,1,0,1
0.4402765,0.29073466919744856,3.214438730983427,0.6,2,0,2
0.49657422,0.2407645711055607,3.1524876891689533,0.9,0,1,-1
0.35953388,0.4481299629356064,3.1118639908793053,0.7,0,1,-1
0.42499915,0.3895758503568667,3.1916678858866256,0.8,0,2,-2
0.3691164,0.3405030530133135,3.0666152167384504,0.8,1,1,0
0.44066107,0.4988569380144577,3.774019213726757,0.7,2,1,1
0.44309425,0.34507799393202393,3.5144863186205106,0.7,0,0,0
0.4700865,0.3035292152307171,3.0805903202981644,0.9,0,0,0
0.4690942,0.4185775740091079,3.080590320298164,0.9,0,0,0
0.52829576,0.38682717558471047,3.0630001679914427,0.8,1,0,1
0.58150953,0.25763604824553626,3.2900060680977643,0.6,2,1,1
0.36729512,0.33772921762968144,2.9276073019174915,0.9,1,0,1
0.46309754,0.491416632338093,3.266574129299665,0.9,1,0,1
0.5064322,0.3382815375577546,3.1048748326971354,0.9,2,1,1
0.41703126,0.38159269485618613,3.265966528053355,0.8,1,0,1
0.33806953,0.45047956583018683,3.8077635764171944,0.3,0,2,-2
0.6139541,0.2449832719510013,3.2958611506429425,0.6,2,0,2
0.32102922,0.4267064483249041,3.016150648454355,0.8,0,1,-1
0.41705135,0.48276516288375837,2.867353772834993,0.9,0,0,0
0.5085324,0.372238282225135,3.0057586753048287,0.8,0,0,0
0.41340378,0.36544704316698284,3.223465189601647,0.8,2,0,2
0.46283203,0.45004761260508125,3.7007115883735375,0.4,1,1,0
0.38899997,0.3991080634664489,3.129051150733861,0.9,1,1,0
0.40095967,0.26870855937345917,2.385793200164783,0.9,1,2,-1
0.3354581,0.4875442119477155,2.094017981486945,0.9,1,1,0
0.546517,0.3998782834493498,3.4362781244591325,0.9,0,0,0
0.4236008,0.4073811996016695,2.9143765821413554,0.8,1,2,-1
0.5237781,0.46053913192021284,2.863237150751254,0.9,2,1,1
0.40110835,0.3708241138723486,1.9155792582731423,0.8,0,0,0
0.34685817,0.4310532151295335,1.9784820284039006,0.8,0,2,-2
0.50554335,0.4480120617358799,2.2266781970562954,0.8,1,1,0
0.44140947,0.361340412095768,1.9336649380006277,0.7,1,0,1
0.4029163,0.3893270650420586,3.5428319473640966,0.7,1,0,1
0.3797531,0.3612729846113062,3.544097907106122,0.4,1,1,0
0.37012112,0.33351724357751067,3.3123054741943343,0.8,0,0,0
0.5166937,0.28730269670400516,3.1914280318460246,0.8,1,0,1
0.51682764,0.40237428795408425,3.1490856596359014,0.9,1,0,1
0.42692754,0.42602423809646744,2.927607301917491,0.9,1,0,1
0.39862362,0.27983826165730824,2.8798554875455857,0.9,0,1,-1
0.3714422,0.47350610476469285,3.016150648454355,0.8,0,1,-1
0.46951762,0.4356088847615144,2.776778210932318,0.9,0,0,0
0.48085994,0.43727347747273976,2.820046868677855,0.9,0,0,0
0.4300647,0.3482509678829383,3.0350849518197798,0.8,0,1,-1
0.4618187,0.4085663511943842,3.124710389489389,0.7,1,0,1
0.46775818,0.3742461677921166,2.937438010314799,0.8,0,1,-1
0.43683612,0.2993988778872481,2.728948870365158,0.9,0,0,0
0.35580388,0.38400872500501204,2.908173336682674,0.9,1,1,0
0.42362297,0.5064244336902722,3.2483522912306433,0.7,1,1,0
0.3850555,0.35607579806852474,2.9333762527784306,0.9,1,0,1
0.4934423,0.44681838704943955,3.3289955584009228,0.8,0,2,-2
0.4350531,0.3349845626011453,3.0077174691301485,0.9,2,0,2
0.48204887,0.41467071254293364,3.312234741821176,0.8,0,1,-1
0.39507794,0.39197367386236526,3.258025321714562,0.7,0,0,0
0.43719342,0.35397350847703307,3.2933148494876097,0.9,3,1,2
0.34444046,0.4731626791633441,2.947056898478542,0.7,2,1,1
0.49498895,0.3708117947390624,2.908173336682674,0.9,0,0,0
0.49431637,0.32477431735359413,3.293344863722962,0.8,0,2,-2
0.4657679,0.39062312289473505,3.2892464285091583,0.9,0,0,0
0.5369277,0.4419662768460683,3.2797804088384925,0.9,1,0,1
0.40089038,0.38491319280836683,3.1135388697992603,0.8,2,0,2
0.39961225,0.46213440415534207,3.113649565593694,0.8,2,0,2
0.46117064,0.4534926206051272,3.6047039677121826,0.4,1,0,1
0.4323278,0.41305656257303563,3.2014603048755808,0.9,1,0,1
0.3932336,0.4473973288513585,3.0719864615720223,0.8,1,0,1
0.40648213,0.48142011145929203,3.203365087509175,0.5,0,2,-2
0.5094146,0.3093840538071949,2.3479489118262413,0.9,0,1,-1
0.47596446,0.477037454629221,3.5473296654679785,0.8,0,0,0
0.4345666,0.2991631551342084,2.437193208607594,0.8,0,0,0
0.43350235,0.2968963884805831,2.1047412314783913,0.9,1,0,1
0.34743693,0.35019439954731846,1.9322381921018905,0.9,1,0,1
0.4652781,0.41374248104939826,2.477175233435624,0.8,0,1,-1
0.5194166,0.388438519566047,1.902683189255492,0.9,2,1,1
0.42708546,0.332829513345839,3.2457434950529698,0.8,0,0,0
0.43357104,0.30991434485458175,3.0434943204749443,0.8,0,0,0
0.3237433,0.3130092599583224,3.1481269460122454,0.8,1,0,1
0.45143485,0.512187544319518,3.3395136417851634,0.6,0,0,0
0.37600383,0.3656517627913288,3.772055208874201,0.3,1,1,0
0.35867873,0.38580642428212375,3.3496323065739806,0.7,1,1,0
0.5453794,0.36350485285924317,3.0454914359235423,0.8,0,1,-1
0.41542125,0.3597588679511405,3.0710762297870975,0.8,0,1,-1
0.35748976,0.423950956869661,2.98404513501038,0.7,1,2,-1
0.49659917,0.25546993126172407,3.4906015629507228,0.6,2,0,2
0.50936145,0.41113614763667017,3.3584585933443494,0.9,0,0,0
0.417986,0.35848385951838124,2.0535088547976783,0.8,0,1,-1
0.49430713,0.3135486209228552,3.61604953198952,0.7,1,0,1
0.31224012,0.48518346854420763,-0.0,0.8,0,1,-1
0.4359021,0.37299533137788193,2.0782975702780195,0.9,0,0,0
0.42277402,0.30651416569517376,2.8404578463992163,0.9,0,0,0
0.51709574,0.3850607575267475,3.0082278979304764,0.8,1,1,0
0.2843838,0.4319561115666119,2.986350030255313,0.8,0,0,0
0.43741086,0.340195556504596,2.9941327865521297,0.9,0,0,0
0.4450981,0.2695959962406719,2.970033703884394,0.9,1,0,1
0.49145862,0.32812989025235834,3.296104175266962,0.8,1,0,1
0.50876147,0.3349232562554065,3.1183319070241815,0.7,0,0,0
0.30090806,0.42367706525632803,3.1570914161644237,0.7,1,1,0
0.3697348,0.4434005270173347,3.468536400647052,0.6,1,0,1
0.5364907,0.34766640405877236,2.857422116838488,0.8,0,0,0
0.52754927,0.3431948391531898,3.1307341931088617,0.8,1,0,1
0.50710356,0.306545947531428,3.4521288523548836,0.8,1,0,1
0.5149242,0.4290680630881494,3.330694519529572,0.9,4,0,4
0.4494709,0.37696662463016783,3.2941104177484015,0.8,1,1,0
0.37221283,0.46629412523150343,3.569702316978283,0.4,1,1,0
0.50354105,0.3807015998037344,2.906499712580601,0.9,0,0,0
0.47867417,0.4867125549906709,3.0295519634006647,0.9,0,1,-1
0.41883683,0.30985603836843856,3.147191429566854,0.8,2,0,2
0.48490337,0.3574848509179621,2.9529350195059805,0.9,2,0,2
0.4447051,0.37415956642725257,3.0710762297870975,0.8,1,1,0
0.53282714,0.4027618955666703,3.01867904060296,0.9,1,0,1
0.5058522,0.38599078102976353,3.397306709878264,0.9,1,1,0
0.38561958,0.3426073936849667,1.4885252948977483,0.8,0,0,0
0.4852848,0.4931185890291675,3.39997665014868,0.9,0,1,-1
0.4410184,0.49883706501317754,3.5096856969120642,0.7,1,0,1
0.44306064,0.39517626261886346,3.203336951697761,0.8,1,1,0
0.4587159,0.4065979350145459,3.3342512550415266,0.95,3,0,3
0.4937352,0.4369472212718482,3.6702816084638616,0.4,2,0,2
0.43710452,0.384751980036184,3.003137893685474,0.9,0,2,-2
0.42280254,0.48414949555881537,3.1681103178788184,0.9,0,0,0
0.3955719,0.3737527903048102,2.9276073019174915,0.9,1,0,1
0.45341647,0.3238029935225767,3.055913095175825,0.9,0,1,-1
0.40668717,0.4340181921353946,3.0418023582854463,0.9,1,0,1
0.43427184,0.4254927531177566,3.185830910437533,0.8,0,3,-3
0.3820633,0.35017162649156247,3.0299535906627213,0.8,1,0,1
0.43365726,0.3764606102352044,2.8311845963584887,0.8,2,0,2
0.37644032,0.3693993373116489,2.8690954395801547,0.9,1,0,1
0.46996963,0.3515667242506569,2.728948870365158,0.9,0,1,-1
0.50767684,0.4459931283397337,2.822683189255492,0.9,0,1,-1
0.43707374,0.45747288085913157,2.99829757027802,0.9,0,2,-2
0.5435743,0.3407877271606331,2.776778210932318,0.9,0,0,0
0.47949836,0.44726743596361596,3.0595608142862893,0.8,0,3,-3
0.55366874,0.37018890444972863,3.106921028278026,0.9,1,1,0
0.36984816,0.44379939005952307,3.0887793473613607,0.8,1,0,1
0.47743675,0.4067565088101788,2.986350030255313,0.8,0,0,0
0.5076855,0.4251851754620225,3.118028314583625,0.9,1,1,0
0.45247692,0.37128748923926186,3.0989340500817137,0.8,0,1,-1
0.46397227,0.4109609778305194,3.1128385445447773,0.9,2,1,1
0.40905833,0.48018793270842164,3.2825887305018333,0.6,2,1,1
0.36224833,0.4143746628488967,3.0080950024529067,0.9,1,1,0
0.353993,0.3592114941884426,2.9736746195753727,0.8,0,1,-1
0.38241032,0.4359052766582368,2.9276073019174915,0.9,0,0,0
0.36654252,0.2936901387935157,2.963134910393311,0.9,1,0,1
0.47682345,0.3268789984454045,3.20945336562895,0.8,1,1,0
0.4801494,0.40613192597163617,2.8678930955604414,0.9,0,0,0
0.46779978,0.3639842232689098,2.9738513896100454,0.9,0,1,-1
0.5233658,0.3977358557699795,2.728948870365158,0.9,0,0,0
0.35128796,0.4405392432786276,2.986159088827293,0.9,1,0,1
0.3893104,0.4118905346975007,3.239018329975254,0.5,0,1,-1
0.49116692,0.4752349154429947,3.241541367976696,0.7,0,0,0
0.44633064,0.4004997756883085,3.2024123615523234,0.8,1,0,1
0.35932735,0.4248733744894127,2.140518056276712,0.9,1,0,1
0.4359235,0.37167768459163675,1.854285871987246,0.8,1,0,1
0.4849488,0.3450212613542534,3.225842594195162,0.9,0,0,0
0.5101091,0.38818643979152767,3.6395982887330347,0.6,0,0,0
0.40892002,0.41450024336314767,2.9108502945649066,0.9,0,1,-1
0.50475687,0.4312607339579711,3.575033532160451,0.9,2,3,-1
0.3962183,0.39788847813427586,3.3245304705471397,0.7,2,0,2
0.5391821,0.34606871054083993,3.0821449157390437,0.9,0,0,0
0.1294107,0.4540166595182453,-0.0,0.8,0,1,-1
0.50594544,0.5102343095719231,3.8117504900130634,0.9,1,1,0
0.37747368,0.4517589513669725,3.698206150469663,0.7,1,0,1
0.3765471,0.46545373044233845,3.886842188131012,0.4,1,1,0
0.485389,0.17471068220785593,3.634299988939925,0.7,1,0,1
0.4278242,0.2722991941567439,3.6342524315771936,0.9,1,1,0
0.5240108,0.34668063062665144,2.3394011482590806,0.9,2,0,2
0.43931216,0.4516478840950122,2.51115836026654,0.8,1,1,0
0.34582728,0.43526899447847683,2.1492553971685,0.5,0,0,0
0.40344018,0.3678394684291104,1.8423709931771086,0.6,0,0,0
0.5298934,0.26139334159246075,2.623440813474588,0.9,0,0,0
0.46396476,0.2876330714557538,3.073977389243609,0.9,0,0,0
0.4107718,0.38615152052890395,3.1064641841113234,0.9,1,0,1
0.37174016,0.47391656445097974,3.1301249653149705,0.7,1,1,0
0.31374323,0.4385011561127766,2.9108502945649066,0.9,0,1,-1
0.50895894,0.4263827789466878,3.0808978136193588,0.8,0,0,0
0.27789643,0.4454614726475499,3.4227750662613374,0.5,1,0,1
0.34378737,0.4422479745427445,3.1152703968800375,0.9,0,3,-3
0.47482586,0.46487600015255615,3.1075660766889937,0.9,0,1,-1
0.4128637,0.22282796612380662,3.106356847908401,0.8,2,0,2
0.3818258,0.38172897653394205,2.9681666405523326,0.9,0,2,-2
0.4725755,0.3740041657638575,3.00861201428621,0.9,1,1,0
0.45416644,0.36201140087310624,2.8673537728349934,0.9,0,1,-1
0.48788464,0.3598353105650542,2.9861590888272938,0.9,0,1,-1
0.49307364,0.503554858402418,2.9861590888272938,0.9,0,1,-1
0.43753406,0.4134765197723702,2.986159088827293,0.9,0,0,0
0.4112605,0.34891137403394057,3.01867904060296,0.9,0,0,0
0.42248437,0.32208515924863285,2.9276073019174915,0.9,0,0,0
0.5044808,0.4864111683689079,2.970033703884394,0.9,0,0,0
0.54871744,0.270760464455959,3.1352701614643705,0.9,1,0,1
0.37020385,0.4219987572831921,2.927607301917491,0.9,0,0,0
0.4643856,0.4057901377092834,3.0076960147498064,0.9,1,0,1
0.5162993,0.3955761042200707,3.7150849518197795,0.5,2,0,2
0.42269513,0.3578407498106365,2.5791722720787553,0.9,0,1,-1
0.43206364,0.26077492982893574,2.4179065701049423,0.9,0,0,0
0.42742229,0.30465471329349986,2.119973094021975,0.9,1,0,1
0.47558844,0.4031035516730323,3.584962500721156,0.8,0,1,-1
0.3924983,0.30918701012805355,3.3994179825359003,0.9,3,0,3
0.4418661,0.3780848005248405,3.217393103776577,0.8,0,1,-1
0.47661245,0.41806825839362566,3.266344423348823,0.9,0,2,-2
0.46077964,0.4270695095496187,3.418686312488913,0.9,0,1,-1
0.41117227,0.3002247041135438,2.953228944639395,0.9,0,0,0
0.42987812,0.44456274281627534,3.137302595268567,0.95,1,0,1
0.4028962,0.48307286283040146,3.8394774001865315,0.5,0,1,-1
0.43655106,0.46762985353101066,3.227970006020158,0.9,0,2,-2
0.4472644,0.3781647297165965,2.867353772834993,0.9,1,1,0
0.3840333,0.35247099824726424,3.0,0.8,1,0,1
0.53277946,0.3282092984142776,2.8311845963584887,0.8,0,0,0
0.5242592,0.3069366007219732,2.776778210932318,0.9,1,0,1
0.5167911,0.31262361491275253,3.006051959488611,0.9,0,1,-1
0.43563545,0.4346583355923046,3.0082222749239294,0.7,0,0,0
0.44050542,0.3193959366865705,3.1511894468399486,0.7,1,0,1
0.47974053,0.35646400058309763,3.172233675219988,0.8,1,1,0
0.43654606,0.20414514819444823,3.0225797618424917,0.9,0,0,0
0.5166496,0.4945070017272166,3.4389340588743615,0.8,0,1,-1
0.54709077,0.3917931975576614,3.21121054120345,0.8,1,1,0
0.46062866,0.461520556470826,3.099785540464704,0.9,3,1,2
0.4607589,0.3554402849857497,2.8502616358261292,0.8,1,1,0
0.43756637,0.3457574048545684,2.094017981486945,0.9,0,1,-1
0.50822794,0.42793181896400834,2.801002779861118,0.8,0,3,-3
0.32500476,0.4152932785849326,2.6039757266107144,0.5,0,1,-1
0.35607252,0.44050169820409824,3.01867904060296,0.9,0,0,0
0.4962995,0.30640037564799466,3.0621735653919635,0.9,1,1,0
0.41654113,0.24332262846070987,3.064198871213577,0.8,1,0,1
0.4334053,0.36377737359251394,3.0510050526598267,0.9,0,1,-1
0.54437757,0.3582505370946953,3.539397804459469,0.5,2,0,2
0.5597502,0.4570937318185942,3.48684099319477,0.9,1,0,1
0.40143073,0.4175445887566462,3.373412958029445,0.9,1,3,-2
0.4882412,0.411286522956853,3.5966483737709134,0.9,0,0,0
0.47227272,0.45140946454516273,3.1914280318460246,0.8,1,1,0
0.28487968,0.49203705068082326,2.7528553052032327,0.7,2,1,1
0.43259826,0.3655438347389817,3.028991962451992,0.8,1,0,1
0.4775773,0.33339021117062884,2.8215582974885987,0.9,1,0,1
0.43354997,0.43833169469797645,3.059560814286289,0.8,1,0,1
0.4590543,0.4284811625212195,3.2914460711655216,0.5,1,0,1
0.48889968,0.31688457398079695,3.1618827187141423,0.8,2,1,1
0.49414626,0.381490526039939,2.728948870365158,0.9,0,0,0
0.3511466,0.3449806992237401,2.8798554875455857,0.9,1,0,1
0.44836026,0.4443208566612358,2.8798554875455857,0.9,2,1,1
0.49632895,0.42176925724648,2.776778210932318,0.9,0,0,0
0.47634658,0.21348748117187552,2.8798554875455857,0.9,2,0,2
0.36059746,0.28610152742228606,3.037291337009859,0.8,1,0,1
0.48777625,0.382490122822539,2.994542131312327,0.9,1,0,1
0.4648662,0.4080237473950268,3.1793398459737485,0.8,1,0,1
0.28335512,0.2541922630525769,2.9530822987655223,0.9,2,0,2
0.40285626,0.5071793853731603,2.9583333333333335,0.9,0,1,-1
0.49937356,0.44574197869067156,2.7884707262107433,0.9,1,1,0
0.45894995,0.4693591238525907,2.236440501696144,0.8,1,1,0
0.36466882,0.32573180779987587,1.5715416718219246,0.7,0,1,-1
0.42403316,0.48297830180291057,1.0,0.3,1,0,1
0.44616973,0.3302793801098959,1.8741838269462516,0.9,1,0,1
0.41044286,0.4578725913654703,3.588191920268607,0.9,3,1,2
0.4472433,0.3670241698190444,3.52556437530476,0.9,1,1,0
0.4612184,0.42088540685262066,3.534301417521691,0.4,1,1,0
0.44988242,0.43649644196952325,3.5685710988938526,0.9,2,0,2
0.4716828,0.41700873445996445,3.6727917841055513,0.8,1,0,1
0.39706874,0.48057283072039203,1.6589797521242051,0.9,0,0,0
0.48134118,0.47333896711364054,2.842965207485575,0.9,1,3,-2
0.5117638,0.41896428684046816,2.849156853418441,0.8,0,3,-3
0.47028655,0.4053042769714588,1.287054028118727,0.9,2,0,2
0.47487122,0.453992957358739,2.141821596022348,0.7,2,2,0
0.3599655,0.4818926187805073,2.8798554875455857,0.9,2,0,2
0.5082896,0.42693534210380896,3.631955192718859,0.8,0,4,-4
0.4132366,0.42567937984349313,2.921981709849717,0.9,0,2,-2
0.48597613,0.15889686501509215,3.0996660963841594,0.9,1,0,1
0.41819182,0.362822231914012,3.090938190484561,0.9,1,0,1
0.50261503,0.35189351711294814,3.5537016960573484,0.8,0,0,0
0.35491025,0.37535516259171714,3.2841672802847146,0.7,0,1,-1
0.3394636,0.40157715715229225,3.1136495655936938,0.8,1,1,0
0.35864642,0.44917976585284897,3.5630909662992734,0.6,2,0,2
0.5054009,0.3746483925166905,3.408664433653526,0.8,2,0,2
0.37706468,0.43716279565809607,2.927607301917491,0.9,0,0,0
0.53213304,0.2958596561365061,2.9738513896100454,0.9,1,0,1
0.38463467,0.44471358521849563,2.9208322930948,0.8,0,0,0
0.33241507,0.4253607819048939,2.9738513896100454,0.9,0,0,0
0.4879871,0.29000034166675237,2.8798554875455857,0.9,0,0,0
0.4818845,0.3750581297100411,3.2269928524100826,0.9,0,2,-2
0.38299024,0.41284071603091943,3.133975800509341,0.9,0,0,0
0.373901,0.49513725868687025,3.628445159431229,0.3,1,1,0
0.45640886,0.4146774336471986,2.9783089839831796,0.9,1,1,0
0.4360136,0.3689609085244036,3.3118441013102036,0.6,0,1,-1
0.4203183,0.34139640078422434,3.0443941193584534,0.8,0,1,-1
0.48876178,0.3472717150787844,2.822683189255492,0.9,0,0,0
0.5181178,0.36002903442021766,3.01867904060296,0.9,1,0,1
0.42154813,0.3558131312708884,3.01867904060296,0.9,0,0,0
0.43380013,0.45867153196443466,2.9276073019174915,0.9,1,0,1
0.38819692,0.4341636604498721,2.823490576469806,0.9,1,1,0
0.4940402,0.40192322646004647,3.01867904060296,0.9,1,0,1
0.4832781,0.4253027056530793,2.9300191536916556,0.8,0,0,0
0.49172986,0.4013064608968416,3.095461844238322,0.9,1,1,0
0.39556304,0.3427893252730153,2.9130619271593536,0.9,1,0,1
0.50719106,0.23543411112667995,2.9529350195059805,0.9,0,0,0
0.48026872,0.39234273960177446,3.461154165256211,0.9,1,1,0
0.44158456,0.31449628318888356,3.0782433566073997,0.7,1,0,1
0.4838755,0.4393725644409787,3.09117192688693,0.9,0,1,-1
0.4364952,0.2616972436535081,2.97765944295582,0.9,0,0,0
0.42020488,0.3538614529043609,2.823490576469806,0.9,0,0,0
0.5542823,0.40209526850269384,3.1074935983779217,0.8,0,0,0
0.43185547,0.374375715738119,2.776778210932318,0.9,0,0,0
0.39518905,0.5243423502615764,3.186728394849167,0.7,0,1,-1
0.4735351,0.35742120107128494,3.0262804816836244,0.9,1,0,1
0.43252796,0.48764756118827063,3.01867904060296,0.9,2,0,2
0.51190686,0.41606743664159057,3.01867904060296,0.9,0,1,-1
0.44036973,0.44790606475184225,3.0874628412503395,0.8,1,1,0
0.5566092,0.3425369264095377,3.0723279884492234,0.8,2,0,2
0.46610183,0.3734142569728547,2.95311500557286,0.9,0,0,0
0.5752278,0.38268751918060656,3.092100151409647,0.9,2,0,2
0.5084554,0.46152006712916355,3.0670955908546675,0.9,0,1,-1
0.45649445,0.4655032146886324,3.4344098036300066,0.8,1,1,0
0.41902417,0.399377359052309,3.396828732542955,0.9,1,0,1
0.44570377,0.3643324586560575,3.2310565307350188,0.9,0,1,-1
0.53964037,0.33627166896491045,3.188087926558582,0.9,1,1,0
0.32000667,0.5032496278655254,2.8851204539117536,0.8,0,0,0
0.3794195,0.40398266627108464,3.1234415598182985,0.8,1,1,0
0.41377437,0.43784686315019516,3.1202580968141445,0.9,2,0,2
0.4694513,0.4792317923901492,3.083283352104668,0.9,1,0,1
0.44514644,0.37990271700188255,3.087252091513679,0.8,1,1,0
0.48823437,0.45403388711788656,3.212325239359981,0.9,1,0,1
0.34827438,0.35262599721615134,3.418986958453061,0.6,0,2,-2
0.5030987,0.501796930053388,3.01867904060296,0.9,0,1,-1
0.5184272,0.3288767184609444,2.9967879635555583,0.9,0,0,0
0.4287342,0.44088834534058774,2.92577063413983,0.8,0,0,0
0.5133546,0.3806818883973152,2.872253928364927,0.9,0,0,0
0.4310198,0.35862735086614533,3.044801661238701,0.8,0,1,-1
0.45236927,0.37072769760951824,3.0203338914956896,0.9,0,1,-1
0.38111037,0.3953075240547172,3.12187240011629,0.9,2,0,2
0.42382276,0.29921140961308434,2.9710909047378116,0.9,0,1,-1
0.3365758,0.3436941796803166,3.1426643555488485,0.8,0,2,-2
0.4589058,0.36236199116182405,3.067052573952813,0.9,2,0,2
0.3304991,0.42380129950030937,3.0884652796041085,0.7,1,1,0
0.4566792,0.42731319203173457,3.2752174082884653,0.6,0,1,-1
0.37860364,0.4224025342344708,3.1489444208309094,0.6,1,0,1
0.4798245,0.2815123574229617,2.9725513464956443,0.9,0,0,0
0.5216027,0.3792131144340868,3.066532536373009,0.9,0,0,0
0.44992232,0.48260347569997236,3.2220746182317304,0.6,0,0,0
0.4463837,0.4906562469820656,3.144037784178728,0.6,0,0,0
0.49261093,0.2947691572159474,3.1092287469833546,0.8,1,0,1
0.5447484,0.36654661518556386,3.156580393728044,0.8,1,0,1
0.57689595,0.2570971331372376,2.9674384307249486,0.8,1,0,1
0.5253445,0.3926469019324389,3.29016780416302,0.7,2,1,1
0.47907794,0.4848028970615906,3.192211020728361,0.8,1,0,1
0.50525767,0.4356177413805755,3.0205943566743207,0.9,1,0,1
0.43096554,0.36527457207427055,1.7464657985040721,0.7,2,0,2
0.3228143,0.3302867277954136,2.660673233416842,0.5,1,0,1
0.3860746,0.3208623953936346,1.7947367178034823,0.9,0,0,0
0.34156567,0.3556149229367557,2.481714572986073,0.8,0,0,0
0.5322914,0.39151046912423065,3.0913908001487354,0.8,1,0,1
0.34309644,0.4843430794024243,3.4227750662613374,0.5,1,1,0
0.39112735,0.40965421682740005,2.8311845963584887,0.8,0,1,-1
0.44672725,0.45660956457761787,3.1215271518987016,0.7,1,0,1
0.41189945,0.27558639129801366,3.0315513539183025,0.9,1,0,1
0.38968396,0.4987409026065783,3.0443941193584534,0.8,0,1,-1
0.4822209,0.33659036400726894,3.325158959805441,0.8,1,1,0
0.28132838,0.32398249574657567,3.2885023057715044,0.7,2,0,2
0.48338526,0.43805753045242857,3.1242267635094376,0.8,1,0,1
0.5274432,0.42073101729298046,3.4816271061076973,0.8,3,1,2
0.5014567,0.429471706382495,3.1345612035241825,0.9,3,1,2
0.4430053,0.25585243923959744,3.114889134387449,0.9,1,0,1
0.5098544,0.4128465922805946,3.338944743690392,0.9,0,1,-1
0.46349406,0.4409711431402699,3.0925830346319834,0.9,0,0,0
0.5521978,0.42769892277606014,3.5466671238722514,0.6,1,2,-1
0.44872895,0.38442126514203967,2.135821824148036,0.8,1,0,1
0.4944237,0.5175458211591679,4.087462841250339,0.1,1,0,1
0.39366835,0.3696818161019553,2.3523479118118216,0.7,1,2,-1
0.3998615,0.43037049592105014,1.8498687225851775,0.9,1,0,1
0.50137264,0.3231508083882523,2.3685225277282065,0.9,0,0,0
0.33989674,0.3863768176852026,3.0,0.8,0,0,0
0.49104673,0.46261437745296463,2.983343896379441,0.9,1,1,0
0.43596867,0.44851302404632826,2.941487369838532,0.9,0,2,-2
0.44343632,0.40463510014953935,3.120183935661208,0.7,1,0,1
0.4360405,0.41523598585102783,2.728948870365158,0.9,0,1,-1
0.41184375,0.38903715736306477,1.9455305560363263,0.9,0,0,0
0.38215968,0.25005499554494515,1.5058231002082847,0.7,0,1,-1
0.40711364,0.44024901231321634,0.9886994082884976,0.9,0,0,0
0.5428687,0.39790490710108256,2.624126654449408,0.9,1,0,1
0.49442923,0.4322287275434509,3.0205502836795812,0.9,1,3,-2
0.46851912,0.39673871193907906,3.0018657739084222,0.8,0,1,-1
0.5734666,0.2724192280486868,2.8851204539117536,0.8,1,0,1
0.42113975,0.37688050101108744,2.9793394888389986,0.9,0,0,0
0.5557475,0.3498998920826298,2.8001926034202227,0.9,0,1,-1
0.5552855,0.30519965217077205,2.986350030255313,0.8,2,0,2
0.50024927,0.3655423621059273,3.158771962352736,0.9,2,0,2
0.48693907,0.3591855420177821,3.128920938241478,0.8,0,1,-1
0.5025259,0.4318481589008567,3.532480718106725,0.9,2,2,0
0.5120763,0.375882041176014,3.1951402818330474,0.9,0,1,-1
0.5115705,0.48627021122793235,3.1634318448152468,0.9,0,1,-1
0.33117715,0.4525590122874328,3.3647067968641475,0.5,1,1,0
0.45605218,0.2942311974198695,3.2564282684507857,0.7,0,1,-1
0.5087683,0.38116080412773523,3.045461844238322,0.9,0,0,0
0.53900385,0.397554043380162,3.1934518450329015,0.9,0,1,-1
0.34893578,0.5420568624132351,3.33197669498491,0.8,2,0,2
0.48355317,0.452742016746622,3.140436146246772,0.8,0,1,-1
0.48576897,0.4715558362965941,3.02544195406668,0.9,1,1,0
0.40654165,0.4246336614137961,3.0697168480927206,0.8,0,1,-1
0.42861736,0.4105055148304967,2.9982975702780195,0.9,0,1,-1
0.50054187,0.36347283731907565,2.982552812429341,0.9,0,0,0
0.46879032,0.4228032759509284,2.9760445887757307,0.8,2,2,0
0.48760566,0.4370497981038104,3.2578790128251267,0.8,1,1,0
0.4898664,0.3053406845340131,3.059560814286289,0.8,1,1,0
0.42888138,0.3732940374590463,3.1452718629021783,0.8,1,1,0
0.41484112,0.31881237308592736,3.335237745312118,0.5,2,0,2
0.51265925,0.35211448975717247,3.273792120482266,0.8,0,2,-2
0.4325835,0.36961678484555743,3.6437763910523575,0.4,2,1,1
0.47877258,0.4436602320301247,3.3044704851734625,0.7,0,0,0
0.46896446,0.40581665748569506,3.302946371507658,0.6,0,0,0
0.4307333,0.4121828026124072,2.927607301917491,0.9,1,0,1
0.49631172,0.1910634363925564,1.8360168461385307,0.9,0,0,0
0.1923243,0.42175404512839554,0.4689955935892812,0.9,0,0,0
0.44410437,0.38354972078085686,1.9261207468426806,0.7,0,0,0
0.30664298,0.4119883799986758,1.522189872165821,0.8,0,1,-1
0.4969525,0.40776328218176944,1.8973172606697073,0.9,1,0,1
0.51214147,0.4124029346922596,3.4944993255043775,0.8,1,2,-1
0.5257006,0.42635832761779036,3.1370730104262714,0.8,0,0,0
0.5231073,0.44459176915463805,2.9851817976423107,0.9,1,0,1
0.45457134,0.4250628011427413,3.199281017288604,0.7,2,0,2
0.49570933,0.41403995810795935,3.2575004135020675,0.6,1,0,1
0.4376511,0.4021147800728998,3.53257325750262,0.5,1,1,0
0.51916957,0.49499549261399856,3.0817276788697363,0.8,0,1,-1
0.527809,0.33988720341495304,3.0159001013526616,0.9,1,1,0
0.43557858,0.4234410075457971,3.3116357394949594,0.6,0,0,0
0.17570181,0.398777237479703,3.0,0.8,0,1,-1
0.40269282,0.36080525506973404,2.9638561897747246,0.8,0,0,0
0.43291435,0.3098791797938284,2.973851389610045,0.9,1,1,0
0.47540388,0.36243438369190184,3.0080950024529063,0.9,0,0,0
0.36793387,0.350936557586927,2.927607301917491,0.9,1,0,1
0.4557028,0.3447707954678621,2.913452314834227,0.9,2,0,2
0.4310769,0.46762149593794045,3.01867904060296,0.9,1,1,0
0.51874846,0.2952289856653429,2.776778210932318,0.9,1,0,1
0.43428928,0.45876071187221173,3.2688538376159997,0.5,0,2,-2
0.35516003,0.43461846365573065,2.927607301917491,0.9,0,1,-1
0.48383784,0.435156850925698,2.9967879635555583,0.9,0,1,-1
0.3674474,0.36869677392988387,3.039259108777986,0.9,1,0,1
0.44078273,0.4167570275364995,3.185830910437533,0.8,1,0,1
0.49258527,0.4009967051633589,3.4250066620360853,0.7,1,0,1
0.53616667,0.4387258354338029,3.2827373095049412,0.8,2,0,2
0.40989292,0.44729656608364143,2.9738513896100454,0.9,1,0,1
0.4717526,0.37317864898142095,3.086411020600935,0.8,0,1,-1
0.47966412,0.1524131425045276,3.028991962451992,0.8,1,0,1
0.35653275,0.3107844253590495,2.9031332547237456,0.9,0,0,0
0.4064182,0.39032057241050355,3.01867904060296,0.9,1,0,1
0.4127018,0.3705204205278914,2.937438010314799,0.8,0,2,-2
0.40789962,0.4433687373408669,2.9725513464956443,0.9,0,0,0
0.3806155,0.41313529610048505,2.776778210932318,0.9,1,1,0
0.32524544,0.39538168624740944,2.9530822987655223,0.9,3,0,3
0.555376,0.2937578400940784,2.947056898478542,0.7,0,0,0
0.3215622,0.4062600930559546,3.0677583030124262,0.9,0,0,0
0.5309524,0.38473861810481,3.2245936388196177,0.8,0,1,-1
0.4445445,0.40190292660496324,3.0077174691301485,0.9,0,0,0
0.5355961,0.3680373435549147,3.2533170940755913,0.9,1,0,1
0.421696,0.38871299647456103,3.3245304705471397,0.7,0,0,0
0.5456061,0.32972001331425804,3.29818382361874,0.8,0,0,0
0.4332282,0.4561095947368614,2.971090904737812,0.9,1,0,1
0.48305294,0.3887827765380479,2.823490576469806,0.9,0,0,0
0.57698625,0.27225811119332016,2.9518387305144014,0.7,1,0,1
0.5086149,0.37699669724713647,2.8798554875455857,0.9,1,0,1
0.498665,0.39489047092676843,2.728948870365158,0.9,0,1,-1
0.42645833,0.47240350320724445,3.5602763383680345,0.4,0,1,-1
0.37997913,0.46032164173554724,3.854285871987246,0.2,0,1,-1
0.31443983,0.5030542019272081,3.623516641218015,0.4,0,0,0
0.50610167,0.4457643985225261,3.112771984641639,0.9,0,0,0
0.46230257,0.32794215760331347,3.190691517848191,0.9,0,0,0
0.3861817,0.30995671459978763,2.728948870365158,0.9,0,0,0
0.48116863,0.420003937961914,2.8798554875455857,0.9,1,1,0
0.40296814,0.4943781577191807,3.02544195406668,0.9,1,1,0
0.4485093,0.4739598088504087,2.823490576469806,0.9,0,2,-2
0.42450294,0.40915092487121774,3.0310053222938813,0.8,2,0,2
0.4515175,0.39050502800267695,3.209282221599798,0.7,1,0,1
0.44040996,0.3098034079711419,2.776778210932318,0.9,0,0,0
0.4156166,0.45888751119270205,3.170229571393118,0.7,0,1,-1
0.26451898,0.41875440186611784,3.0245326621379904,0.7,1,1,0
0.24577327,0.49101790663240064,-0.0,0.0,0,0,0
0.43583715,0.4408462124317906,3.0575063969967093,0.8,1,1,0
0.41814858,0.4724123925253077,3.2321588913645702,0.8,0,1,-1
0.4263118,0.4525491815753221,3.01867904060296,0.9,1,1,0
0.49554223,0.38590852076686927,3.0717350271381694,0.9,0,1,-1
0.45674866,0.3089877682792843,3.132625151214078,0.7,0,0,0
0.5125771,0.45466888498216745,2.8798554875455857,0.9,1,1,0
0.5201548,0.32487634709199426,2.8574221168384883,0.8,0,0,0
0.5464261,0.37219031048194523,2.8798554875455857,0.9,0,0,0
0.51433694,0.37710839665809576,2.8876718403890336,0.9,1,1,0
0.37547845,0.4978864072616229,2.8876718403890336,0.9,1,0,1
0.45875835,0.22659271625361685,2.8791474648822764,0.9,0,0,0
0.5139877,0.2398312037138311,2.9679174262008736,0.95,1,0,1
0.49456567,0.5584136929320203,3.1505525249150974,0.9,2,0,2
0.44578648,0.16100267503198862,3.031737433422466,0.7,0,0,0
0.46677825,0.38116999965800086,2.9674384307249486,0.8,0,1,-1
0.39919558,0.38415501476638464,3.044801661238701,0.8,0,2,-2
0.2572267,0.36929213064560334,3.214438730983427,0.6,0,1,-1
0.3246193,0.45592163137497616,3.59693703896012,0.6,0,1,-1
0.43325624,0.38380534929377724,3.149613106056138,0.8,1,1,0
0.4765872,0.24906121056466968,3.488884070537636,0.5,2,0,2
0.4372632,0.3481443952415084,2.8798554875455857,0.9,0,0,0
0.3514768,0.30829502503942985,2.8798554875455857,0.9,1,1,0
0.529032,0.42626666617965336,2.9738513896100454,0.9,0,1,-1
0.41481724,0.427557431784592,2.8311845963584887,0.8,1,0,1
0.53635556,0.40085998495905684,2.8311845963584887,0.8,0,1,-1
0.35365456,0.3453733666547433,3.0621735653919635,0.9,0,1,-1
0.53832644,0.3346405068671423,3.0,0.8,0,1,-1
0.36017781,0.40549449967390994,3.1536468530213724,0.8,0,0,0
0.47569817,0.4173315651346567,3.140968445150808,0.9,1,1,0
0.44700107,0.3394525438560602,3.129947184477478,0.8,1,0,1
0.42069396,0.4168199575994342,2.6695564328771777,0.9,0,0,0
0.5320518,0.49114183397510836,2.5348767731786026,0.9,0,0,0
0.5380793,0.3580715141712697,1.8741838269462516,0.9,2,0,2
0.43348253,0.4652578922064579,1.5574319619297041,0.8,1,3,-2
0.45456603,0.40843950186715283,1.9141701112307734,0.8,0,2,-2
0.39775577,0.43341440450394586,3.1553993115748957,0.8,0,2,-2
0.42352784,0.31117047045790414,3.039563256665049,0.9,1,0,1
0.41288367,0.42003633133626117,2.8798554875455857,0.9,0,1,-1
0.4199031,0.3850980007250216,3.0095419864445954,0.9,1,1,0
0.33982837,0.412461999856516,3.069048439318099,0.9,0,0,0
0.5162126,0.36662394778267493,3.0547830972789125,0.9,0,0,0
0.5085571,0.4245339003642905,2.97765944295582,0.9,3,0,3
0.40002087,0.4612558048427194,3.17357489816389,0.7,3,2,1
0.5415479,0.2881196476359933,3.103123915182724,0.8,2,0,2
0.4361311,0.3822565852757655,2.934661076610322,0.9,1,1,0
0.4267871,0.2907194752843723,2.916499308617005,0.8,0,0,0
0.39354593,0.4440596365716574,3.071928094887362,0.8,0,0,0
0.53071195,0.3974616166068627,3.07173502713817,0.9,2,0,2
0.50056106,0.3744878967003808,3.753434386188785,0.3,1,0,1
0.41621253,0.3926053434372597,2.9738513896100454,0.9,1,0,1
0.4813497,0.37943178392035765,3.4006072955891278,0.7,1,0,1
0.46559972,0.38117149462049654,3.227367152431486,0.8,1,2,-1
0.37131265,0.41160560658814155,3.1088120788437013,0.8,1,2,-1
0.5107078,0.41418123213250757,2.9945421313123273,0.9,0,0,0
0.490502,0.3612831612113131,3.1759131975107024,0.8,3,0,3
0.3912331,0.3690621001459244,3.0329440206159575,0.9,1,1,0
0.48476923,0.47297924572297906,3.2712219457826235,0.7,2,0,2
0.47551575,0.3299970704260278,3.0782433566073997,0.7,0,0,0
0.53143907,0.41994082355837353,2.8311845963584887,0.8,0,1,-1
0.49155843,0.42306621191012656,2.941487369838532,0.9,0,1,-1
0.560817,0.4154542606510184,2.75617873048892,0.9,0,1,-1
0.54582644,0.4227823214925328,2.569548995934459,0.8,0,0,0
0.4110464,0.3763859975181795,1.9784820284039009,0.8,1,2,-1
0.49998122,0.4520511025457344,2.0074501144825785,0.9,0,1,-1
0.44131222,0.41178147086718403,2.114805144339332,0.9,2,0,2
0.5181126,0.4363524294590403,1.961236604722876,0.8,1,0,1
0.3572079,0.43462303986775375,2.2346970025308774,0.8,1,2,-1
0.40973213,0.4341362823715384,1.5812908992306924,0.7,1,0,1
0.3970837,0.37870517844553425,1.9588718484453602,0.7,1,0,1
0.43414193,0.3975730992252952,1.8973172606697073,0.9,0,0,0
0.5033362,0.3703174506624685,2.8876718403890336,0.9,0,1,-1
0.48704028,0.4650430163537016,2.9863500302553123,0.8,0,0,0
0.44747314,0.40079177348838746,3.2101465382382175,0.9,2,0,2
0.47736627,0.3725846985885439,2.979339488838998,0.9,0,0,0
0.39751852,0.4054577923483357,3.157296579325624,0.8,1,0,1
0.50378233,0.3894527278767345,2.573216088399827,0.9,0,1,-1
0.38741225,0.3826071701177134,1.873562518512994,0.9,3,0,3
0.38488302,0.4731033597522283,1.8370206542387149,0.9,0,1,-1
0.3554953,0.3790722697495462,1.4591479170272448,0.9,1,0,1
0.4468201,0.397302947014218,2.8775625439179686,0.7,0,2,-2
0.5573546,0.3735512190841386,3.0595608142862893,0.8,0,1,-1
0.32888594,0.4803934777699419,3.0,0.8,1,0,1
0.4977297,0.40059039252643336,2.908173336682674,0.9,1,0,1
0.45548955,0.3695071382849793,4.00182282562223,0.1,0,2,-2
0.49265558,0.32173242838419314,2.823490576469806,0.9,0,0,0
0.42094097,0.3888124876598168,2.823490576469806,0.9,1,2,-1
0.38811523,0.3617336837111908,2.927607301917491,0.9,1,0,1
0.52862966,0.3286194834110204,2.9998737308598007,0.9,1,0,1
0.27678195,0.46074589821805156,3.045461844238322,0.9,0,0,0
0.383576,0.39708166448915505,3.072140159802109,0.8,0,1,-1
0.49698445,0.37175691258876564,2.7760518106932093,0.9,0,1,-1
0.46145907,0.4571635076606571,3.066882991742246,0.7,1,0,1
0.4944577,0.36225504473533404,2.908173336682674,0.9,1,1,0
0.42919633,0.3835139301147478,2.8876718403890336,0.9,1,0,1
0.4312518,0.3200873531392295,3.1944806448504592,0.5,0,1,-1
0.38508016,0.4209408185268665,2.8921748610432796,0.9,1,0,1
0.45238385,0.49144291381362115,2.910850294564907,0.9,0,1,-1
0.5357107,0.24998120295873077,3.137073010426271,0.8,1,0,1
0.45344937,0.13491355972362976,3.093182919412323,0.7,0,0,0
0.47077045,0.40435897591436964,2.956623811079363,0.9,0,0,0
0.46510753,0.3493140858777103,2.5546831510507397,0.9,2,0,2
0.42718476,0.34472140014404457,0.8658566174572236,0.9,0,0,0
0.434315,0.46503505707684145,1.9450355658756875,0.9,0,2,-2
0.5183853,0.4387599402112759,2.019973094021975,0.9,1,0,1
0.25269997,0.5303915725600759,-0.0,0.7,0,2,-2
0.46602213,0.40795559407542276,3.6386079884705573,0.9,2,2,0
0.46348372,0.42923985254444974,3.4842551447947994,0.8,2,1,1
0.41092452,0.34463535915538773,3.4293476760378216,0.8,0,0,0
0.47232285,0.4764276200363341,3.5281658735933163,0.9,1,4,-3
0.52987,0.37236202058445866,3.6248915748109005,0.9,2,1,1
0.46987817,0.3531273241022551,3.0761263123319322,0.9,0,0,0
0.31052878,0.36323147477103696,3.1454618442383215,0.9,2,0,2
0.4429493,0.47058845748485134,3.20945336562895,0.8,0,1,-1
0.44445336,0.3408039716199203,2.9738513896100454,0.9,1,0,1
0.53338766,0.3564595807115248,3.708987300258801,0.4,3,1,2
0.4302955,0.3754500367277319,2.9638561897747246,0.8,0,1,-1
0.49607635,0.33892206454160195,2.9654387473416097,0.8,0,2,-2
0.41663745,0.3450202105359561,4.021928094887363,0.1,1,1,0
0.38821983,0.4713695397086977,3.316123803725706,0.9,0,1,-1
0.45965657,0.4242345104521582,3.355953642864355,0.7,1,0,1
0.44939256,0.3091846653360419,2.927607301917491,0.9,0,0,0
0.41497418,0.3087718847819485,2.95311500557286,0.9,0,0,0
0.42883024,0.4308012471356277,3.0595608142862893,0.8,1,2,-1
0.45555985,0.40970523554483906,3.069716848092721,0.8,1,0,1
0.3021391,0.3839625237978592,4.087462841250339,0.05,1,1,0
0.3919659,0.45034804204137097,2.986159088827293,0.9,0,1,-1
0.36635122,0.4474650114215111,3.0077174691301485,0.9,1,1,0
0.5077593,0.3827647764151514,2.9744093506911735,0.9,2,0,2
0.5258461,0.36167970960531215,3.016150648454355,0.8,1,0,1
0.40558204,0.42288909676579634,3.1292830169449664,0.8,0,2,-2
0.5506397,0.36214963232843217,3.0689594699403453,0.9,0,1,-1
0.31868964,0.461292122183478,3.405764584655453,0.4,1,1,0
0.52155906,0.48832912717870836,3.217599800717718,0.9,0,1,-1
0.50814325,0.47579189571470504,3.1236658734343736,0.9,2,0,2
0.49835923,0.3532426229401344,3.1828218141532223,0.7,1,1,0
0.3055194,0.347962828064613,2.998966624432267,0.9,0,1,-1
0.51229936,0.3289794581273309,2.9939410804329745,0.8,0,1,-1
0.44061467,0.3287100094817164,3.044801661238701,0.8,0,0,0
0.46703163,0.33130855716686963,2.908173336682674,0.9,0,1,-1
0.523079,0.4516399774009297,2.776778210932318,0.9,0,0,0
0.4636377,0.48845904487985287,1.8988934941577413,0.9,0,0,0
0.36796027,0.476469344724325,0.9402859586706311,0.9,0,0,0
0.5144424,0.14720042846192444,1.5058231002082847,0.7,1,0,1
0.5095674,0.4465894958948531,1.8910910066364837,0.9,0,0,0
0.39306787,0.3828564513523066,1.5537631144722455,0.8,0,1,-1
0.5300057,0.3388139432267091,3.119830238004583,0.8,2,0,2
0.39513427,0.31335225978946907,3.064198871213577,0.8,0,0,0
0.4651184,0.49820105535975023,3.6231922804242926,0.7,1,1,0
0.40505004,0.4451518403156393,3.3016094970590273,0.7,1,0,1
0.54463434,0.37833803854186815,3.211584194015353,0.8,2,0,2
0.5427978,0.3416077287512385,2.7251878900165245,0.9,1,1,0
0.4372217,0.4465529506868681,1.9803464138951994,0.8,0,1,-1
0.42170107,0.4371458766168114,1.9347154954246264,0.8,2,1,1
0.5053785,0.4180296314731538,1.900670967392199,0.9,0,1,-1
0.49312297,0.41994034194778956,2.1735332098491886,0.8,0,0,0
0.39421764,0.42998791784602874,3.182683189255492,0.9,0,0,0
0.45414412,0.4576406966899758,2.933376040408504,0.9,0,0,0
0.4219871,0.412626225656092,2.728948870365158,0.9,0,0,0
0.45411816,0.4753023326964609,3.1812763696025814,0.6,1,2,-1
0.41428947,0.33932042865500645,3.1647480236465673,0.7,1,0,1
0.5559375,0.38014825100520483,3.2284986228674772,0.9,0,0,0
0.43358594,0.3867292118965056,3.5084528468535217,0.5,2,0,2
0.41995782,0.4605017539622616,2.95311500557286,0.9,1,1,0
0.4142312,0.33813267253618184,3.3474800947560617,0.8,0,2,-2
0.4099289,0.44965988891043324,2.927607301917491,0.9,0,1,-1
0.5338926,0.397731041490985,2.8218881955261788,0.9,1,0,1
0.41292876,0.40983759261382746,2.4751878900165245,0.9,0,0,0
0.38469577,0.29608651944298015,1.7263472243434204,0.9,1,1,0
0.459821,0.37059706625631955,2.0687942075658454,0.9,2,0,2
0.51113546,0.389161074761953,2.6595347260784035,0.9,1,2,-1
0.48746812,0.3752740793087876,3.154222184683522,0.8,0,0,0
0.49058175,0.42617736039387766,2.9861590888272938,0.9,0,0,0
0.5698701,0.3876518219493085,2.989182936554447,0.9,1,0,1
0.5839957,0.28347848574775725,3.1447791050451284,0.8,1,0,1
0.45262894,0.4353362217270275,3.260277302586126,0.8,2,0,2
0.41493583,0.4951186278975859,3.9312089489103226,0.2,0,1,-1
0.483905,0.3898655020864883,2.8690954395801547,0.9,0,1,-1
0.49229422,0.37570633466070336,3.145461844238322,0.9,0,0,0
0.5053347,0.3458840614884924,2.9566238110793632,0.9,2,1,1
0.44998336,0.4771403133502595,3.417796811598595,0.8,1,2,-1
0.50553817,0.39305768404437247,3.718441033455765,0.7,1,3,-2
0.437256,0.20401912999892127,2.636141082076489,0.9,0,0,0
0.46305835,0.382815925613957,2.7452277484814216,0.9,1,0,1
0.39058226,0.4021449012940654,3.6869275076818293,0.7,3,0,3
0.36632076,0.35879980767274255,2.219973094021975,0.9,1,0,1
0.32078674,0.3047617428031683,3.072930304900479,0.8,2,0,2
0.3358215,0.4664142825530266,2.8798554875455857,0.9,0,0,0
0.4264191,0.33281123769851534,3.0782433566073997,0.7,0,1,-1
0.49305916,0.4670501565920975,3.3035480103414296,0.7,2,1,1
0.36145207,0.40823773403776087,3.1183319070241815,0.7,1,0,1
0.4669429,0.3441409137232619,3.01867904060296,0.9,0,0,0
0.46454445,0.31344560431397583,2.9530822987655223,0.9,0,0,0
0.52884,0.29659947658339586,2.9942654887716738,0.9,0,0,0
0.42830813,0.44610669835887884,2.9738513896100454,0.9,1,0,1
0.3770207,0.47636549700912595,3.2185179373177304,0.7,0,0,0
0.46352777,0.38883412782716303,2.8272085933443494,0.9,0,0,0
0.43365163,0.4157538116835309,2.8272085933443494,0.9,0,1,-1
0.36466596,0.37118330829394003,3.231038391295044,0.5,2,0,2
0.5506991,0.4387091830844126,2.9187140524716635,0.9,1,0,1
0.32210395,0.47534897625624156,3.0668829917422458,0.7,1,0,1
0.5108485,0.38315423642327656,2.2591419842479024,0.8,1,0,1
0.5715024,0.3230966363214365,1.3821022532543101,0.9,0,0,0
0.4327755,0.3843708343111948,1.456564762130954,0.8,0,0,0
0.409238,0.49258729793604356,1.8988934941577411,0.9,0,1,-1
0.43262014,0.3222044851905742,1.4806821149663847,0.8,0,0,0
0.4369744,0.4199505042800452,2.937193208607594,0.8,2,1,1
0.54438084,0.3445870221864768,2.3518232255517657,0.8,1,1,0
0.46527684,0.3059894140949326,2.4516084941043097,0.8,2,1,1
0.35869575,0.46727882648641533,1.9749375012019268,0.3,1,0,1
0.4638315,0.403707957111322,2.418722908066561,0.8,1,1,0
0.40044013,0.44521065727551806,3.18763955442293,0.8,0,1,-1
0.49892184,0.44760458706653133,3.3355594735171765,0.9,2,0,2
0.53063357,0.4987011731397435,3.2555742378637427,0.9,0,0,0
0.4199315,0.45680753309287664,2.776778210932318,0.9,0,1,-1
0.5577911,0.2916157904682836,3.394806404777064,0.8,1,0,1
0.38613743,0.43477158698072377,3.1301249653149705,0.7,0,1,-1
0.36972982,0.492461574039514,3.147194987260238,0.8,1,1,0
0.47555378,0.4474886284123452,3.4950236814247178,0.6,0,1,-1
0.4161651,0.5078434283472298,3.0295519634006656,0.9,0,1,-1
0.3539596,0.3668453079054953,3.2660562582833683,0.7,1,0,1
0.39197007,0.39405785269528354,3.1438638114136643,0.9,0,2,-2
0.5021704,0.375224944001689,3.182186598587066,0.8,1,0,1
0.458771,0.4355911058758133,3.420830094435548,0.6,1,2,-1
0.5482567,0.29153882655014185,3.1853898088629222,0.9,0,0,0
0.4690372,0.44977028131180163,3.060923402711056,0.9,0,2,-2
0.43068135,0.35460068804995626,3.0309420341957067,0.9,0,0,0
0.54292876,0.4066758540170763,3.1377618519913746,0.9,0,0,0
0.42472497,0.40938450259675263,3.271546960000905,0.7,0,0,0
0.43471885,0.346573122828228,2.972096688995876,0.9,0,1,-1
0.5114683,0.4231660334993349,3.102683189255492,0.9,1,1,0
0.5279732,0.4445612486881212,3.5658656923010206,0.7,0,3,-3
0.43009555,0.47913349624674995,2.971937367931712,0.9,0,0,0
0.49061656,0.3143120409977215,3.5990232363576773,0.8,0,1,-1
0.40294325,0.430351358343911,3.5786325663364376,0.9,0,1,-1
0.43953592,0.4444132986101252,3.6152650448514785,0.7,0,2,-2
0.41344512,0.35159662961018157,2.867353772834994,0.9,0,1,-1
0.53740424,0.39727684404180463,2.9318497041442484,0.9,0,1,-1
0.5067084,0.2917553346431614,2.867353772834994,0.9,1,0,1
0.5198365,0.3834050166923515,2.822683189255492,0.9,0,1,-1
0.25018278,0.4804052246446966,2.8924327309924456,0.9,1,0,1
0.39698413,0.3093968325384489,3.1410091508178666,0.8,0,0,0
0.39200124,0.41731639939180293,2.927607301917491,0.9,1,1,0
0.52286804,0.3720548745727009,2.8955933144511468,0.9,0,0,0
0.5521672,0.3090792452114519,3.101780181458911,0.8,1,1,0
0.41832343,0.4867285849249451,3.113649565593694,0.8,0,0,0
0.38969502,0.4206103359765245,2.8851204539117536,0.8,1,0,1
0.53076684,0.36376802100465566,2.8955933144511468,0.9,0,0,0
0.51564616,0.44666911444752894,3.1907921139772113,0.9,1,1,0
0.5146785,0.2894837602698879,3.09117192688693,0.9,2,0,2
0.42924896,0.2609647445387815,2.9414873698385327,0.9,0,1,-1
0.4261059,0.46680212303609,1.5537631144722455,0.8,0,1,-1
0.53607947,0.3495407161331547,2.1925950047598812,0.8,0,2,-2
0.48771772,0.19895648880569575,1.54515313983491,0.9,1,0,1
0.46047497,0.2687473386305392,1.9450355658756877,0.9,0,0,0
0.37053937,0.39071282678248553,1.5451531398349103,0.9,0,0,0
0.3120143,0.284716674373004,1.584962500721156,0.1,1,1,0
0.5410128,0.40871795710296244,2.725323664419641,0.9,0,2,-2
0.42620128,0.4120378979111794,2.490108908906936,0.9,0,0,0
0.48249874,0.37649077420094634,2.858278308418045,0.5,1,0,1
0.39756888,0.4059071879146909,2.4010583224943756,0.9,0,0,0
0.47742167,0.29405163181270716,2.8851204539117536,0.8,0,0,0
0.5132826,0.2907100218338197,2.9081733366826743,0.9,1,0,1
0.6029707,0.376982285329159,3.341541440009987,0.9,1,1,0
0.52410674,0.37458182704065773,3.0607476884752547,0.8,0,1,-1
0.4320104,0.3589415677745149,2.8798554875455857,0.9,1,0,1
0.46503544,0.3828295017283107,3.3596970025308766,0.7,0,0,0
0.49256328,0.420706981737946,3.136880337497435,0.8,0,1,-1
0.42292067,0.33643695311155736,3.3289955584009228,0.8,0,1,-1
0.53034014,0.38385758733167286,3.3021011143690755,0.9,0,2,-2
0.4428004,0.28286016275686615,3.277107928725263,0.9,0,0,0
0.389849,0.4322626739316693,2.9300191536916556,0.8,0,0,0
0.42792514,0.2959364634554038,2.863826390090816,0.9,0,0,0
0.46442115,0.3273206859478799,2.9318497041442493,0.9,0,2,-2
0.5321775,0.2812796490073309,3.1862428614133083,0.7,1,0,1
0.41343862,0.45831668661878383,3.1690354219421173,0.7,1,0,1
0.49118382,0.35637064500544213,2.973851389610045,0.9,0,0,0
0.4098902,0.4195497132635776,3.01867904060296,0.9,1,0,1
0.38483375,0.30853324129246895,3.0295519634006656,0.9,2,1,1
0.45518824,0.3363428910788745,2.9276073019174915,0.9,0,0,0
0.49420178,0.29085894600223233,3.029551963400665,0.9,0,1,-1
0.48311815,0.3081251246721056,2.9654387473416097,0.8,0,1,-1
0.41897878,0.4555162237002431,3.309216080205241,0.8,0,0,0
0.41070327,0.4695928036615881,3.1441259367000187,0.8,0,1,-1
0.43376645,0.3491383344617715,3.301804026733389,0.8,1,0,1
0.46513054,0.45198084307685504,3.5886008010124737,0.4,1,1,0
0.35729817,0.38535778576158686,3.1565803937280443,0.8,0,0,0
0.46720755,0.3623946306019003,3.0395632566650486,0.9,0,2,-2
0.5528129,0.44235145853531777,3.2284986228674772,0.9,3,0,3
0.5326404,0.22007739556796882,2.9414873698385327,0.9,0,0,0
0.5127167,0.3504951030013094,2.8876718403890336,0.9,1,0,1
0.4405777,0.41258291447648054,2.85586569475248,0.8,1,1,0
0.38131276,0.38053853399487103,2.95746351696179,0.9,1,1,0
0.40071782,0.37903285347033855,2.4429473396608685,0.7,1,0,1
0.58094835,0.35220331408979516,2.4368059872479155,0.9,1,0,1
0.53265196,0.40939812341198845,1.8566532127809319,0.8,1,0,1
0.49515572,0.43706924088566984,3.0621735653919635,0.9,0,1,-1
0.41327882,0.26547342156658094,3.155399311574896,0.8,1,0,1
0.47713134,0.3269027102707739,2.9738513896100445,0.9,0,0,0
0.4604715,0.390660869900172,3.062173565391964,0.9,1,0,1
0.32297817,0.49167528293781154,4.058813890331201,0.1,1,0,1
0.44121206,0.39869350466531134,2.963856189774724,0.8,0,1,-1
0.43346226,0.40885560648902575,3.01867904060296,0.9,2,1,1
0.5135542,0.45662336047709245,3.2219280948873625,0.9,0,1,-1
0.5151391,0.1761489629739888,2.9414873698385327,0.9,1,0,1
0.46702304,0.3507929394840653,3.0874628412503395,0.8,0,0,0
0.47893855,0.45896575537150475,3.5026831892554924,0.9,0,1,-1
0.41972336,0.34181983479047,3.1087813061987757,0.8,1,1,0
0.45112255,0.4377970140880828,2.9674384307249486,0.8,0,1,-1
0.4399812,0.4357129594264331,3.551595655674384,0.7,1,0,1
0.411024,0.4073219162512465,3.5398868317298304,0.9,0,2,-2
0.44815218,0.4125618816747737,3.136880337497435,0.8,1,0,1
0.33630073,0.3736078033865255,3.252493395914097,0.6,0,0,0
0.47254682,0.41456197024547414,3.4513930230663687,0.7,1,0,1
0.38031548,0.43317190384797294,3.2389543694921636,0.7,0,0,0
0.3867177,0.35315913243208497,3.1841837197791887,0.8,1,2,-1
0.35930252,0.4913221210796137,0.9182958340544896,0.2,1,0,1
0.50422907,0.43840338372402987,2.29597512699001,0.9,1,1,0
0.47818482,0.445434915954358,2.0940001605649314,0.8,0,1,-1
0.59082586,0.3316961925343659,2.448102070191481,0.9,0,0,0
0.5859609,0.34550769777155615,2.237397409783102,0.9,1,1,0
0.56422144,0.33106632623492604,2.9481174211304033,0.9,0,0,0
0.31373912,0.4635567782810573,2.927607301917491,0.9,0,0,0
0.37786317,0.47497212731724286,3.01867904060296,0.9,0,0,0
0.49820724,0.44935187091306383,3.01867904060296,0.9,0,1,-1
0.4481528,0.42554378684991817,2.9861590888272933,0.9,0,0,0
0.43062583,0.32077155352033015,2.95718034030284,0.9,0,0,0
0.3954326,0.3489940238032429,2.8690954395801547,0.9,0,2,-2
0.49831545,0.2645789271860957,3.0172422014641866,0.9,1,0,1
0.41799098,0.3736628552304999,3.1610072790013097,0.7,0,0,0
0.36310273,0.4091834545199782,2.927607301917491,0.9,1,1,0
0.39416993,0.40740783404415737,2.9276073019174915,0.9,0,0,0
0.32430804,0.5177983667827784,2.8798554875455857,0.9,0,0,0
0.4036916,0.3689055066984029,2.9300191536916556,0.8,1,1,0
0.39456108,0.48010458116010507,2.8798554875455857,0.9,0,0,0
0.51235485,0.4262548626734632,2.927607301917491,0.9,0,1,-1
0.513673,0.4424940903895218,3.2047348143455756,0.8,1,2,-1
0.4256244,0.39403212222271045,1.8910910066364837,0.9,2,1,1
0.48470622,0.43001686319621546,2.668526604391544,0.9,2,1,1
0.46671882,0.43156821210441926,2.2282129458410016,0.6,1,1,0
0.4524863,0.32960163737156684,2.193359374062351,0.8,2,1,1
0.5202685,0.36760171506328354,2.9674384307249486,0.8,1,1,0
0.5360696,0.38238596038269584,2.876629167387823,0.8,1,1,0
0.41297737,0.44322841753527964,2.872253928364927,0.9,2,1,1
0.47446534,0.4187150161675881,3.1289209382414778,0.8,1,0,1
0.4214641,0.41144517649316376,3.1872252979742095,0.6,2,1,1
0.5230106,0.3868518298448869,2.9725513464956443,0.9,2,1,1
0.44153082,0.34014163299792993,3.0234651896016467,0.8,0,1,-1
0.45928353,0.3966621102863846,3.0212406251802895,0.9,1,1,0
0.47496128,0.32960936851373174,3.067408766117008,0.9,1,0,1
0.514481,0.3415357128327932,2.9830749314332756,0.8,1,0,1
0.264227,0.4116696946483868,0.9864267287308426,0.7,1,1,0
0.46263114,0.33993744780381185,0.4689955935892812,0.9,0,0,0
0.47393754,0.4113502926291873,1.5821930667351334,0.8,1,1,0
0.43098652,0.3621081562055085,0.4689955935892812,0.9,0,0,0
0.44909596,0.44821223984729747,2.8744934713060357,0.5,0,0,0
0.53918386,0.40317241501215606,3.0792453930625077,1.0,1,1,0
0.42307603,0.5114192881991362,2.9353304337535,0.9,0,1,-1
0.46786252,0.34933221082925536,1.871602261409798,0.9,0,0,0
0.4487408,0.3481368153114306,2.8626831892554923,0.9,1,1,0
0.4542776,0.45771469398609016,2.6920966889958753,0.9,0,1,-1
0.4744148,0.4646133431471313,3.13075120300984,0.9,0,0,0
0.36646575,0.46014333142142433,3.0621735653919635,0.9,0,2,-2
0.42968857,0.4046475198191654,3.01867904060296,0.9,0,2,-2
0.24473472,0.30638321328127854,3.719294525666979,0.3,0,0,0
0.5387125,0.3457773287761133,3.1542221846835226,0.8,0,0,0
0.54494375,0.42242825947797824,2.776778210932318,0.9,0,1,-1
0.41286886,0.430907450110969,3.560025957197403,0.5,0,0,0
0.5023756,0.4049021805815827,3.2177794902800865,0.8,0,2,-2
0.42855674,0.3514345555987142,2.908173336682674,0.9,1,0,1
0.4471594,0.34974395409158887,3.0939422602619,0.7,1,1,0
0.38004205,0.4787194511466372,3.0575063969967093,0.8,1,1,0
0.45757923,0.41321820100771006,3.081936762029113,0.9,2,0,2
0.33405,0.44445684457378065,3.3055827189670937,0.6,2,0,2
0.44193622,0.41705124877612954,3.0220670436645483,0.8,0,2,-2
0.5292407,0.453873093887755,3.829263953235654,0.7,1,1,0
0.47805917,0.45697716803859906,3.1454618442383224,0.9,1,0,1
0.4819196,0.47807912133310126,2.867353772834994,0.9,1,0,1
0.5250414,0.2985610814446454,3.6253678580655504,0.4,3,1,2
0.4062653,0.4108327484609983,3.5506551812150384,0.4,1,0,1
0.4362192,0.43877651490638925,3.0510050526598267,0.9,0,1,-1
0.3047972,0.4654250041349239,-0.0,0.7,0,2,-2
0.43431246,0.4847372171251854,1.962354483657865,0.9,1,0,1
0.40981215,0.4008864008938072,1.577428772913488,0.9,1,1,0
0.4243562,0.41867392142397813,1.1981174211304033,0.9,0,1,-1
0.52135843,0.3904382696807171,2.30008343145131,0.8,0,0,0
0.42728385,0.21553988827584367,3.0373651859873494,0.9,0,0,0
0.48500538,0.2648736536386211,2.941487369838532,0.9,0,0,0
0.48796022,0.3465664413441889,2.8955933144511468,0.9,0,0,0
0.39530686,0.36258265219415226,2.9333760404085045,0.9,0,1,-1
0.5028421,0.2955861581535717,3.0080950024529063,0.9,1,1,0
0.49892676,0.43518191664748074,3.113108112262382,0.7,1,2,-1
0.45936763,0.29089658795478357,3.3491229175080153,0.9,0,0,0
0.53526026,0.26090773687821445,3.074580633865934,0.9,0,1,-1
0.4527995,0.41748721420163604,2.720582776146013,0.6,1,0,1
0.43791026,0.3340319757843758,2.9540036423298544,0.5,1,0,1
0.27343473,0.3685816771207718,3.1944806448504592,0.5,1,1,0
0.48223504,0.3440537573610542,2.8311845963584887,0.8,1,0,1
0.51014215,0.2114812052991427,3.2733494559629492,0.8,1,0,1
0.49664024,0.4797994994808447,3.014519643448729,0.8,1,1,0
0.47474754,0.2800689854070811,2.9646249865489063,0.9,1,1,0
0.4137883,0.38912801330902136,3.069716848092721,0.8,0,1,-1
0.35107568,0.4075543559578129,3.161926950079128,0.8,2,2,0
0.47998267,0.17816613662770675,3.3218881955261788,0.6,1,0,1
0.46741572,0.4480440343029532,3.381594692278095,0.8,0,1,-1
0.52274466,0.3836661087217379,3.343291049558466,0.8,0,0,0
0.4675521,0.3196514301478097,2.8515895533744873,0.9,1,0,1
0.46193874,0.3668188553460153,2.822683189255492,0.9,0,1,-1
0.47820687,0.3059079598329365,2.927607301917491,0.9,2,0,2
0.42192796,0.4318373126698011,3.147191429566854,0.8,1,2,-1
0.45370543,0.3570895593501875,3.028991962451992,0.8,0,1,-1
0.32856196,0.41050991834247036,0.9967916319816367,0.8,0,1,-1
0.4139954,0.3615219782070669,1.5774287729134877,0.9,0,1,-1
0.35452268,0.30089646417014393,0.9182958340544896,0.8,1,0,1
0.40650487,0.4413774025317626,1.9899343783255763,0.7,1,1,0
0.49877235,0.300857511730115,1.4152689500270956,1.0,1,0,1
0.40818366,0.4330993864330305,2.927607301917491,0.9,1,0,1
0.37162614,0.3656264757470626,3.087462841250339,0.8,0,1,-1
0.47585034,0.46586375806566666,2.822683189255492,0.9,1,0,1
0.471611,0.5003542070354265,3.053020192448046,0.7,0,1,-1
0.49403965,0.3641894112579852,2.7751070248348753,0.9,1,0,1
0.42048442,0.34202240003965234,2.9967879635555583,0.9,0,0,0
0.38011536,0.4258898888523524,3.170229571393118,0.7,1,1,0
0.47314653,0.45840043067678854,2.9276073019174915,0.9,0,2,-2
0.49614418,0.3417102661752813,2.928439190827718,0.8,1,0,1
0.43782237,0.47577176654794257,2.9108502945649066,0.9,1,0,1
0.46090612,0.4162805151253184,3.0741647430225756,0.9,1,0,1
0.39935258,0.37302402159206643,3.377443751081734,0.6,1,1,0
0.47144702,0.3367371101209086,3.152084351024015,0.9,2,0,2
0.27102447,0.3283007377094196,2.8798554875455857,0.9,2,0,2
0.47304204,0.3872302244054688,3.101823225551766,0.8,0,1,-1
0.50674045,0.35186184114833646,2.7495817701478353,0.9,2,0,2
0.43112513,0.38182816776222867,2.1738787769214394,0.9,1,0,1
0.5525238,0.3960190640874008,2.8048930829432352,0.9,2,0,2
0.4651934,0.43298268071707563,2.4390795706241746,0.8,2,1,1
0.36769563,0.37614012035094213,1.9592989105296894,0.6,1,0,1
0.584587,0.2552427026772648,3.133919825058654,0.7,1,0,1
0.45059022,0.4345707673565636,3.10441119255554,0.9,0,0,0
0.4408921,0.46402984411396164,3.17882010626266,0.9,1,0,1
0.4937086,0.3686979641237156,3.1550455468258045,0.8,1,0,1
0.38403222,0.4384042474944455,2.981714572986073,0.8,0,2,-2
0.51592094,0.40995566120025595,2.9681666405523326,0.9,1,1,0
0.4734309,0.4147092188762437,2.941487369838532,0.9,1,0,1
0.34924436,0.41206763028317905,3.195185826097172,0.9,0,1,-1
0.39971498,0.3762551008443727,3.520192870873945,0.7,2,2,0
0.5097804,0.41197256041212293,3.003386107558156,0.9,1,1,0
0.39793807,0.29704303941638116,3.100030641076971,0.8,1,1,0
0.46541244,0.43213922288062795,3.09306920777189,0.9,0,1,-1
0.41004115,0.3656156673461202,3.1794862319674073,0.8,0,0,0
0.5175526,0.3620262603025079,3.069425412119296,0.8,1,0,1
0.4290773,0.34106627837520886,3.478999067420595,0.5,1,0,1
0.49048388,0.43440834794659106,3.260495710200779,0.9,0,0,0
0.49648288,0.4410144049478793,3.083979431835865,0.9,1,1,0
0.38033986,0.4168730345186214,3.1604984291738054,0.7,0,2,-2
0.52405185,0.41882763660123706,3.3777666768336694,0.9,0,2,-2
0.56786126,0.43717466443667063,3.586359313077639,0.9,3,1,2
0.4879131,0.25054528283454586,2.953243356607399,0.7,0,1,-1
0.4470268,0.4115480511967524,2.5671515332588397,0.9,0,0,0
0.4743013,0.41082283596144586,2.9998737308598007,0.9,0,0,0
0.40622598,0.1888141895264925,1.7883763717345074,0.7,0,0,0
0.4466703,0.3140602550112138,2.4577174691301487,0.9,1,0,1
0.31481794,0.37766760754166967,3.6038561897747243,0.4,2,0,2
0.41434264,0.40257715456396187,3.113470694388588,0.9,1,1,0
0.31753775,0.4088573500158804,3.5084528468535217,0.5,0,3,-3
0.51997095,0.45230729610227666,3.185739435775333,0.8,2,0,2
0.47380772,0.3225797112526403,3.0901153177826637,0.9,2,0,2
0.43571135,0.263270929548289,2.8311845963584887,0.8,0,0,0
0.3891836,0.385011573988895,3.2185179373177304,0.7,1,0,1
0.39275634,0.4049410820315307,3.451309989710664,0.5,2,1,1
0.39199376,0.2712412457604144,3.0476138037241434,0.9,0,1,-1
0.43177783,0.392656523304304,3.121276357834812,0.8,2,0,2
0.3525821,0.3573637352095984,3.2473344554552277,0.7,0,1,-1
0.57519966,0.37992270655086957,3.134156131010638,0.9,1,0,1
0.44958577,0.42025571259797084,3.232110436170081,0.9,2,0,2
0.38418412,0.49289502959373904,3.01867904060296,0.9,1,1,0
0.43948445,0.27744326695818167,3.029038206419861,0.8,2,0,2
0.5543899,0.3898503560377357,3.6707589437382917,0.9,3,0,3
0.52972436,0.36864253938319014,3.590679010745762,0.9,3,0,3
0.42503738,0.2924367907369578,3.1136495655936938,0.8,0,1,-1
0.39347994,0.3626216534017967,3.299269702741467,0.8,1,2,-1
0.49996105,0.29779813273288935,3.3939505403287087,0.8,0,0,0
0.47339812,0.34826753686017076,2.9300191536916556,0.8,0,2,-2
0.43370333,0.4688908113973672,3.289820814018414,0.8,0,1,-1
0.44784248,0.30169470832005335,3.0231369558688854,0.8,0,2,-2
0.40628254,0.44157080162484263,3.2613344931820563,0.8,1,2,-1
0.39289796,0.36537548639501305,3.1236658734343736,0.9,1,0,1
0.55238515,0.38092342072011703,3.410542363199455,0.9,2,2,0
0.48774272,0.39403057871238345,2.6099097168099563,0.9,4,0,4
0.3737638,0.417528004658501,2.33379987011787,0.8,0,0,0
0.47049397,0.3355376194023515,2.145795947575526,0.9,1,1,0
0.5165623,0.32715220564561137,1.824816986216862,0.9,0,2,-2
0.5123559,0.36825133712570707,3.0977968115985957,0.8,1,0,1
0.4963523,0.410090160869067,3.3024697661590063,0.7,0,1,-1
0.46498165,0.44513216619637896,2.823490576469806,0.9,0,0,0
0.49002296,0.36092815920069443,3.1956038334807526,0.8,2,1,1
0.4453932,0.24678713025090465,3.001177815549398,0.9,1,0,1
0.45409706,0.36060924336850386,1.207518749639422,0.9,0,3,-3
0.477046,0.28820003753501716,0.9402859586706311,0.9,0,0,0
0.34815443,0.4189081967361651,2.2815778290074666,0.9,1,1,0
0.397884,0.43538260113466354,-0.0,0.9,0,0,0
0.5055513,0.4099243524507118,1.9943497041442488,0.9,2,1,1
0.48666272,0.33624700216880354,2.726737473412386,0.8,1,0,1
0.5208711,0.2973361343974095,2.48295820487549,0.9,0,0,0
0.46737796,0.4194135814524011,1.3792804872910602,0.9,0,1,-1
0.38206482,0.2958158055650583,1.5052408149441479,0.7,1,2,-1
0.5153582,0.4168606945057125,2.4520039671877054,0.9,0,1,-1
0.39883387,0.32479293469218207,2.8515895533744873,0.9,0,0,0
0.36449927,0.38694776351684557,3.12187240011629,0.9,1,0,1
0.37557185,0.42505399660449433,2.940072687348654,0.8,0,1,-1
0.47412857,0.47989120339702834,3.378095701883179,0.6,2,1,1
0.41114512,0.31755746779112,2.9830749314332756,0.8,0,0,0
0.4329385,0.22852048292266408,3.2245936388196177,0.8,2,0,2
0.49183786,0.3231642630182286,3.086411020600935,0.8,0,1,-1
0.44193047,0.3415712980939657,2.9945421313123273,0.9,0,2,-2
0.53302485,0.3795586078719867,3.173785595221648,0.9,0,2,-2
0.43211812,0.28694622010768867,3.2436272941832955,0.9,1,0,1
0.51973754,0.4365392354349498,2.956623811079363,0.9,0,1,-1
0.43512443,0.43016077432155625,3.0640917816300157,0.8,1,2,-1
0.4444925,0.3478635871907643,3.01383759610988,0.9,0,0,0
0.49723184,0.3586509157510461,2.9414873698385327,0.9,1,0,1
0.5403101,0.4619502384544404,3.3388343480701037,0.8,1,1,0
0.50357854,0.4495727693598656,2.8955933144511468,0.9,0,1,-1
0.5282627,0.3548859835196297,3.1075660766889937,0.9,1,1,0
0.29841495,0.38752370507899353,3.0887793473613607,0.8,1,0,1
0.44970536,0.44061371996527726,2.8559585804392404,0.9,1,0,1
0.3795084,0.4410316676642075,3.0,0.8,1,0,1
0.40589604,0.3310873966196636,2.823490576469806,0.9,0,0,0
0.35602158,0.29501281649828487,3.0350849518197793,0.8,1,0,1
0.45847058,0.453312960982084,2.927607301917491,0.9,1,2,-1
0.47733635,0.48544419312293113,2.776778210932318,0.9,0,1,-1
0.41523802,0.3816161207479235,2.916499308617005,0.8,1,1,0
0.36921674,0.3424501239133163,2.9710909047378116,0.9,0,0,0
0.4341938,0.4147908049316167,2.823490576469806,0.9,1,1,0
0.45277214,0.43447280045042663,2.921981709849717,0.9,0,1,-1
0.40429878,0.3239374045593763,2.776778210932318,0.9,0,1,-1
0.50885385,0.4062176877824891,2.8909918400471075,0.9,0,1,-1
0.48508018,0.4159332107968571,3.005758675304829,0.8,1,0,1
0.5503128,0.2204850690129301,3.044394119358454,0.8,1,0,1
0.3355285,0.45494053800559586,2.927607301917491,0.9,0,0,0
0.47724086,0.5304132696032106,3.0609516500091014,0.9,1,0,1
0.42350698,0.43380250450103613,2.8690954395801547,0.9,0,0,0
0.4287823,0.33761556241179336,2.9995063428987474,0.8,1,1,0
0.25585845,0.3515913127023235,2.885174447128411,0.8,0,1,-1
0.52866507,0.2841241166750646,3.075681791233472,0.9,1,0,1
0.3591836,0.43896630483873755,3.0322682296173897,0.8,0,1,-1
0.4481577,0.35738402184815427,3.1128385445447777,0.9,0,0,0
0.46956414,0.4273039207078686,2.8798554875455857,0.9,1,0,1
0.40907642,0.30535014398281807,2.8798554875455857,0.9,1,1,0
0.4273471,0.4469907763093646,2.986350030255313,0.8,0,0,0
0.5438752,0.4268845463066077,2.823490576469806,0.9,0,1,-1
0.412344,0.27651917869014353,4.087462841250339,0.05,2,0,2
0.4098158,0.2762316587569709,2.823490576469806,0.9,0,0,0
0.33100873,0.48207497006543226,2.9863500302553123,0.8,0,0,0
0.37535536,0.38036225995706596,3.0,0.8,0,0,0
0.46977374,0.4851502891839055,3.487216259863738,0.7,1,0,1
0.49016708,0.48053952484337403,3.137251786947923,0.9,1,1,0
0.5143593,0.352439884654935,3.0000000000000004,0.9,0,1,-1
0.35355338,0.36495990896914776,3.137251786947923,0.9,2,2,0
0.5591805,0.4049761699388916,3.512533707986173,0.9,1,0,1
0.4288391,0.46494291758753004,3.1134218690860567,0.9,1,1,0
0.4189122,0.30613193873786165,3.242292189082415,0.9,2,1,1
0.4968087,0.3625807528501403,3.153607965926459,0.8,1,0,1
0.42317364,0.39800528868220725,3.2708469856225593,0.9,2,0,2
0.5686474,0.312968653793848,3.5444138295776115,0.6,2,0,2
0.33715138,0.2832876768254072,3.1195998288761824,0.8,0,0,0
0.4739501,0.37468701807015825,3.4206328032105766,0.8,2,1,1
0.43751922,0.31221216136719204,2.8851204539117536,0.8,1,0,1
0.46666992,0.3143124807427787,2.776778210932318,0.9,1,0,1
0.49727005,0.40611883678206545,2.867353772834994,0.9,1,1,0
0.5001978,0.41033834488314924,2.9300191536916556,0.8,1,0,1
0.3982032,0.2997872627621749,3.0114932034009665,0.7,1,0,1
0.4138819,0.4115841736415869,3.3970552088742,0.6,1,2,-1
0.49986517,0.3492655760543116,3.0464877462766293,0.9,1,0,1
0.49902874,0.28725089340143156,3.2068570640942182,0.9,0,1,-1
0.23183972,0.3787918279138038,3.469240782172284,0.4,1,1,0
0.5543945,0.41518848258548136,3.8234982365068824,0.2,0,2,-2
0.45845526,0.5044966044981032,2.9477027792200903,0.9,1,2,-1
0.26936775,0.27368692555551405,1.8371323244686164,0.9,0,0,0
0.31150874,0.3392548806747535,2.1974058114255177,0.8,1,0,1
0.4064766,0.4379700896513338,1.7527152789797045,0.9,2,0,2
0.43149525,0.3617192560652529,2.3908636968570445,0.9,2,1,1
0.48157415,0.3895303957303657,2.9208322930948003,0.8,1,0,1
0.4280541,0.469126783089627,3.0485634360323997,0.9,1,0,1
0.4278013,0.47832767754750377,3.1604984291738063,0.7,2,1,1
0.30625653,0.370323810258528,3.1699250014423126,0.8,1,0,1
0.43385002,0.4863606397448745,3.324969207344632,0.8,1,0,1
0.39250287,0.3179789012344313,3.040183043982162,0.9,0,1,-1
0.42031536,0.39430888440559336,3.137298399680059,0.8,2,0,2
0.49493492,0.4416734325261195,3.656729282558595,0.8,2,1,1
0.5469608,0.41570873948772336,3.6018998938591267,0.9,2,1,1
0.425658,0.3081123121850459,3.1892065311557767,0.9,0,0,0
0.41571945,0.4127228787469021,1.5197284615795614,0.8,0,0,0
0.3603115,0.36606744114513334,2.388130894939975,0.8,0,1,-1
0.38347965,0.39992563456674374,1.903701696057348,0.8,0,2,-2
0.55770516,0.45791377209258216,0.9402859586706311,0.9,0,0,0
0.38647234,0.39595954970203284,1.456564762130954,0.8,1,0,1
0.40539756,0.3842007093411386,2.542683189255492,0.9,0,1,-1
0.41919792,0.4217159622792443,2.214022152632502,0.8,2,0,2
0.30420777,0.49443280671566325,1.6879430945989002,0.9,0,1,-1
0.36335224,0.3528851316687157,2.4037842385716446,0.8,0,0,0
0.38646996,0.4693175770038806,0.7642045065086203,0.7,2,0,2
0.36022967,0.3895988799883237,3.4875555180168556,0.4,2,1,1
0.43778804,0.4699941659809572,3.0795880218317264,0.9,0,1,-1
0.51526964,0.3325063032021751,3.069048439318099,0.9,1,0,1
0.48123845,0.43927227022207205,2.8798554875455857,0.9,0,0,0
0.42298362,0.4637409740080743,3.3368061912952642,0.8,0,1,-1
0.4896427,0.3639430240959592,2.9167943160023357,0.9,0,1,-1
0.39134717,0.28748744347206195,1.8778867313886058,0.9,0,0,0
0.49134368,0.3703500312891321,2.380770107572479,0.9,0,0,0
0.46922484,0.4497492103506144,2.5785559236087936,0.8,1,0,1
0.45800287,0.3886924009314912,1.9690255736436506,0.8,0,2,-2
0.55448586,0.40366967783029617,3.0710006396948044,0.9,1,1,0
0.4199607,0.3513841558038544,2.8876718403890336,0.9,1,0,1
0.5286167,0.3946301013857089,3.190107480141255,0.9,0,0,0
0.49949542,0.33410057404077453,3.0350849518197793,0.8,1,2,-1
0.3364405,0.42653428358708956,3.261863000060478,0.9,1,2,-1
0.43367863,0.3833849872531673,2.867353772834994,0.9,1,0,1
0.5424297,0.48597247014314415,2.8876718403890336,0.9,0,0,0
0.612169,0.20050883264937802,3.0874628412503395,0.8,1,0,1
0.49303272,0.45232221162072284,2.8404578463992163,0.9,0,0,0
0.49357575,0.32045140742793177,2.970650598647407,0.9,2,0,2
0.4377821,0.3638747694560156,3.4058092136126814,0.4,0,1,-1
0.5303829,0.4171683807773724,2.823490576469806,0.9,1,0,1
0.50085855,0.2889735495003383,2.8851204539117536,0.8,1,1,0
0.4864366,0.35923168376735304,3.102683189255492,0.9,1,0,1
0.4423654,0.3686278815389981,2.9830749314332756,0.8,1,1,0
0.41816047,0.2808580877454558,3.095365744573764,0.9,1,0,1
0.54845905,0.2210035385046546,3.1339198250586535,0.7,1,1,0
0.45029655,0.2687847586858015,3.116190997841213,0.7,0,0,0
0.4696639,0.3318064216410213,3.239353872167201,0.7,0,1,-1
0.48695302,0.3235579292307631,3.0000000000000004,0.9,0,0,0
0.553237,0.12004174139606298,2.9674384307249486,0.8,0,0,0
0.53140485,0.4339734550098629,3.1770427616381554,0.9,0,2,-2
0.38838422,0.2665816237524917,3.0033861075581556,0.9,0,0,0
0.41047162,0.34639930879103364,3.0082278979304764,0.8,0,0,0
0.45033044,0.33739443324314694,2.973851389610045,0.9,0,1,-1
0.36086625,0.3969696559553955,2.8798554875455857,0.9,0,0,0
0.45377538,0.4013561125785113,3.1079582048754903,0.9,1,2,-1
0.42593157,0.4592090334051739,2.986350030255313,0.8,0,0,0
0.3875705,0.3706951696138217,2.9840451350103803,0.7,0,1,-1
0.5324146,0.3663955776285683,3.008390508961134,0.9,1,0,1
0.49134964,0.38875826522752255,2.5570027314271098,0.7,0,2,-2
0.4703202,0.3352774510513351,2.4695083368391986,0.7,1,0,1
0.4503271,0.33508059128816536,2.3838711132181527,0.9,1,1,0
0.40889853,0.3474953224197075,2.1963538066948196,0.7,1,0,1
0.46263546,0.4603902943263144,2.8546349894593503,0.8,2,0,2
0.4842892,0.43821346110261944,3.0497356496705894,0.9,0,5,-5
0.46428725,0.4387216815580825,3.172040346544455,0.9,4,0,4
0.38830918,0.36967097986965375,2.57702508897779,0.9,0,2,-2
0.5031393,0.33849888231345926,3.4025182662886326,0.5,1,0,1
0.39024678,0.42167703379660865,2.1506140041158783,0.9,2,0,2
0.3886329,0.4080415021782167,2.9889160769068934,0.9,0,0,0
0.34731475,0.3776891377199385,3.2454472243055625,0.8,0,1,-1
0.39531446,0.47546552439317535,2.999961692842934,0.9,0,0,0
0.42872578,0.35041542011021476,3.185125058893231,0.6,0,1,-1
0.28394395,0.2752384593892076,2.8798554875455857,0.9,0,1,-1
0.49154976,0.4469690175788936,3.0717350271381694,0.9,1,1,0
0.39830503,0.4536521031429152,2.8798554875455857,0.9,0,0,0
0.5019249,0.3447158499075299,2.986350030255313,0.8,1,1,0
0.5623553,0.3725802902892803,3.0459585933443494,0.9,1,0,1
0.3805015,0.4865956868772168,2.927607301917491,0.9,0,1,-1
0.42679211,0.46302878389126007,3.892463753748262,0.2,0,1,-1
0.41355434,0.4780958887351633,3.1147869792568117,0.9,1,0,1
0.5088664,0.21020180433875868,3.248634979160086,0.7,2,0,2
0.48215893,0.4556697477611255,3.0717350271381694,0.9,2,0,2
0.37574783,0.4174841918810055,3.4375,0.4,0,0,0
0.543038,0.43559698361957316,2.9198424548813366,0.9,1,1,0
0.5234869,0.3517362678764422,2.990295160090377,0.9,1,0,1
0.46886486,0.3260367682147725,3.0621735653919635,0.9,0,1,-1
0.4722565,0.3334020355831108,3.0245326621379904,0.7,1,1,0
0.40246,0.4501819937609317,3.0668829917422458,0.7,0,1,-1
0.47546467,0.34853320159822365,2.867353772834994,0.9,1,1,0
0.44313827,0.33605790401092683,3.007717469130148,0.9,0,1,-1
0.47054812,0.4265468969916462,3.1471322867997626,0.8,1,4,-3
0.3986409,0.3212805890820992,3.082292189082415,0.9,0,2,-2
0.3830634,0.40191345992860483,3.372920503656105,0.6,0,1,-1
0.4804825,0.43030523837322265,2.902174814211728,0.8,3,0,3
0.4886522,0.330204861866686,1.8371323244686164,0.9,1,1,0
0.4120455,0.3169779326021378,2.33379987011787,0.8,0,0,0
0.36238045,0.41781413105643506,1.7841591278514217,0.5,1,1,0
0.4599374,0.4090223239275506,2.83429531609601,0.7,1,0,1
0.45552066,0.4056581324948589,3.20945336562895,0.8,0,0,0
0.5290994,0.3093494364161839,3.2162551339436227,0.9,0,0,0
0.46713784,0.3517891121212373,3.11890288900027,0.9,0,1,-1
0.5074328,0.33737445144294737,3.133975800509341,0.9,0,1,-1
0.5240211,0.35450450702355163,3.597937427813955,0.9,2,0,2
0.3517392,0.44247803942782776,3.221325930140235,0.9,2,2,0
0.4973673,0.43961253634231895,3.085274632722953,0.9,0,1,-1
0.5058186,0.38187940912594803,3.325878138449692,0.9,0,1,-1
0.29131564,0.3705744378376917,3.171765829249441,0.9,0,1,-1
0.46339148,0.4052528530898986,3.2248530692760102,0.8,0,1,-1
0.17236742,0.45801266941355945,1.8799649487271113,0.5,1,1,0
0.44551313,0.3761139466222434,1.6068322783181097,0.9,0,0,0
0.46568105,0.3254188110761184,1.9784820284039006,0.8,1,1,0
0.5161059,0.40574885195149774,2.267226962994476,0.7,2,1,1
0.46076703,0.3923564203277118,1.7322216637616483,0.9,0,0,0
0.43909675,0.3872312608886989,3.1307512030098397,0.9,0,1,-1
0.5093836,0.40180719055891456,3.1224718779332505,0.8,0,0,0
0.4456462,0.34478968561999046,3.2788779772147723,0.9,0,0,0
0.46158656,0.4942781732457392,3.32167724240775,0.8,1,2,-1
0.60518676,0.255240206500975,3.421029621737615,0.6,2,0,2
0.4889007,0.3626086814334861,2.908173336682674,0.9,1,1,0
0.41883764,0.4380156935673497,2.986350030255313,0.8,1,1,0
0.4245612,0.46342030713504384,3.1087813061987757,0.8,1,0,1
0.42415795,0.34410476141963514,3.006051959488611,0.9,0,1,-1
0.46801412,0.4309268617199246,3.066882991742246,0.7,1,1,0
0.40549526,0.4140547378803745,3.1916388511252625,0.9,1,0,1
0.42484042,0.34092404044993324,3.5084528468535217,0.5,1,1,0
0.37066498,0.35273246755111254,3.282292189082415,0.9,2,1,1
0.3909477,0.41896782077425704,3.577819531114783,0.4,1,0,1
0.38139713,0.37131422073067727,3.1841837197791887,0.8,3,1,2
0.5074484,0.3407034981265629,3.4721634603655414,0.8,2,0,2
0.4447716,0.46760318340242035,2.9447813851406,0.9,0,1,-1
0.4126715,0.41630388408540886,2.772055208874201,0.8,1,0,1
0.41980594,0.35923999585240346,2.9423673632902685,0.9,0,2,-2
0.42802182,0.31566950672504807,2.8996613274284564,0.9,1,0,1
0.46328294,0.33172520303308045,2.9208322930948003,0.8,2,0,2
0.4218471,0.37995859952389166,3.087462841250339,0.8,0,2,-2
0.52285856,0.3499517185550153,2.95311500557286,0.9,0,0,0
0.48712865,0.3952917065707238,3.5329145639793977,0.5,0,2,-2
0.36946732,0.4671804731200808,3.0443941193584525,0.8,1,0,1
0.29113582,0.48701624188107584,2.2458696177958095,0.9,3,0,3
0.45183235,0.408125143305637,2.725480556997868,0.2,1,1,0
0.51800215,0.3225797110501998,2.5358577759182794,0.9,1,1,0
0.5367669,0.31204310693720777,2.9317798917094446,0.8,0,0,0
0.4688753,0.3123117067384181,2.0314536459234778,0.9,1,1,0
0.4682051,0.47197941671951255,2.916499308617005,0.8,0,1,-1
0.3997611,0.35416487456928636,3.120183935661208,0.7,0,0,0
0.4774408,0.45407645909287264,3.0513050676011337,0.7,1,0,1
0.41234,0.4019628629104074,3.0164969867859353,0.8,2,0,2
0.42050487,0.39852579516475484,3.339572261986723,0.6,1,0,1
0.515064,0.4200021317582379,2.9421112160195766,0.8,0,1,-1
0.48309192,0.3161419912109506,2.9793394888389986,0.9,2,1,1
0.4626099,0.4313275788841589,2.908173336682674,0.9,0,1,-1
0.42177895,0.4312590493371704,2.921981709849717,0.9,0,0,0
0.528216,0.37347941498548554,2.879147464882276,0.9,2,0,2
0.5023844,0.41427559724181345,3.4255953864262834,0.9,1,1,0
0.49559116,0.3260331750654114,2.0717350271381694,0.9,0,0,0
0.25597006,0.49033840511493354,1.6879430945989,0.9,1,1,0
0.35823205,0.3822981751985572,2.6962279123311017,0.5,2,1,1
0.5091638,0.36081679475137995,2.4519325792170332,0.9,3,1,2
0.48075694,0.32799022249316645,2.7623147460276027,0.8,0,2,-2
0.45484462,0.37245078203644716,2.428826789131901,0.9,1,0,1
0.51761407,0.40638867262158024,2.5309638736577575,0.8,0,0,0
0.5002342,0.4227210686007525,1.626688849701832,0.9,0,0,0
0.38407266,0.3022566517734223,2.1607047528877823,0.8,1,1,0
0.52885735,0.3440844118056355,3.0799817455797376,0.9,1,1,0
0.4736962,0.33826653065189977,2.776778210932318,0.9,0,1,-1
0.47866163,0.37496180655089667,3.3532252744594246,0.7,1,1,0
0.43179703,0.3027908524392575,3.098934050081714,0.8,1,0,1
0.4578054,0.43068933110937735,3.405453065762824,0.8,1,0,1
0.49528602,0.24724324444014817,2.8876718403890336,0.9,2,0,2
0.48488313,0.4447418883404057,2.941487369838532,0.9,2,0,2
0.4321762,0.32178843537600105,3.1489444208309094,0.6,2,0,2
0.48343566,0.2481836422601182,2.9530822987655223,0.9,1,0,1
0.37306267,0.42977069652632766,3.202819531114783,0.8,2,0,2
0.4395845,0.3830415080651985,2.8955933144511468,0.9,2,0,2
0.4918713,0.3577747450185817,3.0031378936854742,0.9,1,0,1
0.34782046,0.3643599195221972,3.1248387562020534,0.8,0,0,0
0.4069789,0.3936472748908009,3.200710708380032,0.7,0,0,0
0.55664384,0.42822103832410735,3.2664048241162895,0.7,2,2,0
0.41210383,0.39000240099592914,3.8197738350294776,0.5,2,0,2
0.30688992,0.39001565452097,1.992013996275584,0.8,1,0,1
0.45105934,0.4139400930759797,3.6497848636918837,0.8,1,2,-1
0.45379362,0.3363073976241638,3.0332594697016404,0.9,0,1,-1
0.5198061,0.346031319439363,3.542172302041118,0.9,0,1,-1
0.43623933,0.25195495266927403,2.1117615962852723,0.9,2,0,2
0.5441314,0.23220947246764284,1.8608288771249428,0.8,1,0,1
0.34202245,0.49674447105633196,1.8148493701198407,0.9,2,0,2
0.412819,0.379801621007726,1.75748398981288,0.8,0,0,0
0.4978799,0.2968619057468936,2.9399062531785933,0.7,2,2,0
0.40231884,0.3901494072902839,3.3228273326360487,0.8,1,0,1
0.5639602,0.38169101013466566,3.5710890325676017,0.9,0,0,0
0.48086157,0.41799699611623664,3.6356995527464697,0.8,3,1,2
0.5299784,0.3616108772423051,3.579663483094588,0.9,2,1,1
0.51926315,0.49165184459958733,3.6031575571670893,0.9,2,2,0
0.34761935,0.3962384170633818,4.037401197654112,0.1,0,2,-2
0.44875944,0.38110315570329073,3.2331735648253743,0.8,0,2,-2
0.35810918,0.2988791943991386,3.0943105139035287,0.9,1,0,1
0.5309034,0.3528891354571312,3.326316030532866,0.8,2,1,1
0.5416661,0.27260159668321143,3.0367291555082163,0.9,1,0,1
0.52648485,0.5201209427182172,2.9063030886633503,0.9,0,0,0
0.4853909,0.40069057120088714,2.823490576469806,0.9,1,0,1
0.47993928,0.42641077412523665,3.0537914051260895,0.9,0,1,-1
0.38994312,0.24907614921751953,2.8798554875455857,0.9,0,0,0
0.41715935,0.40098928325689803,2.872253928364927,0.9,0,0,0
0.4758005,0.3179662548270076,2.728948870365158,0.9,0,0,0
0.41165507,0.37178641444583627,2.776778210932318,0.9,0,0,0
0.38389266,0.376547966299694,2.986350030255313,0.8,0,1,-1
0.39971578,0.34827726432041894,2.9414873698385327,0.9,0,1,-1
0.5411904,0.2671868248417333,3.0513050676011337,0.7,1,0,1
0.37377095,0.4195481886515831,3.031737433422466,0.7,0,1,-1
0.3707237,0.3452368784267834,2.8798554875455857,0.9,1,0,1
0.45877993,0.42771932959045067,3.0454914359235423,0.8,2,2,0
0.33026886,0.4259326482710448,3.33400498835936,0.5,1,0,1
0.510991,0.3946482618111342,2.9276073019174915,0.9,0,0,0
0.36833993,0.40595234443268885,1.251629167387823,0.9,0,0,0
0.49247882,0.3526694048316082,1.612197222702993,0.9,0,0,0
0.5423059,0.37520244140446557,0.9886994082884976,0.9,0,0,0
0.3916198,0.36749207722375443,-0.0,0.8,1,0,1
0.47995254,0.3530890034656979,1.2717822215997983,0.8,0,0,0
0.2116352,0.4777469499031298,1.2475562489182657,0.9,1,1,0
0.42810932,0.383225817620661,0.9612366047228759,0.8,1,0,1
0.32702652,0.2601102497999004,1.456564762130954,0.8,0,0,0
0.40409812,0.37191994592394717,2.5463165833094354,0.9,1,1,0
0.5401195,0.4255279256996922,2.462757047352441,0.9,1,0,1
0.3190227,0.41246500054136337,2.933376040408504,0.9,0,0,0
0.36364987,0.37339519752626427,3.0231369558688854,0.8,1,0,1
0.43035394,0.39070970582671266,3.072140159802109,0.8,1,0,1
0.43254003,0.3018478902118871,2.9861590888272933,0.9,1,0,1
0.18000096,0.5124846879508338,3.4227750662613374,0.5,0,0,0
0.47872663,0.42281687438236565,3.383978171376278,0.9,2,0,2
0.45217827,0.341698102440516,3.0165283551431905,0.9,0,0,0
0.38051057,0.4556258614260273,3.446527784112275,0.8,3,1,2
0.40932956,0.43837320428209203,3.388683047733199,0.8,1,2,-1
0.4732947,0.4151564904222179,3.568979207152323,0.6,0,0,0
0.45459363,0.41942452751519815,2.9081733366826743,0.9,0,2,-2
0.448955,0.41892348337673974,2.8798554875455857,0.9,0,1,-1
0.5096964,0.33574562608823416,2.8876718403890336,0.9,0,1,-1
0.5071446,0.3545119942486496,2.9725513464956443,0.9,1,0,1
0.42830196,0.4238135475754823,2.908173336682674,0.9,0,0,0
0.51669294,0.48170377004704257,3.7692242948392973,0.8,1,1,0
0.49528563,0.4069865373435279,3.365732398572538,0.9,2,0,2
0.18858631,0.44475277018064974,-0.0,0.0,1,0,1
0.4596266,0.43006036012951904,3.40929904801062,0.9,1,1,0
0.47115284,0.3713826120690418,3.666955668124716,0.8,1,1,0
0.43575707,0.3473725073212737,3.1454618442383224,0.9,1,1,0
0.50918126,0.43969705610035775,3.2068570640942182,0.9,1,1,0
0.40842986,0.43115154456371846,2.9318497041442493,0.9,0,0,0
0.390401,0.37900974834131407,3.623516641218015,0.4,1,2,-1
0.4053523,0.468631080807592,3.63511242891945,0.4,3,0,3
0.45433682,0.2987387888395452,2.944452798531527,0.8,1,0,1
0.51771224,0.41618121122818647,3.0094638501364916,0.9,2,0,2
0.41712752,0.4522987245256247,3.149229761516282,0.8,0,1,-1
0.35888818,0.4014566777204742,3.1487526365181737,0.8,2,0,2
0.47460437,0.3338701813721067,3.0510050526598267,0.9,0,0,0
0.3943648,0.3487836612095254,2.994542131312327,0.9,0,1,-1
0.4854999,0.3134728579911214,3.0624924966466036,0.9,1,0,1
0.55870444,0.21707982137028967,3.2359051680701136,0.8,2,0,2
0.39466828,0.4147678216364716,3.0874628412503395,0.8,1,0,1
0.44284013,0.36723613018161305,3.0396393540109368,0.9,1,1,0
0.47065318,0.46504832834863735,3.034838803961721,0.9,0,0,0
0.53048396,0.4098799921142841,3.155672129520887,0.7,1,0,1
0.42291814,0.38908491863984973,2.908173336682674,0.9,0,0,0
0.4581147,0.3317522483593879,2.9458108318613307,0.9,1,0,1
0.46422872,0.49596331400489835,3.3494515242647376,0.7,0,1,-1
0.48617563,0.2982589149958788,2.776778210932318,0.9,0,0,0
0.5623642,0.39441507969362233,3.0624924966466036,0.9,0,0,0
0.47715056,0.40560199744679304,2.776778210932318,0.9,2,1,1
0.40157878,0.42011400255939924,3.067758303012426,0.9,1,0,1
0.43972623,0.43049289430561527,3.0454618442383223,0.9,0,2,-2
0.38482007,0.34487068251083774,2.9830749314332756,0.8,2,0,2
0.52754617,0.36922558881925116,3.008095002452907,0.9,2,2,0
0.46059555,0.3566791274694717,2.776778210932318,0.9,0,1,-1
0.43396476,0.39623960822740767,3.2211647355728315,0.9,1,0,1
0.5158706,0.4115991664834881,3.289790615542077,0.9,1,0,1
0.46001014,0.37778898343315487,2.97765944295582,0.9,1,1,0
0.44651753,0.436135992054331,2.9747848238016035,0.9,0,0,0
0.38430747,0.3516985105341,3.0295519634006656,0.9,2,0,2
0.40063044,0.37159442107510504,3.331384270480247,0.9,2,1,1
0.564345,0.4132288774988061,3.085274632722953,0.9,2,0,2
0.38609254,0.3255621656178873,2.941487369838532,0.9,1,0,1
0.50862443,0.35424118547953976,3.049735649670589,0.9,1,2,-1
0.4761786,0.40692198379950345,3.1107645965910247,0.8,2,2,0
0.41111815,0.35731397770198653,2.9414873698385327,0.9,1,0,1
0.46687615,0.41018861053471034,3.2626923908396215,0.8,1,1,0
0.4960333,0.4106172445506692,2.371063528913248,0.9,1,0,1
0.3173928,0.3124010661684063,2.262824692361507,0.7,1,0,1
0.37074146,0.43147674025321536,1.5546097612655667,0.9,0,1,-1
0.3618779,0.38079839915760977,1.9035239700887412,0.8,0,1,-1
0.34866837,0.3476190285195397,1.9347154954246264,0.8,3,1,2
0.49166167,0.3366183670944201,2.395998870534841,0.8,1,0,1
0.40508914,0.42425825493232766,2.7121168268195084,0.9,1,0,1
0.45328122,0.3064168466755447,2.5210687638074787,0.8,0,0,0
0.5253934,0.41544886480752463,3.429066798576863,0.6,2,1,1
0.4419971,0.45058966025870156,2.614369445886757,0.8,0,2,-2
0.50564194,0.4041411015653089,2.8798554875455857,0.9,0,0,0
0.39476588,0.43162483521191936,3.1542221846835226,0.8,0,2,-2
0.5099361,0.23935320076207103,2.908173336682674,0.9,2,0,2
0.43931937,0.13646237978425427,3.0082222749239294,0.7,1,0,1
0.5096026,0.4581297771659047,3.146782221599798,0.8,0,0,0
0.3738965,0.4263325896623268,2.897796811598595,0.8,1,0,1
0.51634556,0.4112787255296619,3.5530229882707776,0.8,1,0,1
0.50297135,0.37024013413427825,2.425485539586391,0.9,1,1,0
0.42426983,0.4294098227478829,3.0333228313798717,0.9,1,1,0
0.27972707,0.36878412060820814,1.8828560636920488,0.6,1,1,0
0.51923823,0.2793662700112891,2.8226831892554918,0.9,0,0,0
0.41487876,0.3968092426635599,3.0901153177826637,0.9,2,1,1
0.531987,0.4365490182233673,3.532914563979398,0.5,3,0,3
0.51255834,0.390158352761485,2.9876013115120568,0.8,0,1,-1
0.5331303,0.36185900004329125,2.8690954395801547,0.9,0,0,0
0.4447463,0.4176814016815723,3.4715773408788584,0.7,2,0,2
0.46557385,0.31647610978639396,3.288548560028606,0.7,1,0,1
0.4371549,0.5059205600541143,3.280524762900187,0.8,0,1,-1
0.49470517,0.4105148985460577,3.184764369649507,0.8,1,1,0
0.4970461,0.3815829799740259,3.2620632564211602,0.9,0,0,0
0.48568293,0.38159857073810327,3.326286685253423,0.9,2,0,2
0.44219238,0.3012109317031497,1.9261207468426806,0.7,0,1,-1
0.31640473,0.39539148817012226,3.6473683589017414,0.9,1,1,0
0.48226613,0.18831970721988342,1.5715416718219246,0.7,0,0,0
0.41279984,0.47364377903249677,3.8062389286533893,0.4,1,0,1
0.41124234,0.30692188879530485,2.9081733366826743,0.9,0,0,0
0.49263698,0.38212118907535475,2.927607301917491,0.9,0,0,0
0.43343908,0.4643604168223511,2.9738513896100454,0.9,1,0,1
0.4650474,0.432295437039942,3.01867904060296,0.9,0,1,-1
0.38941965,0.46973753948870156,3.1292830169449664,0.8,1,0,1
0.39163178,0.5008794014079866,3.1618827187141427,0.8,0,0,0
0.4194368,0.3276930945577777,3.2155043829752907,0.7,0,2,-2
0.4498741,0.3563242218427362,3.0234651896016467,0.8,0,0,0
0.32293528,0.3906731321368526,2.903133254723745,0.9,2,0,2
0.39605156,0.4301929562357423,3.088779347361361,0.8,1,1,0
0.44648865,0.3320076427777032,2.822683189255492,0.9,0,0,0
0.5074815,0.4324621647216471,3.01867904060296,0.9,0,1,-1
0.45252937,0.3875568331239106,2.867353772834994,0.9,0,0,0
0.35544753,0.38736574069109436,2.8798554875455857,0.9,1,0,1
0.46343186,0.2792752462222741,2.927607301917491,0.9,0,0,0
0.40168273,0.39324546971467395,3.1937066151672147,0.8,2,0,2
0.5055665,0.11719443188152966,3.080590320298164,0.9,1,0,1
0.5656645,0.3925963623564258,3.4075854392122227,0.9,2,0,2
0.5174614,0.3378325923969347,3.1981864313138506,0.8,0,1,-1
0.5317449,0.45248824600329274,3.501587774411688,0.7,2,1,1
0.4776493,0.4402779951872707,2.823490576469806,0.9,0,0,0
0.4871153,0.2542223140841471,3.0480290317418888,0.8,0,1,-1
0.462901,0.38928307393252354,2.8798554875455857,0.9,0,0,0
0.49234018,0.2963758589098499,2.9134523148342275,0.9,0,1,-1
0.50899386,0.3943766746795569,2.823490576469806,0.9,0,0,0
0.47359362,0.46727979174844075,2.8272085933443494,0.9,0,0,0
0.50387853,0.43387660901018615,2.8515895533744873,0.9,1,1,0
0.29706928,0.4093110069144986,3.02544195406668,0.9,1,0,1
0.5169782,0.39329443346588056,3.0212406251802895,0.9,1,0,1
0.3906529,0.3507105425008581,2.944452798531527,0.8,1,0,1
0.4846751,0.40867491922438015,2.835627846235388,0.9,0,1,-1
0.37273777,0.4052749442106468,2.522620309531022,0.7,1,1,0
0.5344871,0.34303811317738,2.517405811425518,0.8,0,2,-2
0.46797544,0.4076390402836892,2.7719788751693084,0.9,3,0,3
0.41245452,0.4895136556858231,2.4662478973127313,0.5,1,0,1
0.44641685,0.4229759673162942,3.3252619118398266,0.9,1,0,1
0.4098685,0.2978552222074523,2.809034029956935,0.9,2,0,2
0.39622894,0.279506104046017,1.7947367178034823,0.9,1,1,0
0.550661,0.4727917673774454,3.2982461304787463,0.8,2,2,0
0.47242886,0.38041947429424283,3.130941408867942,0.9,1,0,1
0.42012,0.41504527484914844,2.822683189255492,0.9,0,1,-1
0.46054634,0.46071552836176244,3.2516188243689137,0.8,2,0,2
0.4342036,0.3884269224799355,3.1366093210580446,0.9,1,1,0
0.52811766,0.2571794882249687,2.9571186795717916,0.8,2,0,2
0.42694795,0.288898113096444,4.021928094887363,0.1,2,0,2
0.512674,0.4299537988642898,3.1912104299829647,0.8,0,1,-1
0.25615492,0.463244380694576,3.145461844238322,0.9,1,0,1
0.3653199,0.2695972020970667,3.01867904060296,0.9,0,0,0
0.4708272,0.46515749196615475,3.2125547623232626,0.9,2,0,2
0.48481095,0.3199043925147883,3.1517685201210877,0.9,2,0,2
0.5055064,0.4339714681390502,3.1900616179453083,0.9,2,0,2
0.49984482,0.3597585958896268,2.8522201988149343,0.8,2,0,2
0.48780814,0.37639315448084343,2.794980279111149,0.9,1,1,0
0.47235566,0.4624088450173226,2.9185992458836996,0.9,1,0,1
0.41363037,0.3919281143802387,2.6312929881819,0.4,2,0,2
0.4390569,0.46055229421404736,3.6911008616054986,0.9,2,2,0
0.31683502,0.3797913375571735,-0.0,0.0,1,1,0
0.38459027,0.28295809698333274,2.7516103255281665,0.8,1,0,1
0.39890915,0.47922767731655774,3.624126654449408,0.9,0,0,0
0.40332553,0.2955320184383411,1.4182958340544896,0.8,0,0,0
0.4137955,0.44217257068345445,2.99829757027802,0.9,0,0,0
0.38335273,0.3990147582524512,3.2012091682066526,0.7,2,0,2
0.5486219,0.4009167640570942,2.99829757027802,0.9,1,0,1
0.42186657,0.4587357667722961,3.2363698330003685,0.6,1,0,1
0.46588412,0.4169892399362474,3.139174227036076,0.7,1,1,0
0.39748168,0.3104306150569964,2.8851204539117536,0.8,0,0,0
0.4699095,0.36639389980667714,2.8955933144511468,0.9,1,0,1
0.4261927,0.303406006544832,3.0530201924480456,0.7,0,0,0
0.40798056,0.3882231493733387,2.9414873698385327,0.9,1,0,1
0.4449554,0.35813348459104366,2.8798554875455857,0.9,0,0,0
0.34073323,0.44583296543782863,2.908173336682674,0.9,0,0,0
0.44803536,0.4193427906842222,3.468576629687865,0.4,1,3,-2
0.5013358,0.4120860616687208,2.728948870365158,0.9,0,0,0
0.5142375,0.2700055431732774,3.18950846755862,0.9,0,0,0
0.44298172,0.449032784047174,3.1622971161405946,0.9,1,2,-1
0.4603522,0.42349790648244706,2.9152703968800378,0.9,1,0,1
0.35892728,0.39392554032864746,2.6577174691301484,0.9,0,2,-2
0.2430169,0.3633690692784416,2.4922031072054134,0.6,0,1,-1
0.38282472,0.3872976195030336,2.4410685859554375,0.5,2,1,1
0.46964124,0.2667888367846595,1.855388542207534,0.4,2,0,2
0.40052423,0.37447994674677504,2.823490576469806,0.9,0,1,-1
0.48663208,0.4114088288526573,3.004935594743131,0.9,0,0,0
0.4030549,0.29969944833957934,3.1041067827141084,0.8,1,0,1
0.433106,0.3570421862641804,3.0408851502640757,0.7,1,0,1
0.4347172,0.4536678036873481,2.9674384307249486,0.8,0,1,-1
0.4266036,0.3083400698055976,3.450646578455866,0.6,4,0,4
0.50634265,0.31757033980083155,3.1057385840493517,0.9,1,1,0
0.39793622,0.3191859980801038,3.288548560028606,0.7,2,0,2
0.49335426,0.45040009377409834,3.0295519634006656,0.9,1,2,-1
0.43322062,0.3672021449785664,3.5132696895151088,0.6,1,2,-1
0.51893234,0.368116191511769,3.086925834480921,0.9,2,1,1
0.3205877,0.4517053066778948,2.973851389610045,0.9,0,0,0
0.5117848,0.33525176634785697,3.1834187477667593,0.8,0,0,0
0.40121415,0.43599611939793714,3.1990822953528215,0.7,2,1,1
0.4475589,0.41449530555519226,2.8851204539117536,0.8,1,0,1
0.4848149,0.4072470550369731,2.728948870365158,0.9,1,1,0
0.5017998,0.4194737666629025,3.1570914161644237,0.7,1,0,1
0.3944242,0.359213787586873,3.225185279715573,0.6,1,1,0
0.46249276,0.2987101575709449,2.941487369838532,0.9,1,0,1
0.42902222,0.452890908060541,3.1761673177098713,0.8,3,1,2
0.46364704,0.45642632085411394,3.092314237012556,0.9,1,0,1
0.35491765,0.29095537332787236,3.0107570036943785,0.9,1,0,1
0.30783632,0.36728322870274316,3.028991962451992,0.8,1,1,0
0.28805378,0.3605945161125446,3.0837402895212698,0.7,0,2,-2
0.5250301,0.38662560495845333,3.182490186751775,0.7,2,1,1
0.44191468,0.41862556180799654,1.3779630390761746,0.9,0,0,0
0.5410241,0.4179229489773702,2.292133732769315,0.9,0,0,0
0.43472415,0.39081560480386157,2.686925834480921,0.9,1,0,1
0.4701281,0.3337718282625,2.9274213294333804,0.6,2,0,2
0.4549216,0.35384526959706525,2.4218553677907746,0.9,0,1,-1
0.4747248,0.4368343044298981,3.438743920401748,0.7,1,3,-2
0.38935298,0.4399804013517774,3.117776356274284,0.9,0,1,-1
0.15770581,0.44917583345515183,0.5435644431995964,0.7,0,0,0
0.4074657,0.4541548818991453,3.4532433566073997,0.7,1,1,0
0.48211578,0.44936581384793556,3.6031108321196554,0.8,0,0,0
0.46546736,0.4325445468098883,3.225349169474704,0.9,1,2,-1
0.43155244,0.4713384331019621,3.314603638391116,0.8,1,2,-1
0.4343929,0.3495742147402712,2.9336821423892645,0.9,0,0,0
0.38851333,0.36344514990448645,3.5341837197791888,0.4,0,2,-2
0.52767146,0.2918923912761403,3.3342094594480485,0.8,1,0,1
0.3983165,0.37613080082871875,3.1779296370916206,0.8,1,1,0
0.38692996,0.49279284138776225,3.4067611258610118,0.6,0,1,-1
0.55786854,0.4188334834815471,2.9945421313123273,0.9,0,0,0
0.47605857,0.4519362035468676,3.60177933164038,0.8,2,1,1
0.55221045,0.453490249486969,3.133525936753556,0.9,0,2,-2
0.44470787,0.3602209845053585,2.8955933144511468,0.9,2,0,2
0.46442387,0.43914471858753457,3.2098428714235556,0.6,1,0,1
0.41965088,0.34282335743834474,2.964624986548906,0.9,0,0,0
0.32591707,0.401008265130196,3.0887793473613607,0.8,2,1,1
0.45076972,0.38119715901255363,3.1570914161644237,0.7,2,0,2
0.48080605,0.37076384218324987,3.388287071236267,0.9,0,1,-1
0.4163665,0.2983303463799377,3.166060757003358,0.9,1,0,1
0.54250264,0.2069777683047502,3.7567958110719153,0.5,3,0,3
0.5089651,0.47602544814477776,3.6297531008161887,0.7,1,2,-1
0.339551,0.29714024100490555,3.197121049997593,0.8,1,1,0
0.5313299,0.3125139420915294,3.4115091984199117,0.8,1,0,1
0.4291322,0.3565740508784517,2.119973094021975,0.9,0,1,-1
0.40470436,0.46396358858511993,3.5065976592457897,0.9,2,0,2
0.2392352,0.5166853069840494,2.403677461028802,0.7,0,1,-1
0.44998235,0.4050067953924037,1.890920993589198,0.9,0,0,0
0.41477913,0.35870484240874245,3.1301249653149705,0.7,1,0,1
0.4371298,0.3823415814579406,2.9300191536916556,0.8,1,0,1
0.46298882,0.2900885263265063,3.006051959488611,0.9,0,0,0
0.5227065,0.3797412803548097,3.0639128620735967,0.9,0,2,-2
0.5127346,0.4644980210488142,3.01867904060296,0.9,0,1,-1
0.45319042,0.3092698504299314,3.2024376147229634,0.7,1,0,1
0.28713587,0.29165196095214757,3.0485634360323997,0.9,2,1,1
0.3657521,0.30514149348663977,3.33400498835936,0.5,1,2,-1
0.44835243,0.37430343405906674,3.0621735653919635,0.9,1,0,1
0.45661205,0.34049952420003843,3.160474332860025,0.9,1,0,1
0.18113002,0.4630194981433334,-0.0,0.0,0,1,-1
0.39675564,0.4562471940937547,1.925796479454646,0.9,0,1,-1
0.49036512,0.34463653034829433,0.9798687566511528,0.7,2,0,2
0.40685058,0.45743844189951754,0.9612366047228759,0.8,0,0,0
0.4535315,0.4146362035467379,1.5243166733459836,0.9,1,0,1
0.49286819,0.3884479503106358,3.04228881404588,0.9,1,0,1
0.49897325,0.36792978179099944,3.072332979622968,0.9,0,0,0
0.45707592,0.40924178269587663,3.154222184683522,0.8,0,1,-1
0.47185457,0.45967737894996297,3.176908169168578,0.9,1,1,0
0.4620726,0.3659639037278647,3.029551963400665,0.9,0,1,-1
0.40628758,0.4068474154966784,3.0607476884752542,0.8,0,0,0
0.3464592,0.4750662512507958,3.560025957197403,0.5,1,0,1
0.41175312,0.4784286777822822,3.01867904060296,0.9,0,2,-2
0.46949586,0.3104131204182978,2.9999616928429345,0.9,1,0,1
0.48665664,0.42911325381445237,2.867353772834994,0.9,1,0,1
0.44243106,0.44781529695044864,3.140968445150808,0.9,1,0,1
0.45249218,0.442833643717621,3.2446223616714978,0.9,0,1,-1
0.47996157,0.32838626654809533,3.1218040595440764,0.9,0,1,-1
0.5089803,0.49031712305979935,3.207569653505061,0.9,1,0,1
0.48850152,0.3638305665274061,3.0372913370098593,0.8,1,1,0
0.5025471,0.33470438598673474,-0.0,0.0,2,0,2
0.43310958,0.41490012911429947,1.9367376372690068,1.0,0,0,0
0.4273821,0.20576383112839505,1.9542823944388745,0.9,0,1,-1
0.40822276,0.3690173413830962,0.9182958340544896,1.0,2,1,1
0.4090016,0.39874028634429637,0.9612366047228759,0.8,1,0,1
0.47314966,0.4099059120217704,3.1852659125503666,0.9,0,1,-1
0.3857505,0.1982122025315869,3.0329440206159575,0.9,1,0,1
0.41471398,0.3100768859147567,2.933376040408504,0.9,1,0,1
0.5444382,0.43121721675976615,3.124855076418648,0.9,0,2,-2
0.41782,0.47562633676298605,3.186728394849167,0.7,1,0,1
0.53622854,0.2938952851764225,3.1962721614419247,0.8,0,0,0
0.46062174,0.41334963859282464,3.272905595320056,0.6,0,2,-2
0.35965574,0.39978330095832737,3.3229896593846573,0.8,0,1,-1
0.4631654,0.39684148537255415,3.2940149823584424,0.8,1,0,1
0.4827694,0.3948060716943252,3.1038153309551886,0.9,0,0,0
0.42673814,0.4268503681147638,1.722266311943983,0.7,1,2,-1
0.35884994,0.4613453934574414,1.7295739585136223,0.6,0,2,-2
0.474809,0.3630197407240683,2.4912054473944405,0.8,0,0,0
0.43441606,0.31367289152349753,2.0978548143998657,0.9,1,0,1
0.31609783,0.521506782817253,1.884313527799799,0.5,0,0,0
0.42633098,0.32298894687931623,3.042141110799899,0.8,0,0,0
0.45480525,0.30997754950566264,3.01867904060296,0.9,1,1,0
0.47152755,0.45256764811058037,2.9736746195753727,0.8,1,0,1
0.47480622,0.33347185950568464,3.0339433670493876,0.7,1,1,0
0.53597116,0.3865112972087134,2.8673537728349934,0.9,0,1,-1
0.43197477,0.34151310450132366,3.01867904060296,0.9,0,0,0
0.34630775,0.37505584692455674,3.087462841250339,0.8,1,0,1
0.49989322,0.2890675052362069,3.0624924966466036,0.9,0,0,0
0.45489085,0.3795748061811125,3.071928094887362,0.8,0,1,-1
0.40074566,0.42172862553603746,3.2024376147229634,0.7,0,1,-1
0.44285703,0.3012757890097301,1.9459874988768269,0.9,1,0,1
0.4649586,0.31920183512230027,2.032487689168953,0.9,1,0,1
0.5105407,0.45074800526842346,1.4197367178034825,0.9,1,1,0
0.4421779,0.272291150245927,2.159534726078403,0.9,1,0,1
0.4715937,0.39946271163380376,1.8077635764171942,0.8,1,1,0
0.3469187,0.3098972292382645,3.0511649257162547,0.7,1,1,0
0.36008552,0.37483987516669304,2.823490576469806,0.9,0,0,0
0.46395794,0.4523172338371862,3.001118812734236,0.9,1,0,1
0.43392864,0.3635740542760426,2.972096688995876,0.9,0,1,-1
0.58415014,0.3654524797087207,2.9208322930948,0.8,1,0,1
0.51884127,0.37059428849144926,3.4762545447568036,0.9,1,1,0
0.4633215,0.33302017102606435,3.114369445886756,0.8,0,1,-1
0.49894193,0.26227315442344784,3.0977968115985957,0.8,1,0,1
0.3202839,0.41826372908709614,3.3336606896881857,0.8,1,0,1
0.41280758,0.49168255323842364,3.0530201924480456,0.7,0,0,0
0.46570405,0.24953469345356036,2.6804243449594782,0.9,2,0,2
0.5517248,0.42414547741324327,2.7187782867527033,0.9,1,1,0
0.53118676,0.30989853030210013,1.957405811425518,0.8,1,0,1
0.5340893,0.37201185743631154,1.5394910703001345,0.9,1,0,1
0.4404752,0.4837779456067763,2.208102070191481,0.9,2,0,2
0.42416435,0.38012749338444196,3.0639128620735967,0.9,1,1,0
0.5111954,0.42269322392172365,3.3999417237226357,1.0,0,2,-2
0.44759932,0.44366321458820324,3.3590093336462123,0.6,1,1,0
0.36824185,0.40422315166547484,3.128331049767103,0.9,1,0,1
0.49055523,0.3926687208169256,3.079710276317337,0.9,1,0,1
0.4573886,0.44608571890589077,2.921981709849717,0.9,0,1,-1
0.38959786,0.4540839754101723,3.079847398896347,0.9,0,1,-1
0.36974034,0.3986279415037375,3.213099704144249,0.9,0,3,-3
0.5109218,0.4369040306960807,2.8798554875455857,0.9,0,0,0
0.42145732,0.37288834028285706,2.915493095582791,0.9,0,2,-2
0.30639613,0.45280377547255624,2.9109640474436813,1.0,0,0,0
0.40513435,0.45151927141094683,3.0817892437588923,0.8,1,0,1
0.44772872,0.4573621647709337,3.290402054131786,0.8,0,0,0
0.4380971,0.35470450261475683,3.0566567074628233,0.8,0,0,0
0.5261407,0.33653633992731136,3.3327555843710557,0.8,0,0,0
0.32016668,0.3611217700049072,3.1507037896266987,0.7,0,3,-3
0.43243903,0.47412007162227354,3.527863267373443,0.9,1,1,0
0.31081164,0.4841246788419648,3.017242201464186,0.9,0,2,-2
0.41419652,0.4440059250811283,2.981714572986073,0.8,0,0,0
0.4501128,0.4080094191474563,3.378317094075591,0.9,0,0,0
0.51341456,0.4060241383111435,2.8747876302463347,0.95,0,1,-1
0.394877,0.3866111053078331,3.3131314645572676,0.7,2,1,1
0.40738407,0.42413074511807314,3.128331049767103,0.9,0,1,-1
0.49786407,0.4802593742203552,3.3041734398619833,0.95,1,0,1
0.4150934,0.4214880468104841,3.1937066151672147,0.8,2,2,0
0.44662148,0.4397757971946104,2.31019159868833,0.7,1,0,1
0.38945815,0.38882085697196794,1.5574319619297041,0.8,1,1,0
0.5011483,0.15565661087817395,0.9975025463691152,0.9,0,0,0
0.48577482,0.37199097863054353,1.574331785544523,0.9,0,0,0
0.36039326,0.35432353869930255,0.9709505944546686,0.3,0,1,-1
0.43173066,0.37015348331712766,2.8139107630313687,0.8,0,1,-1
0.42488196,0.33879615683778447,2.0353433020063356,0.9,0,1,-1
0.4923515,0.3923146164060109,1.7798299876761599,0.9,2,0,2
0.37238613,0.3237886017238085,0.8812908992306927,0.7,1,0,1
0.30025724,0.39934637140530865,0.5435644431995964,0.7,0,0,0
0.51972514,0.319639614769316,2.9081733366826743,0.9,0,1,-1
0.5106297,0.3753339768970947,2.9793394888389986,0.9,1,0,1
0.45217183,0.3619040569184388,2.776778210932318,0.9,1,0,1
0.48986733,0.4098729640828216,2.776778210932318,0.9,0,1,-1
0.55182123,0.3324425249509964,3.0,0.8,1,0,1
0.37668285,0.433243483645628,3.0434943204749443,0.8,2,0,2
0.48073334,0.25778040249628303,3.348459658487573,0.7,3,0,3
0.4413444,0.3721879674031539,3.3973858288113905,0.7,0,0,0
0.26405728,0.3942089113058096,3.466247897312731,0.5,0,1,-1
0.53970414,0.26982674857804295,3.1807304880608043,0.9,2,0,2
0.30491942,0.36551105920552385,1.5715416718219246,0.7,1,0,1
0.4303995,0.3629459927489344,2.176994582649833,0.9,2,0,2
0.5482105,0.39436227150665537,2.6917655655749053,0.9,2,3,-1
0.33019888,0.20992309814153637,-0.0,0.8,1,0,1
0.3919031,0.39132521263769887,1.53012496531497,0.7,1,0,1
0.5503919,0.36887281770527297,3.631432494053036,0.8,2,1,1
0.46023396,0.3726045914324659,3.5323405295579997,0.9,2,0,2
0.4854311,0.32768767249042696,3.5246064633992455,0.8,0,0,0
0.43105572,0.4175376108075148,3.694656064572306,0.9,1,1,0
0.46240416,0.2957790000667891,3.112771984641639,0.9,0,0,0
0.47713378,0.2201486427118714,3.1308979278810667,0.7,2,0,2
0.44625676,0.426065113865312,2.93712422423559,0.9,0,0,0
0.33446336,0.3063013038398985,3.1039099102823635,0.8,0,1,-1
0.4285781,0.37215949880614957,3.280524762900187,0.8,1,1,0
0.390082,0.44645412181026456,3.071928094887362,0.8,1,0,1
0.17263424,0.47430213790332076,-0.0,1.0,0,1,-1
0.4396834,0.29897783452676235,1.5,1.0,1,0,1
0.46225604,0.43439643765546904,1.3995812306460644,0.8,0,0,0
0.41363755,0.4538864296667677,1.5537631144722455,0.8,1,0,1
0.15545359,0.4934922432787391,0.9182958340544896,1.0,1,1,0
0.4375125,0.40375399341192314,1.8077635764171942,0.8,0,0,0
0.49981514,0.4109248663929866,2.71187789258087,0.8,0,1,-1
0.43142632,0.45356516516992457,1.3709505944546687,0.9,1,1,0
0.40081346,0.4281292414475324,1.6774212838293647,0.7,0,0,0
0.5203955,0.35378273549272626,2.6069367321753214,0.8,2,1,1
0.3903514,0.49126265773960814,3.717066104491722,0.8,1,2,-1
0.4505904,0.32718615203597334,3.606416538879153,0.8,2,1,1
0.3433898,0.2676173641805576,3.4290667985768626,0.8,2,0,2
0.45460132,0.39604960208757434,3.7886263649053595,0.7,3,0,3
0.3910291,0.481517777853218,3.588710641914682,0.7,1,0,1
0.46771103,0.36418089136272846,2.7751070248348753,0.9,0,1,-1
0.4626334,0.4333280975336268,2.944452798531527,0.8,0,1,-1
0.51753724,0.2935212186562263,2.940072687348654,0.8,0,0,0
0.5078127,0.3897738149973059,2.9738513896100454,0.9,0,0,0
0.5122366,0.384726328499074,3.006051959488611,0.9,0,1,-1
0.43009558,0.4590185297273465,3.2611323036281186,0.8,0,0,0
0.502913,0.4327706655291241,3.2154535460473688,0.8,2,0,2
0.5385184,0.3936428540992806,3.2028085813344687,0.8,0,0,0
0.48117328,0.4302646991764679,3.0953657445737646,0.9,2,0,2
0.4573701,0.4768295389312375,3.432005814760214,0.8,0,0,0
0.3790195,0.40504312143587645,1.577428772913488,0.9,2,0,2
0.42484605,0.3842143967666677,1.584962500721156,0.5,0,2,-2
0.4823365,0.4480857040855437,1.5461796919474975,0.7,1,0,1
0.34929585,0.3997974166025009,1.5379841082136025,0.9,1,2,-1
0.4491495,0.35569423138741135,0.9182958340544896,0.8,0,1,-1
0.5219778,0.3866488401153383,3.1084585933443494,0.9,0,1,-1
0.3724297,0.38134861963098887,2.2577174691301485,0.9,1,1,0
0.39248285,0.3410311300120263,2.09306920777189,0.8,1,1,0
0.2877342,0.5307584365842193,2.9697315665441306,0.5,0,2,-2
0.41378877,0.34202589706153397,3.5304161517409995,0.8,1,2,-1
0.44852403,0.28383731781464716,3.021240625180289,0.9,1,0,1
0.408232,0.40927677838366694,3.574400784164798,0.5,1,0,1
0.45152688,0.45528582936888706,3.3016094970590273,0.7,0,1,-1
0.37582743,0.4406408048323679,2.986159088827293,0.9,0,0,0
0.4923995,0.47219570201404115,3.4664374905537696,0.9,3,1,2
0.4884427,0.3485426854572,3.166714119207603,0.8,0,0,0
0.51776654,0.2897633299385792,2.99829757027802,0.9,0,1,-1
0.44696507,0.3851334504357973,2.994479445134094,0.8,1,0,1
0.40896147,0.34985694816907253,3.19789072233104,0.7,0,1,-1
0.47856972,0.40375756174580507,3.370314352745511,0.8,0,1,-1
0.3367177,0.46899295533132024,-0.0,0.1,0,0,0
0.39076406,0.39548139500932644,1.8464393446710154,0.4,1,1,0
0.46289062,0.4102941282410065,2.384669235259032,0.9,1,0,1
0.44112277,0.3984679150597003,2.318405476639355,0.9,1,2,-1
0.5122213,0.3832397991977931,2.1607047528877823,0.8,1,0,1
0.42683128,0.4433943586839995,3.5145716224239916,0.8,1,0,1
0.46856174,0.3712051708043366,3.5434301467812963,0.8,1,0,1
0.30056944,0.3823306202377094,3.916126946588284,0.4,0,3,-3
0.4763673,0.3642535419611796,3.3584585933443494,0.9,0,0,0
0.5345979,0.26619880353126396,3.5060075042713557,0.9,0,0,0
0.4969826,0.39630698728987684,3.4738787369407573,0.9,0,0,0
0.43048924,0.3523710468171435,3.5970680603545784,0.7,1,0,1
0.43913388,0.29394725874264976,3.39997665014868,0.9,0,0,0
0.39767185,0.33138869369733615,3.5993576007094554,0.8,1,1,0
0.5023414,0.30218395523814734,3.3584585933443503,0.9,0,0,0
0.4414386,0.37394959372405884,2.908173336682674,0.9,1,1,0
0.44254574,0.2851104350331118,2.921981709849717,0.9,0,1,-1
0.54423976,0.3934565541763431,2.9776445709289976,0.8,2,1,1
0.41675556,0.41470245137830786,2.921981709849717,0.9,0,0,0
0.4634728,0.34607648286333564,3.044801661238701,0.8,1,1,0
0.47261962,0.4483518915067759,2.8515895533744873,0.9,0,0,0
0.40974757,0.2089757420980685,3.1944806448504592,0.5,1,1,0
0.3778305,0.43321065474566206,2.8798554875455857,0.9,0,1,-1
0.50141037,0.36693758911489643,2.998966624432267,0.9,0,0,0
0.47577804,0.32868247112747767,2.908173336682674,0.9,0,0,0
0.40661195,0.425147627672268,3.6166016847827445,0.4,2,1,1
0.43983844,0.30912061059581614,3.1136495655936938,0.8,1,2,-1
0.5346815,0.3331437664496857,2.822683189255492,0.9,0,1,-1
0.2844166,0.4288005968759267,3.436565845070299,0.5,0,0,0
0.5170282,0.31708170436480826,2.8690954395801547,0.9,1,0,1
0.5185394,0.35973480189535967,3.145461844238322,0.9,0,0,0
0.41048378,0.3221615372153554,2.8690954395801547,0.9,0,0,0
0.4771301,0.41123422333247467,3.2473344554552273,0.7,0,0,0
0.43612632,0.4087713317910308,2.927607301917491,0.9,0,1,-1
0.534825,0.42063806726669545,2.986159088827293,0.9,0,1,-1
0.4775403,0.3867508726344998,3.4288285789502817,0.8,0,1,-1
0.4749924,0.4398968539798777,3.6392766268399077,0.9,1,1,0
0.48573005,0.35488851710790886,3.6860877446397526,0.8,1,1,0
0.51688665,0.44052597005652694,3.9841837197791894,0.3,2,0,2
0.44158107,0.34881619468512265,3.6375375112660517,0.8,0,2,-2
0.43707025,0.31223164471596426,2.927607301917491,0.9,1,0,1
0.49933982,0.37315169155963174,2.9725513464956443,0.9,1,0,1
0.37814504,0.25704052623132395,2.927607301917491,0.9,0,1,-1
0.52125424,0.4048054550143657,3.169925001442312,0.8,0,0,0
0.45214146,0.4411976189046975,2.867619351090584,0.9,1,0,1
0.42217076,0.2404550603885122,3.6437763910523575,0.4,2,0,2
0.38749686,0.34563572514976615,3.13624341298306,0.8,1,0,1
0.51354337,0.33486363718333534,2.9284391908277185,0.8,0,1,-1
0.3680393,0.39586732469181146,3.1542221846835226,0.8,1,2,-1
0.55464655,0.37206533450516693,3.0285397637122866,0.9,1,0,1
0.49683568,0.31403147094825246,2.776778210932318,0.9,0,0,0
0.39753455,0.19472974340084204,2.8798554875455857,0.9,3,0,3
0.3969857,0.39808150430387057,3.003539122804025,0.8,0,0,0
0.46567523,0.417725554271346,2.8851204539117536,0.8,1,2,-1
0.4001187,0.32111844488550445,2.728948870365158,0.9,0,1,-1
0.41693902,0.3553641283931514,3.017242201464186,0.9,1,0,1
0.3832794,0.38571253175150644,2.8979148441348372,0.8,1,0,1
0.45302773,0.44297940923905493,2.9108502945649066,0.9,0,1,-1
0.48748645,0.4418407137058935,2.959606183877608,0.9,0,0,0
0.39245686,0.3400169913341719,3.345719283930527,0.5,1,0,1
0.41604733,0.4268837199018994,3.381886669462981,0.8,0,3,-3
0.49816895,0.4156594444898893,3.368702050760819,0.7,1,0,1
0.37820044,0.359693248905303,3.0531291412734887,0.9,0,0,0
0.5004347,0.44493025644226,3.4220598833675853,0.9,1,0,1
0.49404618,0.48832764314830457,3.2415717635086607,0.8,0,1,-1
0.5390515,0.40197201233624846,2.8515895533744873,0.9,1,0,1
0.4639884,0.4381868857297872,3.02544195406668,0.9,0,1,-1
0.49557698,0.30431394127063993,2.9793394888389986,0.9,1,0,1
0.43985826,0.4453754151176246,3.1289209382414778,0.8,0,1,-1
0.38891256,0.34486592575763286,3.066532536373009,0.9,0,1,-1
0.31810504,0.4540890666158298,3.33400498835936,0.5,0,0,0
0.3728851,0.4158970329361216,3.1416195253341375,0.9,0,2,-2
0.5019862,0.34158951840736274,3.3582946587877545,0.9,4,0,4
0.49603015,0.39790105183185287,2.916499308617005,0.8,0,0,0
0.48185712,0.3587174378507866,3.38976052352998,0.6,0,1,-1
0.45957792,0.3105347928350241,3.1250982912213723,0.8,1,1,0
0.53594744,0.33487524074509756,3.3788826161764995,0.9,1,0,1
0.5329258,0.26281172979878603,3.1884855171913955,0.9,2,0,2
0.38329515,0.44345631056380796,3.296217602590056,0.8,1,0,1
0.383235,0.38089397764793365,2.822683189255492,0.9,0,1,-1
0.5368065,0.36890188183583583,3.262189758354411,0.7,0,0,0
0.5186255,0.46679715698397445,3.1699478040040012,0.9,1,1,0
0.46120587,0.3584789396195007,3.372864049934591,0.9,1,2,-1
0.49909335,0.356944179109974,3.18494147623844,0.9,0,2,-2
0.27387452,0.3107363153632103,1.9362600275315274,0.4,2,0,2
0.49085206,0.2407072597149669,3.0805903202981644,0.9,1,0,1
0.36836818,0.40060891194166953,2.9738513896100454,0.9,2,0,2
0.541538,0.31811084407944684,2.9064997125806005,0.9,0,1,-1
0.49736992,0.4155121605843546,3.035558029077429,0.8,1,0,1
0.4759708,0.37128659581836215,2.956623811079363,0.9,0,0,0
0.42366955,0.4730729645339796,3.414527264502953,0.7,1,0,1
0.4283206,0.28262235853944573,3.126120746842681,0.9,1,1,0
0.4443429,0.41871404862171946,3.2422921890824146,0.9,1,0,1
0.48420635,0.32335707806626146,3.068327540197194,0.9,0,1,-1
0.46489173,0.44417138119841254,2.9941327865521297,0.9,0,2,-2
0.35267943,0.3661548705043119,3.0276115197273348,0.9,0,0,0
0.309426,0.36467287731561815,3.3090830227956607,0.5,1,1,0
0.454665,0.4103221969534645,2.9967879635555583,0.9,2,2,0
0.47382846,0.410746296102256,2.728948870365158,0.9,1,0,1
0.4995283,0.3544897075591244,2.908173336682674,0.9,0,2,-2
0.4706498,0.3505369484399453,2.8851204539117536,0.8,1,0,1
0.53685665,0.42724838712429647,3.369382477877986,0.9,2,1,1
0.5243314,0.42937529156307574,3.346401153130023,0.9,1,1,0
0.55174667,0.35280005885864757,3.302485244993718,0.8,2,0,2
0.56670874,0.3689654617653309,3.108139690984235,0.9,2,2,0
0.38925496,0.38999187721663586,3.145461844238322,0.9,1,0,1
0.5047225,0.2872521702704084,3.0459585933443494,0.9,1,0,1
0.56258357,0.40250505772784906,3.079588021831726,0.9,1,0,1
0.5205571,0.30533370923896935,2.927607301917491,0.9,0,0,0
0.34539658,0.40730682315917893,3.1542221846835226,0.8,2,0,2
0.3721591,0.4093783912248138,2.95006375643621,0.8,0,0,0
0.47010705,0.5064435962727033,3.506198332810095,0.8,3,0,3
0.48818994,0.22548590515479638,2.6341050973916156,0.8,0,0,0
0.5507172,0.30419103400175806,3.49492255440469,0.9,2,0,2
0.5175712,0.3822714626388761,3.567813522185006,0.9,2,0,2
0.34541854,0.41636892441281637,2.9793394888389986,0.9,0,1,-1
0.50132054,0.47726512098034785,2.823490576469806,0.9,1,0,1
0.5208733,0.412920852732435,2.879147464882276,0.9,1,2,-1
0.38878098,0.44564771453150526,3.33400498835936,0.5,1,0,1
0.15592775,0.3594706145961521,3.1301249653149705,0.7,0,1,-1
0.33494586,0.38456407604445875,3.623516641218015,0.4,2,1,1
0.46602762,0.44692977187284977,3.2137897068139574,0.8,2,0,2
0.3527632,0.29626493576647794,3.0234651896016467,0.8,1,2,-1
0.48567292,0.39185151199895585,3.302499322522553,0.7,0,0,0
0.24756798,0.41539561100847117,2.9957808479084207,0.9,1,1,0
0.34256992,0.48336854941493723,3.3484325274597944,0.9,0,2,-2
0.392577,0.41419129552508177,2.048096870424512,0.9,1,1,0
0.42430168,0.32351985570497854,2.4092672522514684,0.9,0,0,0
0.4290548,0.3666144944022722,1.744842531753244,0.8,1,0,1
0.44538632,0.3790970010698161,3.5026831892554924,0.9,0,1,-1
0.29763585,0.3892180567200329,2.998966624432267,0.9,1,1,0
0.4319823,0.4162589738268629,2.822683189255492,0.9,0,0,0
0.3111082,0.39582638109351675,3.4227750662613374,0.5,0,1,-1
0.49053305,0.37638484156655705,3.0350849518197798,0.8,1,1,0
0.55513376,0.39624444067777037,2.8512809122619043,0.9,0,0,0
0.4181724,0.3497042540870702,3.0661823252553324,0.8,1,1,0
0.55950797,0.40180194108814055,2.776778210932318,0.9,1,1,0
0.5758732,0.32692396179231986,2.8512809122619043,0.9,2,0,2
0.47527394,0.33453402172071794,3.1069210282780264,0.9,0,0,0
0.41459134,0.3501592996759951,2.921981709849717,0.9,1,0,1
0.34225136,0.423954951654556,3.066882991742246,0.7,0,0,0
0.43758664,0.4619343100942194,2.8798554875455857,0.9,1,0,1
0.43179405,0.4049140854664338,3.0310053222938813,0.8,1,0,1
0.42666957,0.36011933186275025,2.947056898478542,0.7,1,0,1
0.447263,0.39374495079347044,3.198120312590144,0.9,0,2,-2
0.43668088,0.36327968779312564,3.1405219626825924,0.7,0,0,0
0.5167282,0.2620818126168421,3.12187240011629,0.9,1,0,1
0.4407862,0.281358562336455,3.1065324681465394,0.9,0,1,-1
0.39851865,0.3611675523088382,3.3241767435304808,0.6,2,0,2
0.4942262,0.30715014542728525,3.21121054120345,0.8,1,0,1
0.43562117,0.36990998627554417,3.1352701614643705,0.9,1,2,-1
0.382023,0.3359994639985754,2.941487369838532,0.9,0,0,0
0.51304126,0.38574338812709746,3.067758303012426,0.9,0,0,0
0.5314796,0.3742043255521714,3.349087697662134,0.6,3,1,2
0.36939073,0.4535533431014108,3.2885023057715044,0.7,0,2,-2
0.5147231,0.4519921946260211,3.436310542833523,0.8,1,0,1
0.3381588,0.4307132822716237,3.173785595221648,0.9,1,1,0
0.5820779,0.3524833110259708,3.2918892809190408,0.9,1,0,1
0.48340935,0.3440467084878341,3.349522244823658,0.8,0,0,0
0.49483776,0.40106410990941954,3.4150610122030702,0.8,1,0,1
0.43581593,0.30699607558582803,2.9488992305234407,0.95,1,1,0
0.45406845,0.42321281322616067,3.021310948094599,0.95,0,1,-1
0.45654967,0.37088971414506283,3.3075043250951253,0.9,0,0,0
0.33437562,0.37612285317793986,3.1066415690503018,0.95,1,0,1
0.5087574,0.41070525178940015,3.1766352793034835,0.9,1,0,1
0.44228813,0.33031505810686546,2.9793394888389986,0.9,1,0,1
0.39214215,0.39005217654078816,2.908173336682674,0.9,0,2,-2
0.37684074,0.3962408925108747,2.921981709849717,0.9,1,2,-1
0.4759165,0.3666058353428938,2.9674384307249486,0.8,0,0,0
0.43761718,0.432670783624591,2.979339488838998,0.9,2,1,1
0.54759866,0.3513162057423596,3.103930296312964,0.9,0,1,-1
0.4791169,0.39607103866165355,3.0373651859873494,0.9,2,1,1
0.46423775,0.4008125563176068,2.9851817976423107,0.9,0,2,-2
0.5029411,0.3915404277801233,3.0607476884752547,0.8,1,1,0
0.44769156,0.4139217059707838,4.037401197654112,0.1,1,1,0
0.4762192,0.42839736807411893,3.538409377088532,0.7,1,0,1
0.4594999,0.3162461787114264,1.5058762556041068,0.9,0,0,0
0.49724975,0.2521672635155989,2.2758361633051267,0.9,2,0,2
0.48987255,0.419045780159731,3.7576856586254093,0.6,1,1,0
0.48201448,0.29370068283237805,2.923231428797621,0.8,1,0,1
0.55681443,0.43101511639405476,2.8515895533744877,0.9,1,0,1
0.40912002,0.3171314675353843,3.120183935661208,0.7,0,0,0
0.42314884,0.412995735384706,2.823490576469806,0.9,2,2,0
0.41476712,0.3829784098392004,3.0,0.8,0,0,0
0.38652343,0.3680629023103775,3.1761673177098713,0.8,1,0,1
0.46947795,0.41492173286556255,3.042141110799899,0.8,1,1,0
0.15690082,0.49106020064387496,3.1301249653149705,0.7,0,2,-2
0.459786,0.23716380818993735,2.9031332547237456,0.9,0,0,0
0.4596916,0.32618577395193926,2.985126524384736,0.8,0,1,-1
0.43265072,0.3679807882737339,3.074409595714051,0.9,1,1,0
0.456933,0.43162768804424345,3.173785595221649,0.9,1,0,1
0.4276081,0.37105715655497573,3.144037784178728,0.6,0,0,0
0.38147023,0.41120849784554303,3.1012141894890553,0.9,0,2,-2
0.5180747,0.36728713598178775,2.9967879635555583,0.9,0,0,0
0.52719545,0.4233237738640412,3.1824026429028396,0.8,2,0,2
0.49318123,0.4222143097431982,0.9967916319816367,0.8,1,1,0
0.5597408,0.2753376826397639,-0.0,0.9,1,0,1
0.38191396,0.4597689950703811,1.5821930667351332,0.8,1,0,1
0.35750398,0.41685022690771156,0.9402859586706311,0.9,2,0,2
0.41647503,0.4230298671471181,1.5820239409642765,0.8,1,0,1
0.53621733,0.379943255501601,3.196279754598934,0.9,1,3,-2
0.38538837,0.40621077448360693,3.1094768574214795,0.8,0,1,-1
0.4958003,0.33307348068049286,2.986159088827293,0.9,0,0,0
0.55201405,0.4392434951594052,3.0464877462766293,0.9,0,1,-1
0.43934143,0.2834937604958457,2.9300191536916556,0.8,0,1,-1
0.27804863,0.4001670873249202,2.8798554875455857,0.9,0,0,0
0.5280369,0.387785730478629,3.4733337971212745,0.6,3,0,3
0.43868786,0.42709874534452413,3.226629416255868,0.9,1,0,1
0.3741737,0.332944149125362,3.084586642298108,0.8,0,1,-1
0.3704048,0.4131372530761418,2.8678930955604414,0.9,0,0,0
0.44482064,0.38721642664375105,2.584962500721156,0.9,1,1,0
0.3594283,0.4165018417357616,2.420756391857001,0.8,1,0,1
0.42066628,0.4204990097173875,2.9313076001654323,0.9,1,0,1
0.56703085,0.35991581117047067,3.7152810859814975,0.7,1,0,1
0.4798217,0.3275468234786417,2.5609915294703107,0.7,2,0,2
0.5135925,0.40566345726094816,2.9876350149272817,0.8,2,3,-1
0.48060718,0.4298999967593159,1.7822287189138017,0.9,1,1,0
0.3996861,0.44654937466402983,-0.0,0.9,0,0,0
0.47072136,0.4393902497771089,0.9967916319816367,0.8,0,0,0
0.37935874,0.4077995552251445,1.8394910703001344,0.9,3,1,2
0.4555215,0.49593288021829485,1.9057584610289318,0.9,0,1,-1
0.43807217,0.41005877186059414,3.63716497094187,0.5,2,2,0
0.43054542,0.34352928382775666,2.6983537370899624,0.8,1,1,0
0.44867587,0.4431320510360096,3.350389244103963,0.9,2,2,0
0.47116235,0.4154563325548203,3.5221388904914583,0.9,0,0,0
0.537817,0.42233282077249407,2.895461844238322,0.9,0,1,-1
0.39345154,0.3143776292606476,1.5221898721658211,0.8,0,1,-1
0.53210866,0.35875108710640197,1.4932133643654213,0.9,0,0,0
0.43078136,0.42932542059952133,1.8709505944546685,0.8,0,0,0
0.3920435,0.3747622595781236,2.626741758106722,0.7,0,1,-1
0.33391792,0.48617320773930406,3.01867904060296,0.9,0,0,0
0.3160611,0.4145292539477953,3.1147869792568117,0.9,2,0,2
0.4298341,0.4663407125051767,3.1366093210580446,0.9,0,3,-3
0.4384944,0.34332970489549564,2.973851389610045,0.9,0,0,0
0.41121453,0.4320778515433552,3.154222184683522,0.8,0,0,0
0.405811,0.3840872105117001,2.8311845963584887,0.8,0,1,-1
0.50669473,0.23129538787220671,3.079710276317337,0.9,2,0,2
0.44173256,0.49994771619018685,3.1519325792170334,0.9,1,0,1
0.40493354,0.4075750056956999,3.0881020701914808,0.9,2,0,2
0.49358642,0.3948132345854531,3.154222184683522,0.8,0,1,-1
0.4580623,0.44776630095348624,0.9967916319816367,0.8,0,1,-1
0.46005258,0.34290596936350953,1.3995812306460644,0.8,0,0,0
0.4626342,0.3005905497870247,1.54515313983491,0.9,0,0,0
0.43138167,0.4345137466166193,-0.0,1.0,0,1,-1
0.31531915,0.4034031446209216,-0.0,1.0,0,0,0
0.47722355,0.2882864724858693,3.087462841250339,0.8,1,0,1
0.45777062,0.36452574039092017,3.0776055591294873,0.9,0,1,-1
0.33453923,0.4261029779942775,2.8690954395801547,0.9,2,0,2
0.5003395,0.39527277446287695,2.983871113218153,0.9,1,0,1
0.4246153,0.3668698924013575,3.0881020701914808,0.9,2,1,1
0.26035914,0.4950014233921375,2.8678930955604414,0.9,0,0,0
0.40195563,0.3058873564091222,3.231038391295044,0.5,0,0,0
0.52379507,0.26988255754850726,2.885174447128411,0.8,1,0,1
0.38080558,0.4650453171916699,2.8798554875455857,0.9,0,1,-1
0.46291545,0.3819508796866824,3.2527152789797045,0.6,1,1,0
0.5042252,0.38213327020636495,3.0841686039959386,0.9,1,0,1
0.46710983,0.40655678209315194,3.2978572587856916,0.8,1,0,1
0.4564923,0.41919785423520173,3.413757678292811,0.9,0,1,-1
0.44957322,0.4294836661026084,3.3085088916268086,0.9,2,1,1
0.43606228,0.4335575321604487,2.921029621737615,0.8,0,1,-1
0.46041697,0.4172424953665933,0.9886994082884976,0.9,1,0,1
0.50167334,0.3669357319866508,1.9657827637391678,0.8,1,0,1
0.5532636,0.36589939171734187,2.2609768596329824,0.9,1,0,1
0.3061309,0.3452227107040977,-0.0,0.3,2,1,1
0.41507062,0.3565386276741126,1.9535209511274698,0.9,0,0,0
0.5068571,0.4430802707389736,2.704876780037443,0.95,0,1,-1
0.5127909,0.5086390756399989,2.944452798531527,0.8,1,0,1
0.5411266,0.4495640723936941,2.776778210932318,0.9,0,0,0
0.1904767,0.48635874638024956,3.4227750662613374,0.5,1,2,-1
0.41673696,0.48615014883124485,3.0114932034009665,0.7,1,1,0
0.5010194,0.4259640275979414,3.2922440311080305,0.8,1,0,1
0.39315823,0.44684059438977314,3.1418635767565624,0.9,1,2,-1
0.46734387,0.48239498524269775,2.820046868677855,0.9,0,0,0
0.47830632,0.42083265899689526,3.017242201464187,0.9,0,1,-1
0.46213624,0.37080694958607374,3.050044497294057,0.9,0,2,-2
0.45540723,0.31640122561000855,3.01867904060296,0.9,1,2,-1
0.49369746,0.3849447977611038,3.2871723364259595,0.9,1,1,0
0.38500032,0.36337684682137283,2.9738513896100454,0.9,0,1,-1
0.45606568,0.4647215274904749,2.9382689280764644,0.9,0,0,0
0.47880927,0.3965951095607998,3.01867904060296,0.9,0,0,0
0.47444713,0.33587581809178485,3.087462841250339,0.8,0,0,0
0.3869107,0.4408237059998394,3.0212406251802895,0.9,1,0,1
0.34177163,0.28797357690182523,3.5001530166977126,0.4,0,3,-3
0.4264784,0.3206200081117238,2.9911148500551854,0.7,0,1,-1
0.47765693,0.420010062290433,2.9736746195753727,0.8,0,0,0
0.5037877,0.3981734259103562,2.6066505805015394,0.9,2,0,2
0.41976202,0.26812775061316324,1.949082295352821,0.8,2,0,2
0.5247867,0.3680832967967605,1.8149798205164813,0.9,1,0,1
0.40833443,0.5005423764569132,1.5,0.6,1,0,1
0.5358248,0.3928979692187451,1.4591479170272448,0.9,0,0,0
0.35652682,0.4351317066476933,-0.0,0.3,0,3,-3
0.4452106,0.4400830660248712,0.9967916319816367,0.8,0,0,0
0.42600825,0.38434554414278377,0.8112781244591328,0.9,2,0,2
0.41020212,0.30560192030664224,1.5221898721658211,0.8,0,0,0
0.480673,0.3647277551610728,1.5394910703001345,0.9,0,2,-2
0.5076756,0.4672145920574504,1.4618381992568747,0.9,1,1,0
0.47283638,0.3375640034499623,1.978482028403901,0.8,1,0,1
0.4538987,0.37274787344957183,2.141003662603234,0.9,0,3,-3
0.4159917,0.4811982392882302,1.456564762130954,0.8,0,1,-1
0.5171454,0.40099384634214086,1.4591479170272446,0.6,0,4,-4
0.4802356,0.37100007769569293,2.898979968320738,0.95,2,0,2
0.45171332,0.3446277786932871,2.9728488200423997,0.9,0,0,0
0.45071194,0.3072220923820966,2.8798554875455857,0.9,0,1,-1
0.56306696,0.4199726828547985,3.0921760461689285,0.8,2,1,1
0.23910333,0.5151209402596018,2.898979968320738,0.95,2,0,2
0.299276,0.4207893295638205,0.9219280948873623,0.8,1,1,0
0.42172477,0.48136970035385884,2.4391325058537374,0.9,1,0,1
0.45551345,0.4266983789654664,1.2639334294856335,0.8,0,2,-2
0.5113879,0.1873439054305993,1.5262349099495225,0.6,0,0,0
0.39731944,0.40344976567355983,1.8464393446710154,0.8,0,1,-1
0.43941265,0.38228142801706233,1.9031071683628111,0.8,2,1,1
0.35252804,0.3796426239302813,0.9709505944546686,0.3,0,2,-2
0.46319222,0.3328073665364921,0.9967916319816367,0.8,0,0,0
0.56808025,0.40387413202062644,1.9766004603133172,0.8,1,0,1
0.43594712,0.4241995377729233,2.267226962994476,0.7,1,2,-1
0.44181156,0.3721617604702283,3.087462841250339,0.8,1,0,1
0.2985041,0.359494778184233,2.9276073019174915,0.9,1,1,0
0.48878068,0.3595217237920769,3.029551963400665,0.9,0,0,0
0.33857736,0.3328328400931869,3.1812763696025814,0.6,0,1,-1
0.40058056,0.35281835457262883,3.0443941193584534,0.8,0,1,-1
0.5394119,0.41395118288460997,3.5026831892554924,0.9,1,0,1
0.43849334,0.34030335930575784,3.5612781244591325,0.9,1,0,1
0.43954337,0.49248099674080853,3.5026831892554924,0.9,1,0,1
0.3872216,0.3379839211372211,3.60623892865339,0.6,0,2,-2
0.3754421,0.3602767978780032,3.4738787369407573,0.9,2,0,2
0.5000503,0.34995062956654927,2.728948870365158,0.9,0,0,0
0.510141,0.41502569450753357,3.0930692077718898,0.9,0,0,0
0.46601108,0.314966089118989,3.029551963400665,0.9,0,1,-1
0.44359723,0.3540253073264304,3.0018657739084222,0.8,3,0,3
0.43769473,0.4811984325885745,3.196231565022865,0.7,2,1,1
0.31679547,0.4730077141981371,3.1485111144098963,0.8,1,0,1
0.42625073,0.4208530013742643,3.3104765148471316,0.5,0,1,-1
0.49572226,0.39494767310255513,3.0570081411122447,0.9,0,1,-1
0.505557,0.45098288858515034,2.986159088827293,0.9,1,0,1
0.4316961,0.42623991031507696,3.0531291412734887,0.9,0,0,0
0.44884628,0.44917393879382944,3.1070632481662295,0.8,1,0,1
0.4173256,0.45850300041661113,3.371091436665438,0.7,2,1,1
0.49276736,0.3419158346208504,3.4869730884195276,0.9,3,1,2
0.48917434,0.4051301463631923,3.2708469856225593,0.9,0,0,0
0.5029363,0.3271684503371813,2.9208322930948003,0.8,0,0,0
0.47585517,0.43875749435700295,3.355953642864355,0.7,0,1,-1
0.3901838,0.3729894837486795,3.0380371288088024,0.9,1,1,0
0.42864382,0.4981375473136591,3.45858287972364,0.8,1,0,1
0.29501018,0.4235817029818387,3.2121751421237508,0.8,1,1,0
0.42540905,0.353655318256686,3.3614085514448444,0.8,0,1,-1
0.4949972,0.4364538005455209,2.5334516972954804,0.9,1,1,0
0.508574,0.5009213213066255,2.494243273345692,0.9,1,0,1
0.4749479,0.341258691054486,0.8112781244591328,0.9,0,1,-1
0.5286889,0.3624592324162368,2.1927846621897884,0.9,0,1,-1
0.47159237,0.40655626753369956,0.9975025463691152,0.9,0,0,0
0.46564376,0.42974864983417377,2.823490576469806,0.9,0,0,0
0.47318447,0.5040105946726084,2.9793394888389986,0.9,1,0,1
0.3574617,0.37156165500393706,3.003539122804025,0.8,2,1,1
0.4820159,0.36616185195299217,2.9374380103147986,0.8,2,1,1
0.49423423,0.2822035523771174,2.8798554875455857,0.9,0,0,0
0.4669094,0.3235046226276099,1.4913146570363986,0.9,0,1,-1
0.47061512,0.3822713786956276,1.4772170014624824,0.8,1,0,1
0.4507081,0.4286455177047336,1.925796479454646,0.9,2,1,1
0.39795136,0.36632100155922687,1.3995812306460644,0.8,2,1,1
0.4089988,0.33887322504004963,1.3779630390761746,0.9,0,0,0
0.5056282,0.4591632099896322,2.570169457752032,0.9,1,0,1
0.4789536,0.31872051333929396,1.6954618442383218,0.9,0,1,-1
0.48475948,0.3988819984843427,2.059651458859479,0.9,2,0,2
0.3858262,0.353469537553896,1.3821022532543101,0.9,0,1,-1
0.30978382,0.4542055483037239,0.6500224216483542,0.5,0,0,0
0.29554042,0.370986601238775,3.171773487401978,0.9,1,2,-1
0.30637234,0.4210802384759505,0.9864267287308426,0.7,1,0,1
0.4800279,0.5029881247976732,3.7398775745709463,0.6,0,3,-3
0.46052882,0.419635298627205,3.6196563823665535,0.8,1,1,0
0.4399214,0.4513404824065203,2.8333333333333335,0.9,2,1,1
0.42068017,0.2979139491204189,2.9674384307249486,0.8,1,1,0
0.45054543,0.45084136152270227,3.0621735653919635,0.9,1,1,0
0.5194707,0.34403812774796094,2.9208322930948,0.8,0,0,0
0.51599944,0.4315120274685671,2.910850294564907,0.9,0,0,0
0.45196968,0.3331625766031678,3.0443941193584534,0.8,1,1,0
0.3839047,0.4212541777153249,3.1161183589017414,0.9,0,3,-3
0.4294924,0.5073232787598602,3.524534762707879,0.6,1,0,1
0.46309158,0.4202083557088662,3.3248397247118855,0.9,1,0,1
0.3976175,0.4648855182775994,3.1894067118816154,0.7,1,0,1
0.48194164,0.20457880435243037,3.623516641218015,0.4,2,0,2
0.567376,0.4475772543404063,2.8515895533744873,0.9,0,0,0
0.2700984,0.44600027506620554,2.776778210932318,0.9,1,3,-2
0.4983417,0.26925627838319216,2.823490576469806,0.9,0,0,0
0.2643903,0.4669337771267546,4.087462841250339,0.05,0,0,0
0.50577635,0.34886007033605976,2.8559585804392404,0.9,0,2,-2
0.33305854,0.43032551981151784,2.8798554875455857,0.9,0,1,-1
0.31972456,0.5073764033552908,3.376721144561037,0.5,1,0,1
0.38255095,0.4549952365340617,3.0887793473613607,0.8,0,2,-2
0.46968997,0.38246928648417855,3.02544195406668,0.9,0,1,-1
0.33440354,0.40613540801289616,2.963134910393311,0.9,1,1,0
0.47658893,0.30630416698570084,2.776778210932318,0.9,0,1,-1
0.28675678,0.4508736885992961,3.02544195406668,0.9,0,0,0
0.44415873,0.34074982096897133,3.066532536373009,0.9,2,0,2
0.44307515,0.42812989665327833,3.0329440206159575,0.9,1,1,0
0.44758457,0.3674305615353366,3.0939422602619,0.7,1,2,-1
0.44415894,0.3692192460959058,2.913452314834227,0.9,2,1,1
0.4311779,0.38448563390280993,3.0240908525102475,0.8,0,0,0
0.38197854,0.29464994950906015,3.01867904060296,0.9,1,1,0
0.49233887,0.34285244376612106,2.985126524384736,0.8,1,0,1
0.4205821,0.42750953657283297,3.024751985026256,0.8,0,1,-1
0.40519756,0.46972988125416654,3.35937791471612,0.8,0,1,-1
0.48815972,0.28563135710493887,3.12187240011629,0.9,0,0,0
0.45696217,0.3559288280521134,3.01867904060296,0.9,0,0,0
0.3481968,0.4407643371782623,3.0732850846298447,0.9,1,0,1
0.5105819,0.37288900071442255,3.029551963400665,0.9,0,2,-2
0.33548942,0.37538705643627945,3.1136495655936938,0.8,0,1,-1
0.44854152,0.41234244871539955,3.2632705594236713,0.8,2,1,1
0.45521262,0.22976521675751063,2.944452798531527,0.8,0,1,-1
0.22814913,0.42630934866655096,2.9861590888272933,0.9,1,2,-1
0.48134068,0.35339818154703206,3.0732950479319263,0.8,1,0,1
0.39162487,0.43996888923689675,3.3104765148471316,0.5,2,0,2
0.32643288,0.3084564224688376,3.1205051401715327,0.7,1,0,1
0.50417084,0.39410074257544736,3.1207256961040377,0.8,0,0,0
0.4157346,0.32211604342872635,3.0570081411122447,0.9,1,0,1
0.36960658,0.3343432897798535,2.9681666405523326,0.9,1,0,1
0.38989738,0.3093812188190649,3.279228989059142,0.5,1,1,0
0.53872734,0.39827414926111837,3.2265395157295487,0.8,1,0,1
0.5175988,0.3812863289205769,3.271486951677438,0.9,0,1,-1
0.55959505,0.3526232125893463,3.187907291846956,0.9,1,1,0
0.43134108,0.31296034135050926,3.0510050526598267,0.9,0,0,0
0.51793754,0.4234418438058309,3.6205715771054208,0.8,0,2,-2
0.41247243,0.45764372848381074,3.6679511971986445,0.9,1,2,-1
0.34206092,0.45706985499153907,3.5504671591273245,0.9,3,0,3
0.37427655,0.3795263862700102,0.9182958340544896,0.2,1,1,0
0.4118981,0.4792210493757049,3.9500637564362098,0.3,1,0,1
0.50042504,0.46848111034494333,2.776778210932318,0.9,0,0,0
0.44918293,0.3808084380885924,3.1826575788844838,0.7,0,1,-1
0.38457584,0.3797753901794898,2.8851204539117536,0.8,0,0,0
0.36941284,0.4564089737488645,3.270130589826125,0.5,0,3,-3
0.48321468,0.34412957074685946,2.9967879635555583,0.9,1,0,1
0.4790138,0.3305558137625411,3.080897813619359,0.8,0,1,-1
0.4518775,0.29453736812725273,3.164421391561249,0.9,1,0,1
0.5046257,0.38742482680674106,3.1075660766889937,0.9,0,1,-1
0.42797455,0.38997318257521213,3.084962500721156,0.9,0,2,-2
0.39190692,0.29363196159310195,3.0234651896016476,0.8,1,0,1
0.3915073,0.3556770346826827,3.4762545447568036,0.9,1,0,1
0.5998917,0.36300861525585687,3.175711064702828,0.9,1,0,1
0.49069825,0.4440532325217954,3.145461844238322,0.9,0,1,-1
0.36744523,0.3994303772077437,3.544097907106122,0.4,1,1,0
0.5121356,0.15797339936193713,3.1026478904820527,0.9,0,0,0
0.4949416,0.3524091122528896,3.1644213915612496,0.9,2,0,2
0.45722264,0.25432889827055666,2.933376040408504,0.9,0,0,0
0.48872435,0.3948532832811511,3.080897813619359,0.8,1,0,1
0.42994967,0.42362631839398085,3.113248785942744,0.8,1,0,1
0.4077617,0.38315878276546134,2.9414873698385327,0.9,0,1,-1
0.54285985,0.3138912683014576,3.38436414343715,0.7,2,0,2
0.5560934,0.333136683183267,2.906499712580601,0.9,1,0,1
0.49421906,0.30152931449049575,3.48350957441888,0.6,2,1,1
0.51126254,0.31303898593689367,3.1981864313138506,0.8,0,0,0
0.41868725,0.3458940042757125,3.3494515242647385,0.7,0,1,-1
0.37938744,0.2621256788004391,1.83748482971194,0.8,0,1,-1
0.43796384,0.4067402663428274,0.9612366047228759,0.8,1,0,1
0.402059,0.4455702257020056,1.8892464285091584,0.6,0,1,-1
0.4833442,0.4826568479790526,0.9975025463691152,0.9,0,0,0
0.3334236,0.4304406140395542,-0.0,0.7,1,1,0
0.37421253,0.4967558687273967,1.4591479170272446,0.3,0,1,-1
0.48963365,0.33093394693667255,2.7470910116261447,0.9,1,0,1
0.38997218,0.43663103335671244,1.8955056206115382,0.8,0,0,0
0.41230282,0.42690403591883824,2.2464393446710154,0.3,0,0,0
0.3599218,0.3813514475038899,1.8077635764171942,0.8,0,1,-1
0.53654456,0.32566749383746435,3.0,0.8,1,1,0
0.4168805,0.4483677748485652,2.8791474648822764,0.9,0,0,0
0.31636775,0.45043177306517024,3.0,0.8,1,0,1
0.52637386,0.4157624071794367,2.916499308617005,0.8,1,0,1
0.4840956,0.4538708178424141,3.0989340500817137,0.8,0,1,-1
0.38098094,0.37176057380344335,3.284434343932502,0.7,1,1,0
0.3936957,0.3728759910613492,3.144125936700019,0.8,1,0,1
0.3202177,0.43610563494595067,3.226235413615309,0.8,0,0,0
0.5101391,0.31265369033574164,3.4730777243942597,0.8,0,0,0
0.37402838,0.3362814798191903,3.33198056664107,0.7,1,1,0
0.45617303,0.3527163128060953,3.1552788308611412,0.8,1,1,0
0.40572894,0.4266256616833964,3.028991962451992,0.8,0,0,0
0.3880337,0.41389339070788855,3.6729055953200564,0.3,2,0,2
0.40149617,0.3866114872256996,3.084586642298108,0.8,0,1,-1
0.4941691,0.40047667604127773,2.885174447128411,0.8,0,1,-1
0.4312817,0.40685426987473094,3.144779105045128,0.8,0,1,-1
0.37753376,0.34950442196967213,3.41896119556797,0.5,2,2,0
0.52573085,0.432014573945257,3.6897379316519903,0.6,5,0,5
0.41967204,0.3611612342260731,3.284167280284715,0.7,1,1,0
0.3397295,0.5031960662693593,4.087462841250339,0.05,0,0,0
0.34981576,0.3512491347690441,0.9886994082884976,0.9,0,0,0
0.4021888,0.445952917748165,0.9544340029249649,0.5,0,1,-1
0.49042892,0.2240971708685021,-0.0,0.7,1,0,1
0.36980832,0.2929329029367209,0.9940302114769565,0.6,0,1,-1
0.35879096,0.29499471068741845,-0.0,0.8,2,0,2
0.39153114,0.32480941456007967,3.0640917816300153,0.8,0,0,0
0.385052,0.43403849132519023,3.0844178650011354,0.7,1,1,0
0.42916784,0.4688529402191871,3.1397085933443494,0.9,0,2,-2
0.48971808,0.15427224019336816,3.01383759610988,0.9,0,0,0
0.4674524,0.4774551964352765,3.329096420318027,0.8,0,0,0
0.42374367,0.45015194872985376,3.01867904060296,0.9,0,1,-1
0.5517171,0.326148639503828,2.9793394888389986,0.9,0,2,-2
0.42696336,0.4414591809056613,2.9276073019174915,0.9,2,1,1
0.43538406,0.4598227699118556,3.0350849518197793,0.8,0,0,0
0.5177232,0.3669148207936393,2.8226831892554918,0.9,0,0,0
0.40358788,0.3432590276587457,3.2245936388196177,0.8,1,0,1
0.52067083,0.27242485297910546,3.079710276317338,0.9,1,0,1
0.49778908,0.4193377806635867,3.102683189255492,0.9,0,0,0
0.49141738,0.4611388942352764,3.2083333333333335,0.9,0,1,-1
0.43403515,0.516794887780866,3.2007107083800315,0.7,2,0,2
0.4511159,0.3469194606657537,3.0661089398374797,0.8,0,0,0
0.46676052,0.4455463578620932,2.481714572986073,0.8,0,1,-1
0.46654093,0.41436101266158765,2.6227336390297045,0.7,0,0,0
0.46247104,0.19235147471418526,2.0,0.8,1,0,1
0.29604167,0.4745159191060157,2.3512274809529554,0.8,0,0,0
0.5009744,0.37978999384908585,3.5098625532943766,0.7,3,2,1
0.52417517,0.4164269606249648,3.02544195406668,0.9,1,1,0
0.5256588,0.4245379286765902,2.9725513464956443,0.9,2,0,2
0.40022048,0.48291818591231483,2.8798554875455857,0.9,0,0,0
0.36123332,0.5219749090989514,2.9793394888389986,0.9,1,1,0
0.4829648,0.36293006223466684,3.035558029077429,0.8,0,1,-1
0.5183429,0.3811480683104171,2.9594524216819256,0.9,1,0,1
0.40834698,0.39997114339646667,2.9276073019174915,0.9,0,0,0
0.41383561,0.3457158412593848,2.8272085933443494,0.9,0,0,0
0.4910224,0.3465834555331019,3.2251864296630086,0.8,1,0,1
0.54044676,0.3828216788311739,3.318475693724688,0.9,1,1,0
0.41523606,0.37628693490665893,2.8515895533744873,0.9,1,0,1
0.5038144,0.391550342824988,3.0989223123605285,0.9,0,0,0
0.5250768,0.1471027645765197,3.0165283551431905,0.9,1,0,1
0.46892387,0.3289010735394374,3.0853295308028708,0.9,1,0,1
0.38303775,0.3296749286400328,2.944452798531527,0.8,0,0,0
0.48567748,0.4517854142342871,3.0315513539183025,0.9,0,0,0
0.5437746,0.412756598264081,2.93712422423559,0.9,0,1,-1
0.42582184,0.46137604032374435,3.258694969562842,0.6,2,0,2
0.5500575,0.15273121419713676,3.0943105139035287,0.9,0,0,0
0.39213756,0.42324416224088707,2.1916116417513787,0.8,2,0,2
0.4622004,0.46237646972902985,1.1488348542809168,0.5,0,0,0
0.53341794,0.39054133574806954,2.1138755975478234,0.9,0,0,0
0.44441172,0.24540938743784652,1.904875005155258,0.7,1,0,1
0.45800287,0.39255635231150576,2.0199730940219753,0.9,1,1,0
0.48501718,0.4112017887955881,3.246603945047596,0.8,0,1,-1
0.48619133,0.4181780116423948,3.349004741897782,0.8,1,0,1
0.4814362,0.43291869783494336,3.2325523161034067,0.9,1,0,1
0.5394603,0.3403424164773701,2.927607301917491,0.9,0,1,-1
0.45817417,0.34455210411230347,3.3551140003645257,0.6,0,0,0
0.45213506,0.34786667229787877,3.016150648454355,0.8,2,0,2
0.5970119,0.2754168547822619,3.0575063969967093,0.8,1,0,1
0.48855603,0.25028259969252514,2.97765944295582,0.9,0,0,0
0.45720273,0.4359388680091222,3.2248881168407886,0.7,1,0,1
0.53507984,0.4162131488605376,3.5395504105654823,0.9,1,3,-2
0.4524976,0.42828728305334124,2.759950255668949,0.7,2,1,1
0.4678175,0.3156106541573389,2.173878776921439,0.9,1,0,1
0.3958409,0.4491461878036097,2.0458416408851736,0.6,0,2,-2
0.40041882,0.46698780003606677,2.1047412314783913,0.9,1,1,0
0.41229817,0.3620119715408409,2.053508854797678,0.8,0,0,0
0.4073521,0.423580699331258,2.9863500302553123,0.8,0,0,0
0.4781271,0.342381799915391,3.0492209310695215,0.9,1,0,1
0.4369989,0.34467662857976944,3.0095419864445954,0.9,0,0,0
0.49089375,0.3815711429030807,3.117935700126137,0.9,1,1,0
0.50600225,0.42996468585264297,3.1153550237715217,0.8,3,0,3
0.55794615,0.20060621030737416,1.9459874988768266,0.9,0,0,0
0.42129853,0.3989010286059302,2.590707114485614,0.9,1,1,0
0.47699633,0.4731337982811918,3.1459667084932708,0.9,0,1,-1
0.36199647,0.2739213187127455,1.9239771759778455,0.9,1,0,1
0.36180356,0.4386503720524178,1.75748398981288,0.8,0,0,0
0.4407365,0.42355173368757715,2.7688538376159997,1.0,1,0,1
0.43185166,0.365659234602611,2.9989666244322666,0.9,0,1,-1
0.30822438,0.379087100212042,2.8876718403890336,0.9,0,1,-1
0.52674043,0.39386463468266275,2.8851204539117536,0.8,0,2,-2
0.25813815,0.36835853623684367,2.8798554875455857,0.9,0,1,-1
0.48573416,0.4030231986535474,3.2602773025861254,0.8,0,0,0
0.38020396,0.5007155666099568,3.1454618442383215,0.9,0,2,-2
0.38102436,0.42363180211728935,3.623516641218015,0.4,0,1,-1
0.51933354,0.2537957278525151,3.0247519850262554,0.8,0,0,0
0.49938717,0.28523254407759213,3.129283016944966,0.8,1,0,1
0.47444904,0.32281849067806123,3.0765763530444734,0.8,1,0,1
0.39068723,0.44243898548652016,3.182276461988256,0.8,1,0,1
0.40721393,0.33846180568814527,3.0289919624519914,0.8,0,1,-1
0.44749013,0.435431643352658,2.9986681079564357,0.9,0,1,-1
0.46623775,0.2622887005222723,2.872253928364927,0.9,0,0,0
0.3975284,0.24462288616475542,2.9725513464956443,0.9,1,0,1
0.36556882,0.26623328773391775,3.0212406251802895,0.9,1,0,1
0.49952838,0.3357053753267375,3.113248785942744,0.8,0,1,-1
0.43101555,0.4654007961723361,2.9793394888389986,0.9,2,0,2
0.50558954,0.3443173794019293,3.12187240011629,0.9,0,0,0
0.41942605,0.49337519339632036,3.1247103894893895,0.7,3,0,3
0.5337105,0.42338625396402013,3.1132487859427433,0.8,0,1,-1
0.523552,0.2825097879611629,3.3026864655210093,0.7,1,1,0
0.39484054,0.46987088242178093,3.22207461823173,0.6,2,2,0
0.47576427,0.35260716691305394,3.1566175326696166,0.9,3,0,3
0.36476275,0.48692530360267,2.9681666405523326,0.9,1,1,0
0.48361242,0.366192719360852,2.9728488200423997,0.9,2,1,1
0.53628373,0.38455845169960995,3.4995087995371565,0.8,3,2,1
0.40430558,0.4834192051926987,3.3613233990172535,0.6,3,1,2
0.49141324,0.3692262214468811,3.324797521857467,0.7,1,3,-2
0.4494404,0.40444792098485277,2.87240770268042,0.95,1,0,1
0.37581334,0.3905065880067533,3.0443941193584534,0.8,1,0,1
0.28020898,0.5165200826770483,-0.0,0.0,0,1,-1
0.46533805,0.4853889500294192,3.273614793532718,0.9,0,1,-1
0.4397687,0.40201371113053547,3.4219280948873623,0.4,0,2,-2
0.40031976,0.2923298965226041,0.9402859586706311,0.9,0,0,0
0.49159005,0.3989953617567525,2.131904586941773,0.8,0,0,0
0.52276677,0.29327432557702116,2.499722348114905,0.8,1,0,1
0.42077377,0.3791597968613766,2.292575939041037,0.9,1,0,1
0.4267014,0.3172342622320648,0.9402859586706311,0.9,0,1,-1
0.4855918,0.3608195492363322,3.12187240011629,0.9,1,2,-1
0.3818177,0.47030707446617676,3.376187823603215,0.7,1,0,1
0.49116543,0.3804288118799986,3.2761463101077184,0.8,1,0,1
0.4691078,0.38120755687879526,3.2384951109519804,0.8,1,1,0
0.39867386,0.4150855418904696,3.0082222749239294,0.7,1,0,1
0.4652709,0.34450914511660985,2.776778210932318,0.9,0,0,0
0.45089352,0.44209123097916114,2.8798554875455857,0.9,2,0,2
0.3100042,0.37470678983994743,3.1301249653149705,0.7,1,1,0
0.44474536,0.2931397339059358,2.8798554875455857,0.9,0,0,0
0.4484762,0.40373807143816476,2.986350030255313,0.8,0,2,-2
0.19661994,0.48178699373738637,0.9709505944546686,0.3,0,0,0
0.46703437,0.4412983354153979,2.7483341156163767,0.7,1,3,-2
0.4154088,0.3056254291290553,1.5090275125326513,0.9,0,2,-2
0.41564196,0.4569933784418608,1.4353713907745331,0.6,0,2,-2
0.41150165,0.28445307660701813,0.9612366047228759,0.8,1,0,1
0.46948528,0.47332545886272775,3.011545373535685,0.9,2,3,-1
0.38154912,0.29736504309488165,1.873562518512994,0.9,0,0,0
0.45548457,0.3547893771381871,2.5917374334224665,0.7,0,0,0
0.29840678,0.4716414233646906,0.8112781244591329,0.3,1,0,1
0.49318808,0.254334487991339,2.602910079649727,0.8,3,0,3
0.37133607,0.43120626396185335,2.419973094021975,0.9,1,1,0
0.5201842,0.39352299169547694,2.878068268345523,0.8,0,2,-2
0.33059335,0.344665760669516,1.6729330318733675,0.7,2,0,2
0.502512,0.15595932923398442,2.010360419811954,0.9,0,0,0
0.47430858,0.36846414687794254,2.523822909896159,0.9,0,1,-1
0.5353683,0.4401250433557841,3.457419798278978,0.9,2,3,-1
0.4639307,0.3113259847009302,3.0310053222938813,0.8,1,0,1
0.5131258,0.31828773777715325,3.2206966797842567,0.9,1,1,0
0.47149968,0.2844578536300248,2.9674384307249486,0.8,0,0,0
0.4093779,0.3338315236462523,3.1627651517230837,0.8,2,0,2
0.5270951,0.36119355858309016,2.990884113279133,0.9,1,0,1
0.39590675,0.39263880190589345,1.5,0.2,1,0,1
0.42326367,0.4044185830919118,2.526280481683624,0.9,2,2,0
0.45399788,0.4062839189084815,1.930080144111599,0.9,0,0,0
0.47603443,0.31741151469870577,2.9110804962442782,0.8,0,0,0
0.43128654,0.3076418901027217,3.0969868937713776,0.8,0,2,-2
0.41155875,0.32102987395363947,2.9371242242355904,0.9,0,2,-2
0.45983577,0.38575207092896757,3.0434943204749443,0.8,2,1,1
0.5187393,0.3814441071988159,3.3475554334133824,0.8,0,0,0
0.33483422,0.3837395171118454,3.194237431266855,0.7,0,1,-1
0.5198772,0.4440843037480283,3.3253316218038225,0.9,1,4,-3
0.45966098,0.3232037323893507,3.1604743328600247,0.9,2,1,1
0.4698148,0.3335965853802203,3.241777475472125,0.9,0,0,0
0.35802853,0.3599571332381592,2.927607301917491,0.9,0,1,-1
0.29047003,0.3571580635938805,3.1339198250586535,0.7,0,0,0
0.4480588,0.44763557959718875,3.066532536373009,0.9,2,1,1
0.40345815,0.3202200090914314,2.8512809122619043,0.9,1,0,1
0.48990285,0.45760730236347136,3.57607926218869,0.8,3,2,1
0.4554896,0.3243986007232117,3.158771962352736,0.9,2,0,2
0.5621559,0.303429235684914,3.158771962352736,0.9,1,1,0
0.55181825,0.3685957758800913,2.970650598647407,0.9,1,1,0
0.43710554,0.3683751765676698,3.060960189603338,0.8,0,1,-1
0.46454346,0.41863146906758514,3.0058269522460908,0.9,1,1,0
0.1609854,0.4992045769309482,3.0931829194123233,0.7,1,0,1
0.47405308,0.3900614604448582,3.1541297414562584,0.9,0,0,0
0.57561827,0.22748244634797282,3.0339433670493876,0.7,2,0,2
0.33944073,0.46000375710875485,3.0443941193584534,0.8,1,0,1
0.43359756,0.29826605933609635,3.1302470340743302,0.9,1,0,1
0.53907984,0.43445311025189487,3.363717554447932,0.9,2,1,1
0.37431252,0.46417075778152334,3.0621735653919635,0.9,0,3,-3
0.41495487,0.484643776843559,3.2183646150712035,0.9,0,1,-1
0.391939,0.3708458568215537,1.9219280948873623,1.0,0,1,-1
0.3842171,0.346668147115674,2.0199730940219753,0.9,0,0,0
0.4762873,0.3407067417911095,2.2952174219545816,0.9,2,1,1
0.33935252,0.4397206246893494,1.329434002924965,1.0,1,1,0
0.47153747,0.2881702297561752,2.776778210932318,0.9,0,0,0
0.5124478,0.36808348169530414,3.2479275134435848,0.8,1,1,0
0.4173111,0.372179979452433,2.879147464882276,0.9,1,0,1
0.45222402,0.438106807315872,3.303465189601647,0.6,2,1,1
0.38247117,0.45165638123368546,3.01867904060296,0.9,2,0,2
0.4844073,0.3498580829818509,3.142645926098032,0.8,2,0,2
0.35538363,0.3175406663633944,2.8798554875455857,0.9,0,1,-1
0.3891689,0.2830673239447798,3.1135388697992608,0.8,0,1,-1
0.551602,0.3199466688734273,2.822683189255492,0.9,2,1,1
0.46179962,0.39308952135730946,3.295861150642942,0.6,1,0,1
0.33622333,0.4569259014915965,3.10441119255554,0.9,1,0,1
0.45933044,0.41624914569182087,3.2424515878790308,0.9,1,1,0
0.43908936,0.4304939039551656,3.3670836620365017,0.7,1,2,-1
0.45288005,0.4246438791138419,3.101515280317513,0.8,1,1,0
0.38163853,0.33882942477876504,3.616601684782744,0.4,1,1,0
0.49473107,0.39177238938494297,3.099666096384159,0.9,1,0,1
0.4416842,0.3824995730549175,3.324121457226892,0.6,0,0,0
0.41570994,0.31915939023631856,3.028991962451992,0.8,0,0,0
0.33845863,0.33545013417775815,3.394041600990037,0.7,1,0,1
0.46658218,0.38427496463212374,3.2887549139935035,0.8,1,0,1
0.43873224,0.4848879761350164,3.5064859888334436,0.8,2,1,1
0.46293274,0.3651331147355655,3.0422888140458797,0.9,0,1,-1
0.3898946,0.3707261556057337,3.0887793473613607,0.8,0,0,0
0.38589323,0.4026333124753512,3.4539801312661376,0.6,2,1,1
0.4433521,0.4299839492801847,3.286629486786196,0.9,2,1,1
0.47491527,0.43820989608801647,2.8798554875455857,0.9,0,0,0
0.54380083,0.39377434611068857,2.823490576469806,0.9,0,1,-1
0.449711,0.40956223512013823,2.823490576469806,0.9,0,0,0
0.3583171,0.37628054805292765,2.979339488838998,0.9,1,1,0
0.48122323,0.4728225386096934,2.8798554875455857,0.9,1,0,1
0.47317746,0.3024740007425912,2.9738513896100454,0.9,1,1,0
0.4245121,0.396621409784773,3.1136495655936938,0.8,0,1,-1
0.4762069,0.3867073370154027,3.0717350271381694,0.9,2,2,0
0.38264278,0.321204082068518,2.927607301917491,0.9,0,0,0
0.462304,0.47994323818658263,3.103909910282364,0.8,0,0,0
0.5191725,0.43775211156075505,2.8955933144511468,0.9,1,1,0
0.5201194,0.4086273364211253,3.355640983527282,0.8,0,2,-2
0.31282175,0.363496882600981,3.028991962451992,0.8,2,0,2
0.45997003,0.4217911831201751,3.1618827187141427,0.8,0,0,0
0.41201583,0.2805149062279094,3.2815874998801746,0.9,0,0,0
0.43030068,0.4630685901356065,1.9841165493994959,0.9,3,0,3
0.45722058,0.3496302899872761,2.1867624412958797,0.9,0,0,0
0.4639622,0.36655432029950297,0.9402859586706311,0.9,1,0,1
0.3544719,0.44472251279982056,0.9182958340544896,0.8,0,2,-2
0.4022729,0.31555493903890974,0.9402859586706311,0.9,0,0,0
0.4324966,0.37779622113522704,3.2048354164960333,0.7,1,0,1
0.3574181,0.40878994042515193,3.0266007428750976,0.9,1,1,0
0.3605481,0.43959279872244034,3.6038561897747243,0.4,1,0,1
0.4598033,0.3917914473092761,3.116481220506265,0.9,2,1,1
0.45705467,0.38270958678499317,2.822683189255492,0.9,0,1,-1
0.3753024,0.5318538386953956,3.6691495884742644,0.7,1,1,0
0.40455204,0.4523596639796859,3.5930692077718898,0.8,1,1,0
0.42658725,0.4983936706840274,3.3584585933443503,0.9,2,1,1
0.19138491,0.4878577558096657,3.5026831892554924,0.9,0,0,0
0.46944726,0.3825473443713983,3.5026831892554924,0.9,1,1,0
0.4547842,0.46065981513670035,2.821558297488598,0.9,0,0,0
0.43110725,0.4841849175396314,3.09117192688693,0.9,1,0,1
0.37106204,0.3853037099569819,3.0212406251802895,0.9,1,0,1
0.3676217,0.4053832580978271,2.986350030255313,0.8,0,0,0
0.43648514,0.41018349086510386,2.9414873698385327,0.9,0,0,0
0.45565057,0.3977963295936196,2.998966624432267,0.9,0,1,-1
0.49324834,0.3273071600936482,3.2319415542927743,0.8,0,1,-1
0.48814446,0.4516253248607913,2.8215582974885987,0.9,0,1,-1
0.53204024,0.48404883028244305,3.02544195406668,0.9,0,1,-1
0.46481648,0.4227104576418976,3.2648530979805175,0.7,0,2,-2
0.3731713,0.38573327541539193,2.9738513896100454,0.9,1,1,0
0.4218739,0.3746366704907943,3.290018320587391,0.9,0,1,-1
0.5286061,0.4339537280551436,3.3276456899766487,0.9,0,1,-1
0.36764944,0.4636689029790782,2.9861590888272938,0.9,0,0,0
0.44569215,0.3872351672955853,3.1377618519913746,0.9,0,1,-1
0.47078952,0.38775047734152984,2.9199770749417033,0.95,1,1,0
0.42701992,0.43951533683994626,2.8690954395801547,0.9,0,0,0
0.38386506,0.32538715325725337,3.01867904060296,0.9,0,2,-2
0.47059318,0.29875066004742074,2.822683189255492,0.9,1,0,1
0.5752404,0.3154855821762479,3.186392934223819,0.8,1,1,0
0.37370813,0.4218498170051313,2.8791474648822764,0.9,1,0,1
0.45555827,0.34782664674010133,2.776778210932318,0.9,0,0,0
0.48971152,0.3939558978625859,2.9793394888389986,0.9,3,1,2
0.28622046,0.3500262889538414,3.0,0.8,2,1,1
0.43341866,0.368259072056211,2.8311845963584887,0.8,0,0,0
0.46657592,0.2594409992023191,3.0621735653919635,0.9,1,0,1
0.53664637,0.3201864286631873,2.969393857166959,0.8,1,0,1
0.45106924,0.3617344145245267,3.2575004135020675,0.6,0,1,-1
0.48791668,0.41476692238570984,3.10441119255554,0.9,0,1,-1
0.45549828,0.44833031467969786,3.087462841250339,0.8,0,1,-1
0.47081012,0.3705528792988197,3.1804513908921,0.8,2,0,2
0.48511878,0.38858864339572574,3.069048439318099,0.9,1,0,1
0.39053032,0.45101320832344777,3.2960143427044883,0.7,1,0,1
0.4570627,0.25706345285873755,3.149085659635901,0.9,1,0,1
0.2886051,0.34271738270475993,3.414717001462482,0.5,0,0,0
0.28020123,0.41056036954466923,3.2280729963885095,0.8,3,0,3
0.5369683,0.4105374214043577,2.8272085933443494,0.9,1,0,1
0.48696992,0.2750300201369547,3.3130649765079134,0.7,1,1,0
0.25691646,0.46794117043737676,3.12187240011629,0.9,1,0,1
0.52488565,0.4445839189556726,3.2701305898261244,0.5,1,1,0
0.44707194,0.3321243095543876,2.916499308617005,0.8,0,1,-1
0.487254,0.4897647976758568,3.0041163237185184,0.9,0,1,-1
0.41380012,0.3199206787387637,3.0861082415696144,0.8,0,0,0
0.4527791,0.32149718652728626,3.2176055194947772,0.6,1,0,1
0.47229552,0.39373547032723943,3.1404361462467723,0.8,2,0,2
0.49870482,0.406555192651997,3.1443565405607563,0.9,1,1,0
0.44465777,0.30241218089423366,2.8515895533744873,0.9,1,0,1
0.35905877,0.4748699724662554,3.0077174691301485,0.9,0,1,-1
0.3899509,0.4893595136697229,2.892509260861829,0.9,1,0,1
0.40302193,0.396963180288548,3.132625151214078,0.7,1,1,0
0.46588695,0.3822566592123624,3.2536438905134655,0.8,2,1,1
0.4663163,0.4233269984708368,2.8272085933443494,0.9,1,0,1
0.4920939,0.31875122546841994,2.944452798531527,0.8,0,0,0
0.35912845,0.4990390899353653,3.8279097821439696,0.2,1,0,1
0.40936303,0.34180276124905223,3.8279097821439696,0.2,2,0,2
0.51741153,0.31190593074129574,2.9063030886633503,0.9,1,1,0
0.4636432,0.4284582083268394,3.3740093428006417,0.7,1,1,0
0.4220029,0.37352080964671386,2.9851265243847354,0.8,0,3,-3
0.47306827,0.41376536321463503,3.0683275401971946,0.9,2,0,2
0.39663863,0.36454878243593936,3.029551963400665,0.9,0,0,0
0.48073807,0.39134671669432125,2.887671840389033,0.9,0,1,-1
0.39074042,0.30763090877161425,2.9081733366826743,0.9,1,0,1
0.45441696,0.2718178991449808,2.908173336682674,0.9,1,0,1
0.4444911,0.23454412496529806,2.979339488838998,0.9,0,2,-2
0.43677533,0.43308536190371427,2.979339488838998,0.9,3,0,3
0.5169263,0.36425415942110034,2.0506761416187427,0.9,2,0,2
0.46222833,0.3645283770674682,1.1981174211304033,0.9,0,0,0
0.3288742,0.3569911953714133,1.5219280948873621,0.8,1,0,1
0.45857856,0.46280232275178246,1.4197367178034825,0.9,1,0,1
0.46617356,0.17021651327097184,1.765957320949175,0.8,0,0,0
0.4703801,0.3815354374936355,2.9464632083247153,0.9,1,1,0
0.5179998,0.2278740225513719,3.147228167451278,0.7,3,0,3
0.47819436,0.3528855349206496,3.301390010737626,0.9,2,2,0
0.49207446,0.18116691228155127,2.8385157096775075,0.9,0,0,0
0.51814437,0.37709710374694155,3.640361163698485,0.9,0,0,0
0.42713603,0.38139295724805666,3.0,0.8,0,2,-2
0.46210903,0.43164430953128263,2.985126524384736,0.8,2,0,2
0.2914018,0.4728670282971729,2.8798554875455857,0.9,0,1,-1
0.43661252,0.41555797807203276,2.941487369838532,0.9,1,0,1
0.46285585,0.3365488800698204,2.8851204539117536,0.8,1,1,0
0.43264228,0.389213949786448,3.10459260679402,0.9,0,2,-2
0.4678534,0.3840840336313022,3.1262054846267024,0.9,1,1,0
0.44387108,0.35833602095055284,3.2706043996594274,0.9,0,1,-1
0.41275588,0.4324688751147365,2.9876013115120568,0.8,1,0,1
0.44130832,0.3038834497499485,2.8851204539117536,0.8,0,0,0
0.43699902,0.3838777738110229,2.908173336682674,0.9,0,1,-1
0.3188444,0.34700323766809515,2.9081733366826743,0.9,0,0,0
0.54195714,0.24951713470988046,2.9793394888389986,0.9,0,1,-1
0.44837534,0.36980193360279623,3.0869258344809207,0.9,1,1,0
0.21824753,0.46426563394083314,-0.0,0.0,1,0,1
0.4461605,0.3910145451281743,3.1788640881880976,0.8,1,2,-1
0.36737278,0.45503836987647783,2.15927680422728,0.9,2,0,2
0.48039737,0.3129235483278639,2.9228735295095047,0.9,1,0,1
0.5118694,0.23312048305099967,2.859880977513952,0.6,2,0,2
0.48093125,0.30900655563333573,2.1821501304958755,0.7,1,0,1
0.40468407,0.3699691044869525,3.107364383408406,0.8,0,1,-1
0.4039093,0.37061706192874977,2.908173336682674,0.9,0,1,-1
0.49975747,0.2842081150377447,2.8690954395801547,0.9,0,0,0
0.5188955,0.42126440952522687,3.2356148558449767,0.7,1,1,0
0.4273842,0.44170823789348784,3.0,0.9,1,1,0
0.47602236,0.3865207587813427,2.944452798531527,0.8,0,2,-2
0.53342676,0.4008795195569402,3.1229643216725633,0.9,3,0,3
0.47525334,0.4863600063101032,3.439906253178593,0.7,3,1,2
0.44706112,0.3988988771013029,3.3660960811106615,0.8,1,1,0
0.47538334,0.45002561731104773,3.2036241153337244,0.9,2,1,1
0.46219462,0.3085692671317061,3.129283016944966,0.8,1,0,1
0.34342995,0.4621971745842002,3.0,0.8,1,0,1
0.50923884,0.4030576364909789,3.0621735653919635,0.9,1,0,1
0.5451515,0.3038889878238081,2.931849704144249,0.9,1,0,1
0.45956942,0.27179491601154215,2.937438010314799,0.8,1,2,-1
0.4668499,0.3356849218101908,3.01867904060296,0.9,0,0,0
0.53059936,0.34680924601723706,2.9276073019174915,0.9,0,1,-1
0.20820576,0.4816103050105777,-0.0,0.0,0,1,-1
0.49730387,0.34230948133871497,2.8766291673878235,0.8,0,0,0
0.41842678,0.3621875569453895,2.8798554875455857,0.9,0,1,-1
0.49416927,0.3466281460061984,2.823490576469806,0.9,1,0,1
0.42816028,0.34212841751988693,3.109476857421479,0.8,1,0,1
0.4682312,0.4789335374460025,2.762841868471255,1.0,1,0,1
0.38850173,0.3876876848975292,2.921981709849717,0.9,0,0,0
0.5807993,0.20920270092945167,2.8512809122619043,0.9,1,0,1
0.39772603,0.3296130420924839,3.0329440206159575,0.9,1,0,1
0.5080308,0.4308018685730833,3.2533438411229247,0.9,0,0,0
0.45568633,0.4517458056538642,3.2038561897747244,0.8,0,1,-1
0.4201974,0.38585455626860693,3.4955749604956083,0.4,1,2,-1
0.38903305,0.46793583426300733,3.0299535906627213,0.8,0,2,-2
0.43882182,0.2757576357773471,3.021240625180289,0.9,0,1,-1
0.38825235,0.4259401352930685,3.0782433566073997,0.7,0,2,-2
0.40230823,0.44251908046435035,2.8311845963584887,0.8,0,0,0
0.47946575,0.4163611316287968,2.8678930955604414,0.9,0,0,0
0.37899062,0.4460484503600952,3.028991962451992,0.8,2,0,2
0.42252094,0.42302125589795336,1.5774287729134877,0.9,0,0,0
0.3911873,0.3854894184891955,-0.0,0.9,0,0,0
0.5100658,0.382236781206668,0.9886994082884976,0.9,0,1,-1
0.49817494,0.32805293692038834,0.9886994082884976,0.9,0,0,0
0.47352627,0.3229806416100387,0.9402859586706311,0.9,0,0,0
0.42823052,0.42274769735996903,1.932722924950035,0.8,1,0,1
0.4726274,0.39150130655548443,2.5915906797350274,0.9,1,0,1
0.37127873,0.380430470409447,2.4220460141423743,0.9,0,0,0
0.4543924,0.4303665056067839,1.7622673906514938,0.8,1,1,0
0.5151624,0.2327778444221848,2.457014811252441,0.7,2,1,1
0.4916103,0.3824693016883513,2.937414866217394,0.9,0,1,-1
0.4784363,0.44723014475613204,2.8876718403890336,0.9,0,0,0
0.5168427,0.27705899800272377,2.8798554875455857,0.9,0,0,0
0.402282,0.4830191936702242,2.8851204539117536,0.8,2,1,1
0.40430725,0.3577951277819276,2.986350030255313,0.8,1,0,1
0.446028,0.3126545057495213,2.8851204539117536,0.8,0,0,0
0.40986004,0.3545489412198423,3.044394119358454,0.8,1,0,1
0.4715718,0.4846295823896914,3.1134706943885875,0.9,3,1,2
0.38799912,0.5026263730061011,3.0485634360323997,0.9,0,0,0
0.52108765,0.4057201159378283,3.172233675219988,0.8,1,0,1
0.57440317,0.37898461552115087,2.8515895533744877,0.9,0,1,-1
0.5174189,0.37749070355099773,2.776778210932318,0.9,1,0,1
0.47580817,0.3693183345130671,3.2307743634037305,0.8,0,0,0
0.43963388,0.2801633729097714,3.157405811425518,0.7,0,0,0
0.5290651,0.3669006484450481,2.8798554875455857,0.9,0,1,-1
0.5188136,0.37492842622590766,2.9738513896100454,0.9,2,0,2
0.48575088,0.33883729833866383,2.9276073019174915,0.9,1,0,1
0.50783205,0.5149927658627592,3.664497779200461,0.4,2,0,2
0.51245993,0.42751674683564517,3.001599731258383,0.9,1,0,1
0.4534452,0.36176659373030706,3.0077174691301485,0.9,2,0,2
0.42472225,0.3853587777128473,3.1527217381013255,0.9,1,0,1
0.46927842,0.31048772277527326,3.112771984641639,0.9,1,0,1
0.35844165,0.2874479666949933,3.112771984641639,0.9,0,1,-1
0.38433594,0.3775639304730739,3.310632778821936,0.8,1,1,0
0.5102974,0.3673294200612502,3.137073010426271,0.8,1,0,1
0.46154988,0.3358869588085453,2.973851389610045,0.9,1,0,1
0.4701301,0.3797776444042619,2.9674384307249486,0.8,1,0,1
0.3960043,0.43677032638437696,3.0443941193584525,0.8,0,1,-1
0.34886074,0.4678215433433959,3.305582718967094,0.6,1,0,1
0.31079963,0.4273459582011099,2.99829757027802,0.9,0,0,0
0.5673791,0.1367087095356552,3.0550771152950107,0.9,0,0,0
0.46329826,0.44308585177334314,3.0621735653919635,0.9,1,0,1
0.44905072,0.29688960421777527,3.1227990675985313,0.8,2,0,2
0.5149686,0.4676735068493818,3.465291080143731,0.9,2,1,1
0.5611107,0.4300750450343271,3.2562453844909798,0.9,2,1,1
0.32272997,0.34343711155358464,1.7169171866886992,0.9,0,0,0
0.45730582,0.4474829811517015,0.9967916319816367,0.8,1,0,1
0.5204804,0.2737059313388648,1.495538029919111,0.9,1,0,1
0.3316123,0.42383975771306526,1.456564762130954,0.8,0,0,0
0.46998626,0.352826665181911,-0.0,0.8,1,0,1
0.40712062,0.4599730816167661,2.6862781244591325,0.9,1,0,1
0.50627685,0.356900029215899,1.8149798205164813,0.9,0,0,0
0.44625178,0.3612029133744952,2.562292189082415,0.9,0,0,0
0.42867962,0.374819426116783,1.5766212201074912,0.5,0,1,-1
0.37180972,0.3381054144632824,1.4836591643979626,0.8,0,0,0
0.4528467,0.3371218246452421,2.8955933144511468,0.9,0,0,0
0.3422724,0.34874360197670207,2.9830749314332756,0.8,1,0,1
0.43450877,0.4980984023769355,2.978305516512273,0.9,3,1,2
0.46632916,0.4470460326624528,3.2288855850902887,0.9,2,2,0
0.5031427,0.41314625302633706,2.9333760404085045,0.9,0,1,-1
0.4173135,0.3768401442469331,2.822683189255492,0.9,0,0,0
0.36564624,0.31848438069063434,3.0,0.8,2,1,1
0.4270522,0.43699458060762486,2.823490576469806,0.9,1,0,1
0.47858065,0.36789943036652334,2.8798554875455857,0.9,1,0,1
0.49907044,0.3635789073556076,2.728948870365158,0.9,0,0,0
0.55962515,0.2085292557665374,3.20945336562895,0.8,1,0,1
0.51518464,0.36437678558460024,2.9984769418558765,0.9,1,1,0
0.36589086,0.40081104805007256,2.9861590888272938,0.9,2,1,1
0.44234908,0.3759693162241822,3.169925001442312,0.8,1,0,1
0.4496724,0.3209229859061333,3.129283016944966,0.8,1,1,0
0.4664816,0.35637148463254437,3.685567202024124,0.4,1,1,0
0.33056656,0.38708741267620167,3.0887793473613607,0.8,0,0,0
0.5222195,0.4569967797200253,2.9414873698385327,0.9,0,2,-2
0.4298197,0.27556749250347956,3.0395247346217853,0.9,0,0,0
0.48922643,0.4138694466543954,2.972096688995876,0.9,0,0,0
0.48613563,0.3279467962470393,3.1088718484453604,0.7,0,1,-1
0.45419553,0.3108652780360858,3.1107645965910247,0.8,0,0,0
0.42869586,0.3810089369949401,3.0681886976920674,0.9,0,1,-1
0.29668608,0.5259774019078249,3.0668829917422458,0.7,1,0,1
0.45003852,0.32140697990267253,3.0595608142862893,0.8,1,0,1
0.44915977,0.41480306956650365,2.9219817098497165,0.9,0,0,0
0.47306377,0.407113111932013,2.9793394888389986,0.9,1,0,1
0.42441383,0.45584641568392054,2.823490576469806,0.9,0,2,-2
0.4914976,0.43001757517088146,3.2427459161170304,0.8,1,1,0
0.34340045,0.4365018314446094,3.120183935661208,0.7,2,2,0
0.47048593,0.46072465391710965,3.0723279884492234,0.8,1,0,1
0.39493996,0.42674919841876846,2.823490576469806,0.9,1,0,1
0.42788216,0.3112358433199994,3.1136495655936938,0.8,2,1,1
0.3549948,0.3498449372901834,2.947056898478542,0.7,0,0,0
0.35866272,0.29613573855888864,3.180451390892101,0.8,1,1,0
0.51496667,0.3475079410528643,2.930997610485256,0.9,0,0,0
0.43891403,0.3445494455732618,3.0887793473613607,0.8,0,3,-3
0.3840438,0.45584629017877143,3.1135388697992608,0.8,2,1,1
0.23609248,0.37968345596653197,3.2709424217485377,0.6,0,3,-3
0.5028202,0.38914995696891574,3.0816395759291515,0.8,0,1,-1
0.46194,0.34391127335410215,2.907141846237823,0.9,0,1,-1
0.47750148,0.3604887260024074,3.0656370380002844,0.9,1,1,0
0.3225375,0.4375818261012612,2.927607301917491,0.9,0,0,0
0.35556027,0.36208789347781806,3.024090852510247,0.8,1,1,0
0.49375325,0.4242568319000373,2.9967879635555583,0.9,1,0,1
0.51620066,0.36052758017948533,2.823490576469806,0.9,0,0,0
0.5345629,0.41031567846532224,2.8001926034202227,0.9,0,0,0
0.35358712,0.20051146362404584,3.182490186751775,0.7,1,0,1
0.50202155,0.3352981063323002,3.0239217461818537,0.8,1,0,1
0.4364852,0.3689743804577019,3.1533750892400287,0.9,1,0,1
0.39365587,0.45383720542073697,3.1044111925555398,0.9,0,1,-1
0.47977147,0.37530478958854235,3.0575063969967093,0.8,1,0,1
0.2766167,0.43534678610145977,3.028991962451992,0.8,0,2,-2
0.5754473,0.3400441961357408,3.1542221846835226,0.8,1,1,0
0.3626571,0.27278441110830615,3.0510050526598267,0.9,1,0,1
0.45346168,0.28790461970428505,2.8851204539117536,0.8,0,1,-1
0.3517211,0.38190089000888733,2.823490576469806,0.9,1,0,1
0.48617226,0.2858400559760373,2.941487369838532,0.9,0,1,-1
0.4418455,0.32926730954483313,2.9414873698385327,0.9,0,0,0
0.45027253,0.3636808280737014,2.9414873698385327,0.9,0,0,0
0.3962092,0.43077033596602576,2.9986681079564357,0.9,1,0,1
0.5028276,0.4506164011506361,3.0956481455524907,0.8,0,2,-2
0.39551285,0.34759910041283953,-0.0,0.5,1,0,1
0.4036909,0.33083450821464266,3.079710276317338,0.9,0,0,0
0.42813075,0.36453559895446264,3.3263604079526936,0.6,1,2,-1
0.3647574,0.45913986867238216,3.560025957197403,0.5,0,1,-1
0.5083196,0.4495067762043799,3.113649565593694,0.8,1,0,1
0.45774037,0.42575993051015054,3.5506551812150384,0.4,2,0,2
0.5418703,0.35428118683782905,3.0639128620735967,0.9,0,0,0
0.433755,0.41442980346512204,3.665874989834291,0.5,0,2,-2
0.43699357,0.4221987714066591,1.760835283310187,0.8,0,2,-2
0.32400107,0.3749347841241912,-0.0,0.8,1,0,1
0.40216434,0.24652392047466987,1.8512268158971916,0.7,0,0,0
0.43029106,0.3569697950729866,2.4155815962845733,0.8,1,0,1
0.5065536,0.2679771841797985,1.3663146570363986,0.9,1,0,1
0.4134848,0.3958977266992979,3.1410091508178666,0.8,1,2,-1
0.52851546,0.4286064958993952,2.9793394888389986,0.9,1,2,-1
0.47384232,0.2940356045953532,3.048240715894243,0.8,0,0,0
0.58543897,0.4040505636178706,3.2739330126120216,0.9,0,1,-1
0.55668306,0.3616159130026615,3.3411688749540662,0.6,1,1,0
0.43148804,0.36248457549913643,3.0295519634006656,0.9,1,1,0
0.43923655,0.35228411050623654,2.8690954395801547,0.9,0,0,0
0.41379625,0.47304759693600573,3.3865451235745474,0.7,1,2,-1
0.56293815,0.3438473324392206,3.10441119255554,0.9,1,0,1
0.4482348,0.33240977442809877,2.9736746195753727,0.8,1,1,0
0.49128765,0.3585126238264469,2.728948870365158,0.9,0,1,-1
0.30352366,0.4683110776353426,2.927607301917491,0.9,1,0,1
0.55579746,0.43007456629993396,3.044394119358454,0.8,0,1,-1
0.5632201,0.45715877361197815,2.906499712580601,0.9,1,1,0
0.3819493,0.41247605517844904,2.8798554875455857,0.9,0,0,0
0.41191426,0.3923645132712159,2.8798554875455857,0.9,0,0,0
0.4546431,0.3744526954877687,2.823490576469806,0.9,2,0,2
0.36538774,0.3445715092927577,2.8955933144511468,0.9,1,0,1
0.48171422,0.2871775649341048,2.9414873698385327,0.9,0,0,0
0.49610555,0.47375744931197766,3.381034866861295,0.8,0,0,0
0.37733266,0.3076511986645099,2.9830749314332756,0.8,0,0,0
0.42620778,0.448624061786695,3.0212406251802895,0.9,0,2,-2
0.42210057,0.4773442530523589,3.2881092333117086,0.7,2,0,2
0.48576298,0.404533165123998,3.0570081411122447,0.9,1,0,1
0.49316567,0.4319092667916138,2.8272085933443494,0.9,0,0,0
0.54061514,0.4662322710699114,3.329115106190033,0.8,1,2,-1
0.5310909,0.37944606150518917,2.9613201402110083,0.8,0,0,0
0.45047265,0.31976635811626536,2.899768687205888,0.8,2,2,0
0.47731736,0.43523678958567613,3.1781812689765947,0.8,2,1,1
0.48854333,0.46415041709327326,3.4875629610861885,0.6,2,2,0
0.40941983,0.39751601340168474,2.903133254723745,0.9,0,0,0
0.39943162,0.3543877577110684,2.916499308617005,0.8,0,1,-1
0.28940573,0.3442184405468825,3.139174227036076,0.7,0,2,-2
0.4729035,0.404189536852887,2.851589553374487,0.9,1,1,0
0.39337757,0.41587180437527893,2.776778210932318,0.9,0,0,0
0.55187756,0.41927443977623285,3.5687066110960775,0.8,0,1,-1
0.39646766,0.3964059511734467,2.594231322998449,0.9,0,1,-1
0.52037084,0.42986113698741907,2.901207261194551,0.9,1,2,-1
0.5449413,0.3631830622191532,3.012188403968661,0.8,0,0,0
0.51443744,0.11673716733482985,2.016875695766564,0.8,0,0,0
0.49670956,0.39103735680636037,2.8798554875455857,0.9,0,1,-1
0.49998334,0.42878059434158494,2.994265488771674,0.9,0,2,-2
0.4140144,0.3914222205001368,3.0817892437588927,0.8,2,0,2
0.5187288,0.3668813888939585,3.1923667046703916,0.9,0,1,-1
0.50661963,0.3633293735980085,2.8955933144511468,0.9,0,1,-1
0.4926988,0.4604672937134282,2.8798554875455857,0.9,0,0,0
0.43682972,0.4296596873572426,3.301404173687584,0.9,0,1,-1
0.4608551,0.39588185608036475,3.270114574960961,0.9,1,2,-1
0.445671,0.2467810131413031,3.0350849518197793,0.8,0,1,-1
0.51449376,0.4048230587259373,3.2224735209401594,0.8,0,0,0
0.44113532,0.3265443152648448,2.927607301917491,0.9,1,0,1
0.41816634,0.39438296394353406,3.0212406251802895,0.9,0,2,-2
0.5273745,0.2448954256421797,3.107566076688994,0.9,1,1,0
0.5471655,0.3458953956312892,3.0295519634006656,0.9,0,0,0
0.3903724,0.42521636446635486,2.8798554875455857,0.9,2,1,1
0.48583102,0.4055085464951899,1.9969531181806306,0.7,1,0,1
0.4220255,0.36408917015924236,1.574331785544523,0.9,0,0,0
0.5258055,0.20752236176485656,0.9957274520849255,0.7,0,0,0
0.4545321,0.4426916360313662,1.5653402161740673,0.9,1,0,1
0.45622692,0.4712044422555954,1.575114591410657,0.8,0,2,-2
0.469485,0.4461889254184368,2.9738513896100454,0.9,0,1,-1
0.43782756,0.37824981614704306,2.8876718403890336,0.9,1,1,0
0.4465015,0.3068539356441056,3.080590320298164,0.9,0,0,0
0.41762942,0.44598909238652684,2.9531150055728603,0.9,0,1,-1
0.38272637,0.4411625421835856,3.16100727900131,0.7,2,0,2
0.40024254,0.4060008190295197,2.9093680639438846,0.8,1,1,0
0.4663688,0.4436206178246485,2.8791474648822764,0.9,1,1,0
0.38103154,0.36833903325183237,3.0,0.8,0,2,-2
0.4065875,0.4648573855004927,3.0782433566073997,0.7,1,1,0
0.4691226,0.39581637282875154,3.2176617244864825,1.0,2,0,2
0.3677292,0.3708674204919177,2.776778210932318,0.9,1,0,1
0.30353433,0.41202800667726885,2.776778210932318,0.9,0,3,-3
0.3827543,0.510304737640289,3.433124502002569,0.5,0,1,-1
0.56141347,0.29431241366720007,3.2560351312094027,0.7,1,0,1
0.48457775,0.3605994443995157,3.132574458143994,0.9,1,0,1
0.42063546,0.45339036219877665,3.4117735179946225,0.9,2,2,0
0.4759323,0.4190017183368821,3.4202776983278507,0.9,1,0,1
0.5063088,0.46574726126051996,3.526433265880786,0.9,2,1,1
0.376078,0.3342351644086924,2.6292492238560343,0.8,0,1,-1
0.4233884,0.4194036697837549,2.8736287051460163,0.9,1,1,0
0.4582732,0.4166901923058073,3.086925834480921,0.9,0,2,-2
0.46919614,0.351774637922833,2.776778210932318,0.9,1,0,1
0.5590422,0.33926073872686047,3.1493670009116306,0.7,1,1,0
0.30626538,0.38506358602945534,2.8311845963584887,0.8,0,0,0
0.4155231,0.44794725856414946,3.0668829917422458,0.7,2,0,2
0.49731687,0.4042495669561508,2.8798554875455857,0.9,0,0,0
0.43245584,0.45900975063768606,2.9208322930948003,0.8,1,0,1
0.5205188,0.46339861762837514,2.8798554875455857,0.9,0,2,-2
0.51977265,0.4603320250986274,2.776778210932318,0.9,0,0,0
0.48772088,0.4568778322562419,2.9208322930948,0.8,0,1,-1
0.31601506,0.36131875471911434,2.998966624432267,0.9,0,0,0
0.37039194,0.4110122957824071,3.1627651517230837,0.8,0,1,-1
0.43635568,0.4195040503307436,3.10441119255554,0.9,1,0,1
0.48962876,0.4278402368698173,3.174548134858935,0.9,1,3,-2
0.5286848,0.4072257368425699,3.2478919449730643,0.8,1,1,0
0.38310498,0.19419333985793358,3.1029334343823503,0.8,2,0,2
0.4442462,0.4120322876683351,2.908173336682674,0.9,1,0,1
0.4900209,0.3690861498137705,3.079663483094588,0.9,0,1,-1
0.42293403,0.45457227592066374,3.006051959488611,0.9,1,1,0
0.28164864,0.41050643646109863,3.0484424325100314,0.9,1,1,0
0.49825147,0.3964574680769575,3.169925001442312,0.8,0,0,0
0.5282163,0.4012070424209147,3.0283723735426884,0.9,0,0,0
0.509262,0.3912915896108616,3.1853898088629227,0.9,0,1,-1
0.42537364,0.4253363798659575,2.9481174211304038,0.9,0,0,0
0.49893776,0.26709318387317127,3.01867904060296,0.9,0,0,0
0.4560171,0.45393914047529327,2.9187140524716635,0.9,0,0,0
0.35865715,0.4032868929897108,3.02544195406668,0.9,0,2,-2
0.3804054,0.4070258174863805,3.0607476884752547,0.8,1,0,1
0.4084658,0.46140131137360857,3.0607476884752547,0.8,1,1,0
0.3735811,0.4031740158449608,2.885174447128411,0.8,0,0,0
0.3609099,0.4247831802416942,3.07173502713817,0.9,2,1,1
0.5156847,0.2899377293413285,3.199416232831129,0.9,1,0,1
0.3673426,0.4993849459961962,3.772055208874201,0.3,1,1,0
0.45922783,0.4531866111325476,3.3520901083253594,0.9,1,0,1
0.50703454,0.4673867418189513,3.369811884931534,0.8,0,1,-1
0.4806352,0.44928062164844657,2.2269608142719166,0.7,0,3,-3
0.39950168,0.4463730001506729,2.1943429682921884,0.9,1,1,0
0.41333893,0.4375219018916175,1.5451531398349103,0.9,1,0,1
0.4818024,0.4737955827781468,-0.0,0.8,0,0,0
0.5420053,0.4149053778562578,2.281193931169619,0.8,0,0,0
0.4109599,0.4029831096996623,2.8798554875455857,0.9,1,0,1
0.45923194,0.36941264506143134,2.728948870365158,0.9,1,0,1
0.47810414,0.4153056204638983,3.275222040316422,0.5,0,0,0
0.47485355,0.4525977154578685,2.9793394888389986,0.9,0,1,-1
0.5099689,0.4354392238635035,3.02544195406668,0.9,2,2,0
0.425513,0.36407927679112734,3.1737855952216485,0.9,1,0,1
0.5020107,0.34425993882825395,2.967438430724949,0.8,0,0,0
0.52243674,0.4219368556759509,3.1580281108318418,0.7,0,1,-1
0.4760214,0.4411963645787805,3.1902603909683847,0.8,1,1,0
0.43743214,0.4462338608934313,3.170669258271161,0.9,1,0,1
0.44318566,0.4727120886390599,3.0172422014641866,0.9,0,2,-2
0.45347652,0.41569598436522104,3.103123915182724,0.8,1,0,1
0.3892153,0.3068391214874029,2.9681666405523326,0.9,0,2,-2
0.43956697,0.4469474554126019,2.973674619575372,0.8,0,2,-2
0.37803528,0.3971021538029298,3.1632046194268697,0.7,1,1,0
0.39451665,0.4342644891471924,2.2183875773279125,0.7,1,1,0
0.3529004,0.42945613899241647,2.6975347643587217,0.7,1,0,1
0.48245814,0.4261131222141754,2.2295739585136225,0.9,1,1,0
0.47753266,0.44909347279922046,2.8152023999804863,0.6,2,1,1
0.34998187,0.32657645087695747,2.242572530766071,0.7,1,1,0
0.40300286,0.38725554468769746,3.066532536373009,0.9,3,0,3
0.5195296,0.40122347624083843,2.9793394888389986,0.9,0,2,-2
0.4578107,0.42456045861691905,2.8876718403890336,0.9,0,0,0
0.56052077,0.4224692101693833,3.128109287502072,0.9,1,0,1
0.4707027,0.28039921830520526,2.8876718403890336,0.9,0,0,0
0.40417072,0.3509925081431021,4.011365041826379,0.1,0,2,-2
0.47551647,0.4002039725693975,3.10441119255554,0.9,1,0,1
0.42564023,0.39752348850161995,4.011365041826379,0.1,0,2,-2
0.40948546,0.4634610755663991,2.867353772834994,0.9,0,1,-1
0.40488023,0.3824212961953098,3.087462841250339,0.8,1,0,1
0.4586056,0.3547594655516933,2.8676193510905827,0.9,0,1,-1
0.47261202,0.3206461647079337,3.2509913044562007,0.9,2,1,1
0.51958406,0.4737103032707677,3.1826772390767477,1.0,1,1,0
0.48462924,0.3581489353406451,2.9738513896100454,0.9,0,0,0
0.44822514,0.3523266988462975,3.305582718967094,0.8,1,0,1
0.4255891,0.4598693488431665,3.404865205847878,0.9,2,1,1
0.49173528,0.3538676961393998,3.055913095175825,0.9,0,1,-1
0.40408927,0.4729694788960033,3.323161167392161,0.8,1,0,1
0.40665653,0.46828589208415883,3.273089845973749,0.8,1,0,1
0.4454058,0.16783495391537195,3.113649565593694,0.8,2,0,2
0.45862564,0.38552134849291086,3.0784867695111755,0.8,1,0,1
0.37510547,0.418006744395541,3.1289209382414778,0.8,1,2,-1
0.55419195,0.37101384322085995,3.02544195406668,0.9,0,1,-1
0.5065536,0.39793674475295093,3.078486769511175,0.8,2,1,1
0.5092238,0.441595907151289,3.156580393728044,0.8,1,0,1
0.28663865,0.27177686996263056,2.776778210932318,0.9,0,1,-1
0.35188705,0.32696063633302147,2.8311845963584887,0.8,2,0,2
0.44585624,0.3581216702827633,3.0530201924480456,0.7,0,1,-1
0.48200172,0.3904846063138773,2.9674384307249486,0.8,0,0,0
0.43980163,0.307464329862846,2.8678930955604414,0.9,1,0,1
0.49864057,0.36083333483497276,2.776778210932318,0.9,0,1,-1
0.49633762,0.37530790157811894,2.776778210932318,0.9,0,2,-2
0.3262377,0.41579284705180414,3.0668829917422458,0.7,2,0,2
0.42124194,0.4904432602489481,3.1944806448504592,0.5,1,0,1
0.48161834,0.415118626755362,2.8798554875455857,0.9,0,1,-1
0.44729474,0.3632509054954236,3.134635924691175,0.8,0,0,0
0.31990007,0.47359780346884905,3.3097189833244363,0.6,1,2,-1
0.34576938,0.4675481618774219,2.769509285227997,0.9,1,0,1
0.49373272,0.503684344704527,3.5876639160632875,0.9,2,1,1
0.40622276,0.2100848766757799,2.251629167387823,0.2,2,0,2
0.2307489,0.5016617056295015,-0.0,0.0,0,0,0
0.45182797,0.3782644578981572,1.9290908511188092,0.7,0,0,0
0.4483686,0.36434575505586364,0.9402859586706311,0.9,1,0,1
0.42085603,0.4594707253259229,1.584962500721156,0.7,1,0,1
0.5075074,0.3210745901319867,1.5243166733459836,0.9,1,1,0
0.42185065,0.4570774436509638,3.572253928364927,0.9,0,1,-1
0.4139986,0.42954577814305184,3.506007504271356,0.9,0,2,-2
0.4269108,0.3926312724148723,3.5088839492431645,0.9,1,0,1
0.46090013,0.4712350526706519,3.759362067171,0.7,4,0,4
0.49219325,0.2886804223634962,3.6335059949783672,0.8,1,2,-1
0.49357647,0.41713520915871716,2.776778210932318,0.9,0,0,0
0.43544924,0.36074109535996224,3.02544195406668,0.9,0,1,-1
0.42475906,0.37517756005203934,2.979339488838998,0.9,1,0,1
0.4540976,0.40220837096798984,2.728948870365158,0.9,0,0,0
0.44534013,0.3676790159136402,2.979339488838998,0.9,1,0,1
0.45208484,0.26799689839350643,3.0151831553653174,0.9,0,0,0
0.56641954,0.32207346683873544,3.250531065314421,0.9,0,0,0
0.38464364,0.30590071760771465,3.0621735653919635,0.9,0,1,-1
0.4164455,0.33825646205284204,3.112771984641639,0.9,2,0,2
0.4908117,0.310636071456133,3.1750342487366625,0.8,0,1,-1
0.513702,0.42003256931188065,3.120767085968267,0.9,1,1,0
0.42846704,0.3871666580890579,3.284006521086277,0.8,0,2,-2
0.47549924,0.5410645756349375,3.2404751795711566,0.9,0,1,-1
0.5364884,0.35071513119624065,3.0788713632524445,0.9,1,0,1
0.4048015,0.4187745956927896,3.173785595221648,0.9,1,1,0
0.34101033,0.5184263984935576,4.021928094887363,0.1,1,0,1
0.5425232,0.17200519086799132,3.1553993115748957,0.8,1,0,1
0.49877182,0.42673305805969275,3.1631778953428418,0.8,0,0,0
0.4430524,0.46313493533395933,3.394041600990037,0.7,0,3,-3
0.47654715,0.37054811017502565,2.9531150055728603,0.9,0,0,0
0.39002067,0.35774481699374094,2.728948870365158,0.9,0,0,0
0.4045195,0.38791864750284155,2.8798554875455857,0.9,1,0,1
0.4384172,0.4479145515958509,2.9942654887716738,0.9,1,1,0
0.40871564,0.2454480731495823,2.908173336682674,0.9,1,0,1
0.4528722,0.3678197372531314,3.0114932034009665,0.7,0,1,-1
0.48513672,0.2845621673439809,2.857422116838488,0.8,0,0,0
0.35656273,0.300117021679174,3.0,0.8,1,0,1
0.36491787,0.4791556069961075,3.139174227036076,0.7,1,1,0
0.3578056,0.4486589286168306,2.9414873698385327,0.9,1,1,0
0.37862474,0.3314046787380428,2.9631349103933107,0.9,1,1,0
0.45347863,0.28359096171967424,3.0396393540109368,0.9,0,0,0
0.4517788,0.3043264784410087,3.0329440206159575,0.9,0,1,-1
0.49970016,0.4252341122350993,3.209799409228573,0.8,0,0,0
0.50095934,0.31767775336313586,2.956623811079363,0.9,0,0,0
0.44563153,0.4117005208736622,3.1681103178788184,0.9,1,0,1
0.3597265,0.4219206302178641,2.823490576469806,0.9,0,1,-1
0.43753555,0.300058084604492,2.9674384307249486,0.8,0,0,0
0.5092837,0.4379743517930262,2.9164993086170043,0.8,0,0,0
0.44015092,0.46608729859728576,3.4056390622295662,0.6,2,0,2
0.52913,0.41965133898378215,2.820046868677855,0.9,0,0,0
0.3435894,0.44027753799641683,2.8226831892554918,0.9,0,1,-1
0.45536345,0.3352451099802182,2.9986681079564357,0.9,2,1,1
0.32434264,0.4504121669274384,4.037401197654112,0.1,1,0,1
0.5159029,0.39347016152041286,2.9945421313123273,0.9,0,0,0
0.42634174,0.4351440005699032,3.0204258899649186,0.9,1,0,1
0.46703854,0.34373086378465384,2.9654387473416097,0.8,0,0,0
0.48198968,0.3837656235203024,3.112771984641639,0.9,0,0,0
0.4335959,0.43931093818796707,3.1044111925555398,0.9,1,0,1
0.4638534,0.45459086897113815,3.112771984641639,0.9,1,1,0
0.25763255,0.5078927807457377,3.6038561897747243,0.4,0,0,0
0.4750399,0.4818805027213339,2.8791474648822764,0.9,0,0,0
0.5093825,0.36766305617821804,2.821558297488598,0.9,2,0,2
0.53830075,0.3003382782844027,3.1301249653149705,0.7,2,0,2
0.4682244,0.43161390284852885,2.8311845963584887,0.8,0,0,0
0.49517208,0.32288405557289235,2.8798554875455857,0.9,0,1,-1
0.3247054,0.47854010035668393,-0.0,0.2,0,0,0
0.42765388,0.5072143490677611,1.9535209511274698,0.9,0,0,0
0.47906932,0.23359071073540694,1.9386245385594778,0.9,1,0,1
0.3514181,0.40344805650299626,0.9402859586706311,0.9,2,1,1
0.5082757,0.5013017568834103,1.9788086946230647,0.9,0,0,0
0.404613,0.4447550744762626,3.9002643701343933,0.5,0,3,-3
0.4387825,0.3547238255398645,3.5733278616015562,0.8,0,0,0
0.5604693,0.3375298255089736,3.6706920178197873,0.8,1,1,0
0.48113945,0.3843393445006942,3.53909338266602,0.9,2,1,1
0.4023037,0.36883620469005457,3.633153646184958,0.8,2,0,2
0.31000212,0.41170732212239575,1.8496017527145814,0.7,1,0,1
0.4228175,0.36392460706276497,2.272088893287269,0.7,1,0,1
0.378928,0.3966935831015349,1.8628214475995342,0.8,2,0,2
0.4112267,0.4048726502153183,1.5574319619297041,0.8,0,2,-2
0.5066604,0.3481795875848798,1.9048750051552579,0.7,2,2,0
0.46854225,0.40241823722320785,2.9276073019174915,0.9,0,0,0
0.41976026,0.36028394139766345,3.077637337279153,0.8,0,0,0
0.3995233,0.35313946892901066,2.947056898478542,0.7,0,2,-2
0.506819,0.3833153269764884,2.9414873698385327,0.9,0,1,-1
0.36506745,0.35707245070116,3.2752220403164216,0.5,2,2,0
0.42114854,0.3289060425391252,3.101515280317513,0.8,1,0,1
0.37846005,0.412170700698711,3.1570033220205973,0.8,0,0,0
0.41279358,0.4049246254576397,3.2319461881351823,0.8,0,0,0
0.51211905,0.44249623953933137,3.4855880165740865,0.8,0,0,0
0.42747268,0.4132106732392673,3.7467569849301006,0.3,2,1,1
0.49255347,0.40053902634984007,2.8798554875455857,0.9,1,1,0
0.42309853,0.3764964414832261,3.02544195406668,0.9,1,1,0
0.3880489,0.3537648361100856,3.02544195406668,0.9,0,1,-1
0.4991288,0.47807446733221276,3.291069742426455,0.9,0,1,-1
0.46294755,0.4314111954062642,2.8574221168384883,0.8,0,2,-2
0.41397747,0.41974705290454706,2.8851204539117536,0.8,1,0,1
0.39596725,0.4100218433126951,3.0294171866886996,0.9,1,0,1
0.34875518,0.42467116788009107,3.2698446055588284,0.9,2,2,0
0.22063528,0.4435813933311608,2.7688538376159997,1.0,0,1,-1
0.37808108,0.4099644660126465,3.3435310226693358,0.9,2,1,1
0.39334697,0.28071419397237196,3.1824901867517745,0.7,2,2,0
0.5030194,0.35191768441286325,3.1239806626634072,0.7,1,1,0
0.48518735,0.36830079372585633,3.1234415598182985,0.8,0,1,-1
0.5076453,0.3474750761231821,3.1722336752199873,0.8,0,0,0
0.4166805,0.2754716240223942,2.963134910393311,0.9,1,0,1
0.41220433,0.41397940362193264,2.7751070248348753,0.9,0,1,-1
0.39375582,0.3194446985264232,2.9300191536916556,0.8,0,0,0
0.41075715,0.28198422730936074,3.003539122804025,0.8,1,1,0
0.43189433,0.4786835748271117,2.9208322930948,0.8,0,0,0
0.4843215,0.4144755919747005,3.0977968115985957,0.8,0,0,0
0.46147513,0.3154930042010524,2.986159088827293,0.9,0,0,0
0.4488558,0.37893617892833925,3.1026831892554925,0.9,0,0,0
0.524909,0.3351113919644301,2.908173336682674,0.9,0,0,0
0.36769363,0.3933136183812551,3.3278134448894594,0.5,0,0,0
0.3292983,0.44769597850798504,3.4467700967404737,0.5,1,0,1
0.3410741,0.434894472050956,2.9654249843125933,0.9,0,0,0
0.45724517,0.5246888099471951,3.0295519634006656,0.9,0,1,-1
0.5247179,0.3940406476872353,3.039563256665049,0.9,1,0,1
0.4599138,0.42943867310430794,3.12187240011629,0.9,0,2,-2
0.49206805,0.40457888718425883,2.823490576469806,0.9,1,1,0
0.5747383,0.22732593967385278,3.231737433422466,0.7,1,0,1
0.4906721,0.39958436533452824,3.5740877974034158,0.6,0,1,-1
0.47131386,0.3379895751049477,3.0977968115985957,0.8,0,1,-1
0.5586039,0.2024372037245341,3.231737433422466,0.7,2,0,2
0.49998853,0.36070267846944853,3.6240915776081954,0.9,3,0,3
0.526919,0.4320520786216929,2.553059914375381,0.9,1,0,1
0.47432473,0.3742533840204252,2.316019349301063,0.8,0,0,0
0.42909682,0.42071626282196256,1.0,0.9,1,0,1
0.39303085,0.4118925643501255,0.9612366047228759,0.8,0,0,0
0.4801899,0.4838321916882452,1.9258641224711834,0.9,2,0,2
0.42415768,0.3134185964503231,2.908173336682674,0.9,0,1,-1
0.44376206,0.3799847447526967,2.928439190827718,0.8,0,1,-1
0.3003819,0.4082781656163927,2.9081733366826743,0.9,0,1,-1
0.43314984,0.33074577560658525,3.083156797086042,0.9,1,0,1
0.5536394,0.409942526094874,3.0350849518197793,0.8,2,1,1
0.46375743,0.4486699394532869,2.776778210932318,0.9,0,0,0
0.27404264,0.32524608913886216,3.0350849518197793,0.8,1,0,1
0.45167133,0.34490452456898996,2.921981709849717,0.9,0,1,-1
0.50293165,0.32361958756712,3.0,0.8,1,0,1
0.5272258,0.3783314542525663,2.8798554875455857,0.9,0,1,-1
0.40785474,0.4329141042741328,3.01867904060296,0.9,0,1,-1
0.41420633,0.29601944571766065,2.9689250793612647,0.9,0,0,0
0.45639664,0.43393144624136937,2.9481174211304033,0.9,0,1,-1
0.5055423,0.43089202001958865,2.892432730992446,0.9,1,1,0
0.42782766,0.4067404716671455,3.0723279884492234,0.8,3,1,2
0.46009013,0.2517947282541641,2.9199770749417033,0.95,0,0,0
0.5535924,0.41066541053105826,3.180988224894111,0.8,1,0,1
0.557938,0.31114418703453106,2.9276073019174915,0.9,0,0,0
0.38405907,0.3468762346056464,2.908173336682674,0.9,0,0,0
0.41145214,0.4180048098871948,3.120183935661208,0.7,0,1,-1
0.39493406,0.35224680637573974,2.9414873698385327,0.9,3,0,3
0.4300187,0.2902101551129817,3.008095002452907,0.9,0,0,0
0.4728884,0.42301977580193606,3.0677583030124262,0.9,1,0,1
0.51635194,0.36714057031600733,3.1951858260971715,0.9,0,2,-2
0.5090331,0.3416336221376882,2.9517379642094483,0.9,1,0,1
0.5284482,0.3295199482859664,2.9836591643979626,0.9,2,0,2
0.44876525,0.3770252875292656,2.867353772834994,0.9,0,1,-1
0.5552299,0.3098513236087462,3.3307869718618126,0.8,2,2,0
0.5033016,0.3263438467590929,3.132328182250055,0.7,0,0,0
0.3750361,0.3189279456179439,3.10924347723176,0.9,0,1,-1
0.4716667,0.29516765169187864,3.266503741743184,0.7,0,2,-2
0.46776268,0.48580939087978126,3.5063401227771633,0.7,0,1,-1
0.34047353,0.35618995199445597,3.3494515242647385,0.7,2,0,2
0.39319327,0.3317058486306311,3.615601562950723,0.4,0,2,-2
0.45922452,0.42191037603640524,3.5394901036938626,0.8,0,3,-3
0.5278981,0.37225783548212044,2.9198424548813366,0.9,2,0,2
0.33050513,0.48891814879159695,3.1752271455160943,0.8,1,1,0
0.5210316,0.395695128346514,2.9738513896100445,0.9,1,0,1
0.4771778,0.37029777956342486,2.9736746195753727,0.8,1,0,1
0.48914227,0.33570632633124137,3.060960189603338,0.8,0,0,0
0.37215135,0.2925559765471019,2.9081733366826743,0.9,0,1,-1
0.39360142,0.40019023368980494,3.101746763295861,0.9,0,1,-1
0.49915653,0.40946450375356536,3.1572316144628294,0.9,1,1,0
0.500465,0.3826276626140231,3.1382674839507074,0.9,2,0,2
0.47079703,0.4146785322653819,3.2319461881351814,0.8,0,0,0
0.36654794,0.37343604969769695,3.339572261986723,0.6,0,1,-1
0.51403147,0.3673494957669969,3.2419156070781496,0.9,1,1,0
0.5519735,0.3802517353100019,2.9793394888389986,0.9,1,1,0
0.47925586,0.37675522588035226,2.927607301917491,0.9,0,0,0
0.36235413,0.3399908557357809,3.0640917816300157,0.8,0,1,-1
0.14386271,0.46809864898517733,-0.0,0.9,0,0,0
0.38416517,0.3669764080394503,1.83748482971194,0.8,0,0,0
0.35915303,0.3749126468435069,1.3221793455166666,0.6,1,1,0
0.4799997,0.46528682701625074,-0.0,0.9,0,2,-2
0.37979448,0.374248263418814,0.9798687566511528,0.7,2,0,2
0.40061966,0.3662958749832739,3.324969207344632,0.8,1,1,0
0.47614115,0.422077716704891,3.1394897965106847,0.9,0,1,-1
0.47076017,0.3270720717061282,3.096852897925094,0.9,0,1,-1
0.44723788,0.3332720828827388,3.1668251611830653,0.9,2,0,2
0.48469648,0.43284473831387243,3.1766352793034835,0.9,0,0,0
0.42107293,0.465134555827828,3.524040412259792,0.8,1,2,-1
0.46667558,0.4055581017615393,3.4148997975023634,0.9,0,1,-1
0.5229656,0.35057362846350215,3.4762545447568036,0.9,2,0,2
0.59993464,0.2262517358718639,3.6539752212868555,0.7,1,1,0
0.4462615,0.38337824386822916,3.840402546702505,0.4,3,0,3
0.52049303,0.4491239699454862,2.970033703884394,0.9,0,1,-1
0.49589658,0.4316064936872684,3.02544195406668,0.9,1,0,1
0.41338053,0.4896089677862629,2.941487369838532,0.9,0,0,0
0.45805585,0.3949311574574872,2.9081733366826743,0.9,0,1,-1
0.3968348,0.4752244011443969,2.908173336682674,0.9,0,0,0
0.5153286,0.35757231460732286,3.133168925863646,0.8,2,0,2
0.49350125,0.32968914680509365,2.9813597135246597,0.8,0,0,0
0.519613,0.41882837416656493,2.996787963555558,0.9,2,1,1
0.3375079,0.47507245690586297,3.0513050676011337,0.7,1,0,1
0.44638637,0.5067360653594325,3.2844343439325026,0.7,0,1,-1
0.4879131,0.3463764628667022,2.927607301917491,0.9,0,0,0
0.49411878,0.3698399516178828,3.1618827187141427,0.8,0,3,-3
0.39758113,0.48745529078177846,3.392413018607228,0.7,3,1,2
0.5493418,0.1961182398001198,3.079710276317337,0.9,0,0,0
0.5024778,0.45116175784385126,3.1836291298491233,0.8,1,1,0
0.43910453,0.34943992652468886,3.0511649257162547,0.7,0,0,0
0.5154389,0.4465057417039536,3.0767299134019317,0.8,1,0,1
0.4866217,0.3071924848382249,2.9414873698385327,0.9,0,0,0
0.42249978,0.39424491873737005,2.8925092608618286,0.9,0,1,-1
0.3746161,0.41610319931987994,3.3741989184805288,0.5,0,2,-2
0.3656802,0.29722534558451247,0.5435644431995964,0.7,0,0,0
0.3617761,0.4031544826713985,1.4056390622295665,0.8,1,1,0
0.35527575,0.41116136367768297,2.524656138021891,0.8,2,1,1
0.2574908,0.39061702845657903,0.9798687566511528,0.7,1,0,1
0.38051224,0.42685457216591494,0.9852281360342514,0.4,2,0,2
0.50509226,0.42814541202636436,3.0485693094864144,0.9,2,0,2
0.4732222,0.31036545001527643,3.0018657739084222,0.8,0,0,0
0.53619665,0.44993919005894867,3.1463603739483568,1.0,2,2,0
0.5167973,0.47601861497779757,3.440874514482889,0.7,3,0,3
0.5416288,0.29114797837210155,2.972096688995876,0.9,0,0,0
0.41805243,0.4774548585427116,2.8798554875455857,0.9,0,1,-1
0.4600438,0.47464594695200335,2.8798554875455857,0.9,0,1,-1
0.45365646,0.32349618288896914,2.823490576469806,0.9,1,0,1
0.4375813,0.4033785903306631,2.9284391908277185,0.8,1,1,0
0.4804612,0.38684168145446723,2.8876718403890336,0.9,0,1,-1
0.4157663,0.44498935017798363,2.473851389610045,0.9,1,0,1
0.46464896,0.33098006660148416,1.9242547386263213,0.9,0,0,0
0.50125575,0.4299811690983459,2.843111233202009,0.8,1,0,1
0.33864433,0.30042305401788894,2.1227236539320726,0.8,1,1,0
0.3227343,0.43942410659751496,-0.0,0.8,0,1,-1
0.42562598,0.4660943764403097,2.2335169794023564,0.7,2,2,0
0.47227383,0.4207884862785399,2.6666404771401693,0.9,1,1,0
0.46034133,0.3277857650485543,2.507894275177697,0.9,1,0,1
0.4356452,0.4038727181418585,2.4495044744353107,0.9,0,0,0
0.48370236,0.35514349599787204,2.4524875738291865,0.9,3,0,3
0.41102535,0.48692362618269036,3.20945336562895,0.8,0,0,0
0.3759331,0.38377832029801373,2.8798554875455857,0.9,0,0,0
0.49482527,0.44173603911759196,2.9198424548813366,0.9,0,0,0
0.36024955,0.37193943834742493,3.129283016944966,0.8,0,0,0
0.41561145,0.3238816560230853,2.8798554875455857,0.9,0,1,-1
0.4947098,0.4166633532999764,3.3535536223749385,0.9,0,0,0
0.4281626,0.3959232329161728,3.1087813061987752,0.8,0,1,-1
0.41770402,0.31435723525085774,3.355388542207534,0.8,0,1,-1
0.4468824,0.2844239528677926,3.441068585955438,0.8,2,0,2
0.37685165,0.35736188642366357,2.9736746195753727,0.8,0,1,-1
0.47754115,0.28874747177347104,2.916499308617005,0.8,1,1,0
0.40779373,0.4099597504001354,2.979772678004349,0.9,4,0,4
0.46954226,0.3781482243706971,2.9830749314332756,0.8,0,0,0
0.35969484,0.4678890237335267,2.9944794451340946,0.8,0,1,-1
0.45290905,0.43143575792926164,2.7751070248348753,0.9,1,0,1
0.44076192,0.39803152193968344,2.8272085933443494,0.9,0,0,0
0.44353667,0.2997444923077912,2.776778210932318,0.9,1,0,1
0.3627261,0.444284424087594,2.979339488838998,0.9,1,0,1
0.44423455,0.40076237658644387,3.0082222749239294,0.7,0,0,0
0.51625323,0.3997853675686489,2.728948870365158,0.9,0,1,-1
0.4378319,0.3947631650591243,3.664497779200461,0.4,1,2,-1
0.50044,0.5070575305367866,2.9541747328782413,0.9,1,1,0
0.45186225,0.3996699013749041,3.016150648454355,0.8,0,0,0
0.43643746,0.39506742312642834,2.927607301917491,0.9,1,0,1
0.33803678,0.3261476209492473,2.9861590888272933,0.9,0,0,0
0.4787077,0.3363566271756107,3.2064688230730516,0.9,2,0,2
0.47110978,0.36904012140599,3.11890288900027,0.9,1,0,1
0.48967457,0.3935142932249703,3.0516049595915717,0.9,1,0,1
0.483864,0.4583815854917556,2.9738513896100454,0.9,0,0,0
0.5461744,0.31627857357882333,2.956623811079363,0.9,2,0,2
0.41917926,0.35046625661073216,1.9527241956246546,0.6,0,0,0
0.46822917,0.3282221699102128,2.0670314951575843,0.5,1,0,1
0.53301406,0.42502412460273886,1.9490822953528213,0.8,3,0,3
0.43180382,0.31710085209649846,0.9709505944546687,0.9,0,0,0
0.5145226,0.48917304391640415,1.8778867313886054,0.9,0,0,0
0.42792225,0.35667605369540933,3.5398868317298304,0.9,2,1,1
0.39053082,0.39454324856463224,3.535230012941795,0.9,1,0,1
0.42342007,0.33096067732782924,3.5475257804265707,0.8,1,0,1
0.5092396,0.4337836438051522,3.855388542207534,0.4,1,1,0
0.43379727,0.18834546938012425,3.6469666682736497,0.6,0,0,0
0.48700956,0.4593530463515834,3.7433951379008334,0.8,1,3,-2
0.45008072,0.43296293376809053,3.6939020854468443,0.8,2,1,1
0.404227,0.43513372310438664,3.4261356644889265,0.9,0,1,-1
0.4343315,0.40611631398035775,3.553197459979861,0.8,1,1,0
0.3265465,0.3652500046809608,3.633153646184958,0.8,1,0,1
0.45871356,0.49791752013303753,3.436744989587038,0.6,2,2,0
0.4252087,0.3054981032197712,3.252702165427175,0.7,0,0,0
0.514295,0.35435411674681666,3.204885255605794,0.8,2,0,2
0.3788652,0.30444341061252767,3.1978837978187373,0.9,1,1,0
0.48204207,0.1730573782834878,3.2577560641285177,0.8,1,0,1
0.45098418,0.29679492079309117,2.8798554875455857,0.9,0,0,0
0.4672796,0.24187134208712338,3.186392934223819,0.8,0,0,0
0.4254179,0.4265492601599848,3.3089391016040324,0.8,0,1,-1
0.52333254,0.5026823140732599,2.9198424548813366,0.9,1,0,1
0.4189695,0.45156815921527516,3.1489444208309094,0.6,1,1,0
0.4376316,0.2907714852621944,2.989182936554447,0.9,1,1,0
0.24378465,0.3416823355946832,4.058813890331201,0.1,1,0,1
0.46947116,0.454739903954976,3.029551963400665,0.9,2,0,2
0.46547464,0.351028430231244,2.9861590888272933,0.9,1,0,1
0.4387574,0.28447731080219574,3.0247519850262554,0.8,0,0,0
0.4043286,0.46040499947281527,2.823265223932734,0.95,0,0,0
0.30631092,0.33158182542719106,3.405764584655453,0.4,3,0,3
0.38590857,0.25036815063836343,2.823490576469806,0.9,0,0,0
0.45045555,0.3990431980784892,3.078381471567622,0.9,2,0,2
0.5729463,0.42206009909538095,3.0149973026592525,0.8,1,1,0
0.41273612,0.38308168684515337,2.9793394888389986,0.9,1,1,0
0.322063,0.3464047683329735,3.2208049112519817,0.5,1,1,0
0.42108837,0.4741525867488453,3.1944806448504592,0.5,1,3,-2
0.46903533,0.3949016654462281,2.9793394888389986,0.9,0,0,0
0.59360087,0.35549430070484456,2.9793394888389986,0.9,1,1,0
0.4768222,0.37292443646616985,2.8798554875455857,0.9,1,0,1
0.38270104,0.3870733336382187,3.4058092136126814,0.4,3,0,3
0.387188,0.37752028126408904,3.1570914161644237,0.7,1,2,-1
0.46714717,0.32708096364890293,2.9414873698385327,0.9,0,1,-1
0.45943105,0.4139481627774322,3.279228989059142,0.5,0,1,-1
0.4697993,0.41066599378361107,2.9081733366826743,0.9,1,2,-1
0.49536094,0.3324355111346171,2.8512809122619043,0.9,0,0,0
0.39542198,0.48261743240057176,2.9081733366826743,0.9,1,1,0
0.3297287,0.40130715459967525,3.0668829917422458,0.7,0,2,-2
0.5089429,0.42148868497455666,2.9793394888389986,0.9,0,0,0
0.38263863,0.35740814425130285,3.049735649670589,0.9,1,0,1
0.35913208,0.4525527766218409,0.4689955935892812,0.9,0,0,0
0.49694434,0.4149320068636161,2.5916885408091463,0.8,0,2,-2
0.26782477,0.4909612724526826,2.4225797618424916,0.6,0,1,-1
0.42847636,0.4456968728599616,2.781453645923478,0.9,0,1,-1
0.3748651,0.40809866609129253,2.908173336682674,0.9,0,1,-1
0.5337547,0.37872548419695196,2.8766291673878226,0.8,1,0,1
0.62865865,0.3442083648384864,2.998966624432267,0.9,1,0,1
0.41741866,0.3448246001073776,2.8690954395801547,0.9,0,0,0
0.4456194,0.38130534384918524,2.963134910393311,0.9,0,0,0
0.45938393,0.294622700299366,3.0621735653919635,0.9,1,1,0
0.2544968,0.4371521557349286,2.7688538376159997,1.0,0,1,-1
0.504086,0.4497847672447053,3.357552004618084,0.8,2,0,2
0.4688805,0.3111428168734284,2.9108502945649066,0.9,0,1,-1
0.35902387,0.45027284286627056,2.9276073019174915,0.9,1,1,0
0.50989217,0.4344209167384146,3.1761673177098713,0.8,1,1,0
0.47599617,0.29083767393539905,3.27102147157292,0.9,1,0,1
0.3490533,0.4019140306674128,2.8678930955604414,0.9,0,1,-1
0.57129544,0.3432378930159848,3.0887793473613607,0.8,1,1,0
0.44931975,0.4448754089869418,3.2534343861887853,0.8,1,0,1
0.5130808,0.40447865570413283,3.0977968115985957,0.8,0,0,0
0.3092513,0.4349207305030652,3.009463850136492,0.9,1,0,1
0.3699632,0.46108902553140435,2.9941327865521297,0.9,1,1,0
0.48444661,0.2895673327319944,2.9736746195753727,0.8,0,0,0
0.5323998,0.36215361246961697,3.160474332860025,0.9,1,1,0
0.39719737,0.36217892023195786,2.8955933144511468,0.9,1,1,0
0.4037508,0.2578281839531437,2.899207357173329,0.95,1,0,1
0.5319575,0.44182130490007065,2.9081733366826743,0.9,0,0,0
0.31774822,0.4779418009616413,2.8515895533744877,0.9,2,2,0
0.33210716,0.4068327073025421,3.147191429566854,0.8,0,2,-2
0.44410434,0.3812632218662887,2.9738513896100454,0.9,2,0,2
0.3974548,0.4110405754581821,3.044394119358454,0.8,0,1,-1
0.4590744,0.44181656463249863,3.00861201428621,0.9,1,0,1
0.45990333,0.3957431484113295,3.0723089141751636,0.7,0,1,-1
0.41097587,0.399404195801865,2.8678930955604414,0.9,0,0,0
0.33380565,0.38152161222400616,2.776778210932318,0.9,0,2,-2
0.4938,0.36670959502063555,3.1986401111354996,0.9,0,0,0
0.43022582,0.4423553868814369,3.181276369602582,0.6,0,1,-1
0.41069517,0.2761214617571067,3.1209043504552723,0.7,1,1,0
0.5697593,0.3749455773710317,2.9747848238016035,0.9,1,0,1
0.48305976,0.4269137568297,1.5827993325271836,0.9,1,0,1
0.45779628,0.40150494590332364,1.9659902819357726,0.9,0,0,0
0.5287681,0.42337109784389454,3.4058092136126814,0.8,2,0,2
0.31632033,0.4062462961634284,1.5774287729134877,0.9,0,1,-1
0.5654259,0.3415615201983939,1.5243166733459836,0.9,1,0,1
0.4294169,0.39414147812689937,3.299008349652281,0.8,1,0,1
0.46688643,0.3698024406967737,2.990275022075664,0.8,0,0,0
0.4816332,0.3815420375570462,2.973851389610045,0.9,0,0,0
0.41132984,0.39375262596616656,3.17438676061011,0.8,1,2,-1
0.46937525,0.28935938477841217,3.319049450414414,0.7,2,0,2
0.5452959,0.3347104592911599,3.0212406251802895,0.9,0,1,-1
0.46368766,0.34613643664316596,3.353190671338322,0.4,1,1,0
0.41466737,0.4139670526041468,2.822683189255492,0.9,0,0,0
0.50713724,0.1649738232631811,3.405764584655453,0.4,0,0,0
0.46971458,0.4508177314669403,3.070491530919762,0.9,1,0,1
0.55542177,0.36214027181512054,3.0621188202846703,0.8,1,0,1
0.44432485,0.32105948193756373,2.9208322930948003,0.8,1,0,1
0.51314956,0.15760039368372136,2.97765944295582,0.9,1,0,1
0.42058793,0.4492639908954609,2.9208322930948003,0.8,1,0,1
0.4981287,0.3208283945792324,3.1070632481662295,0.8,1,1,0
0.45180494,0.43522856815258437,3.1600581915675505,0.9,0,0,0
0.46275517,0.34854601302799404,3.4303134373435924,0.8,2,0,2
0.47876343,0.37491400057385915,3.3598900164775856,0.8,2,0,2
0.5471367,0.33193046358177963,3.2376565019098495,0.9,0,0,0
0.43061492,0.521257941849062,3.674891669667142,0.9,1,3,-2
0.505387,0.4646600756225619,3.166977918566252,0.9,1,0,1
0.4285837,0.5116227165726022,3.1916388511252625,0.9,2,1,1
0.43149376,0.43055092533386774,3.2851793531634725,0.8,0,0,0
0.3649794,0.38922788942328523,3.7442035683118124,0.3,1,2,-1
0.47966468,0.24126761827200457,3.3295648983561983,0.7,1,0,1
0.38280776,0.40524074987243663,4.058813890331201,0.1,1,0,1
0.46465474,0.34342996752854765,2.973851389610045,0.9,0,0,0
0.4681865,0.3522554104136722,2.776778210932318,0.9,0,1,-1
0.43755683,0.29245146961250645,2.927607301917491,0.9,0,0,0
0.5162422,0.4694448792665509,3.01867904060296,0.9,0,0,0
0.4602703,0.4558746830122702,3.2356031659943345,0.9,1,1,0
0.49659732,0.37373386986407947,2.9986681079564357,0.9,0,0,0
0.31827632,0.44255617755974813,2.9300191536916556,0.8,0,2,-2
0.5355326,0.4378991290691951,3.0207179346627835,0.9,0,0,0
0.30061665,0.3590035646325256,3.339572261986723,0.6,0,2,-2
0.39394128,0.43140329930663307,3.0295519634006656,0.9,1,0,1
0.45599967,0.34464207567530164,3.2094533656289497,0.8,2,0,2
0.47403488,0.4746719540358324,3.1136495655936938,0.8,0,2,-2
0.46880886,0.3296327102419625,3.1136495655936938,0.8,1,1,0
0.41901767,0.40495955785814663,3.1088718484453604,0.7,1,0,1
0.38583127,0.4547939141845852,3.0317374334224665,0.7,0,1,-1
0.49023128,0.37257988807839815,2.941487369838532,0.9,2,0,2
0.36620194,0.4568701528676059,3.1201839356612076,0.7,0,1,-1
0.4015568,0.3659495117439421,3.028991962451992,0.8,0,0,0
0.43934464,0.36544766734986456,2.9414873698385327,0.9,0,1,-1
0.46411744,0.42767811116544685,3.478999067420595,0.5,0,0,0
0.42589256,0.32436949568866097,3.0621735653919635,0.9,0,0,0
0.2875234,0.4599718197689945,3.071928094887362,0.8,0,0,0
0.42232394,0.3283145899882444,3.334661076610322,0.9,0,1,-1
0.43240154,0.22788826098821452,3.0510050526598267,0.9,0,0,0
0.36567047,0.44279960221320486,2.8798554875455857,0.9,0,0,0
0.4747032,0.41062740713982593,3.066532536373009,0.9,0,2,-2
0.49104473,0.2885303171323117,2.947056898478542,0.7,2,0,2
0.47021908,0.3607752599578349,2.776778210932318,0.9,1,0,1
0.5332521,0.3869730182660465,3.088352675713414,0.9,0,0,0
0.47678512,0.44377545800455076,2.9986681079564357,0.9,0,0,0
0.5062102,0.386322826027298,2.969393857166959,0.8,0,0,0
0.41002238,0.4376322868830332,3.8349625007211556,0.2,1,1,0
0.37674513,0.3890449103219993,3.069048439318099,0.9,0,0,0
0.49353436,0.41381773626796425,3.1236658734343736,0.9,1,0,1
0.48094794,0.4158568917970669,3.118720528691359,0.9,0,0,0
0.35006878,0.3881345790025416,3.0515256549688003,0.8,1,1,0
0.39462662,0.4039933552150452,3.293589322324447,0.8,1,1,0
0.4762354,0.21429643697824777,3.145271862902178,0.8,1,0,1
0.52688956,0.4995941275541417,3.187478781574573,0.8,2,1,1
0.5053025,0.42879359820889545,3.5519940404468895,0.9,2,0,2
0.29109377,0.35395569032365043,0.9940302114769565,0.6,0,1,-1
0.48484173,0.35565897076256425,3.72467560383839,0.7,2,0,2
0.51053107,0.3669814780599539,3.5733278616015562,0.8,1,1,0
0.39128876,0.4090774057028851,2.5456748913581144,0.9,0,0,0
0.44958627,0.4460950945115929,2.5916885408091463,0.8,0,0,0
0.47125375,0.40975589863272627,2.570439739002145,1.0,2,1,1
0.38422164,0.41198169511102767,1.6402239289418519,0.8,1,0,1
0.44861013,0.4108187224231937,3.211744090932182,0.8,1,2,-1
0.39316472,0.3969040511117455,2.997066166417291,0.7,0,1,-1
0.48511693,0.4538198853579626,3.5026831892554924,0.9,1,1,0
0.41898277,0.3850563862264663,3.601409765557392,0.8,0,1,-1
0.31094635,0.33313760238674467,3.056425278268386,0.9,0,2,-2
0.4631696,0.45362785804534317,3.770942421748537,0.6,1,1,0
0.33442742,0.517765896443783,3.3584585933443503,0.9,0,1,-1
0.41408664,0.3454535256034272,2.885174447128411,0.8,0,0,0
0.46570903,0.39791817367407395,2.8272085933443494,0.9,1,0,1
0.4383248,0.3795896810340356,3.3190494504144135,0.7,2,0,2
0.2847389,0.41070817853239666,3.0,0.8,1,0,1
0.5392197,0.449036787162464,3.4072351897200077,0.8,1,1,0
0.41405335,0.35705836981707023,2.9081733366826743,0.9,2,0,2
0.36791635,0.3797091367829135,2.9287798125002267,0.9,0,1,-1
0.4350525,0.43155842670875905,3.262110102935548,0.9,1,0,1
0.45025256,0.47563131790530333,3.3308107979444386,0.8,0,1,-1
0.5151338,0.35566199942078436,2.9967879635555583,0.9,0,2,-2
0.5368547,0.29501584887173044,2.9219817098497165,0.9,0,0,0
0.40113506,0.3917980154104382,3.4227750662613374,0.5,1,0,1
0.39660087,0.3946836879626729,2.967438430724949,0.8,2,0,2
0.47429168,0.3434425606712671,2.998966624432267,0.9,1,1,0
0.4302386,0.4099262919529194,3.0783814715676225,0.9,1,0,1
0.44977784,0.40811260396952265,2.9219817098497165,0.9,0,1,-1
0.45914307,0.36535309376082464,3.11756092427244,0.9,1,1,0
0.43089664,0.1954431013798792,2.823490576469806,0.9,1,0,1
0.44047278,0.45228898262296635,3.1299471844774778,0.8,1,0,1
0.5419117,0.34922297426211374,3.0033861075581556,0.9,2,0,2
0.5295448,0.3577725149101715,2.728948870365158,0.9,1,0,1
0.49167928,0.35914101979646035,2.823490576469806,0.9,0,0,0
0.43879235,0.4669080137492908,2.948186888885451,0.9,0,2,-2
0.49152038,0.379146191187267,2.879147464882276,0.9,1,1,0
0.44493756,0.441654452053418,2.8798554875455857,0.9,1,1,0
0.4424453,0.46575511677995174,2.9465128679489214,0.9,1,2,-1
0.5484076,0.3521295527947449,2.239678259840456,0.9,1,0,1
0.22108425,0.4536188255493551,-0.0,0.1,0,1,-1
0.510645,0.3839945435155953,2.687784547901796,0.9,1,1,0
0.39979726,0.3903648821738581,1.9211854965885544,0.7,0,0,0
0.3006742,0.5018220518595482,3.2769917873301218,0.7,1,0,1
0.49314487,0.38243111288589426,3.4203428099390174,0.9,1,0,1
0.46997947,0.3568310487106944,3.1786183589017414,0.9,1,0,1
0.4143122,0.47711617340858914,3.266574129299665,0.9,1,1,0
0.48308998,0.4226468611775298,3.4798664156284733,0.9,3,0,3
0.48351318,0.35884940131123955,2.776778210932318,0.9,0,0,0
0.46114922,0.4177181242798072,3.1573139150253806,0.7,0,1,-1
0.41567326,0.3997305313167714,3.4227750662613374,0.5,1,0,1
0.47549197,0.33609877406377947,3.1141334065463466,0.7,0,0,0
0.53716445,0.2955076485482362,2.9414873698385327,0.9,1,0,1
0.5189724,0.34601228960748276,3.314397767275508,0.9,1,0,1
0.5242219,0.4705873562907438,3.8059197880818156,0.4,1,0,1
0.4300522,0.4195408007559821,3.6292492238560343,0.4,0,1,-1
0.40603757,0.37239811184497057,3.154129741456258,0.9,1,0,1
0.49453935,0.3615848521638751,3.095461844238322,0.9,0,0,0
0.39018086,0.4506051202877942,3.0515256549688003,0.8,2,0,2
0.45971698,0.37538853313345255,3.1087813061987752,0.8,1,0,1
0.35375023,0.5161599133678348,2.823490576469806,0.9,2,0,2
0.39309838,0.36179272036558147,3.0012676603712727,0.9,0,0,0
0.48287973,0.25911016145893906,2.990295160090377,0.9,1,0,1
0.554532,0.3569524150969821,2.767147768896904,0.9,2,1,1
0.41450536,0.47878400747822747,1.0,0.5,0,1,-1
0.42333943,0.367992491648105,-0.0,0.9,1,0,1
0.3879956,0.28541800654699684,1.9450355658756875,0.9,0,0,0
0.42622945,0.3250121693805633,1.3346791410515946,0.8,1,0,1
0.49279672,0.28956374873149454,3.0080950024529067,0.9,1,0,1
0.4790118,0.4678092678304728,3.1147869792568117,0.9,2,0,2
0.57390785,0.22016561252012135,2.892174861043281,0.9,1,0,1
0.39807385,0.3556369131345463,2.9728488200423997,0.9,1,1,0
0.42293346,0.3717837400158342,3.2238001012553914,0.9,2,0,2
0.44009998,0.3551974877345052,2.9081733366826743,0.9,1,0,1
0.3541712,0.34455649286086776,3.123441559818299,0.8,0,1,-1
0.39302662,0.4792577327979778,3.2521346130174726,0.8,0,0,0
0.5316651,0.3203697591799881,3.3604436983112036,0.8,2,1,1
0.40668052,0.45225683964559926,2.9982975702780195,0.9,0,0,0
0.43280026,0.3158795043520166,3.068084324344715,0.8,1,3,-2
0.54873884,0.44077853645411763,2.8001926034202227,0.9,1,0,1
0.41020104,0.2909418024264783,3.1209043504552723,0.7,2,0,2
0.5043719,0.3234415137302521,3.416046397714505,0.6,0,2,-2
0.42566964,0.43900990773857707,3.6180782093497093,0.4,0,2,-2
0.48984164,0.35263151978194246,3.2569439085249647,0.9,1,1,0
0.42863715,0.3554638447008405,3.772055208874201,0.3,1,0,1
0.4488478,0.41045670086954317,3.154129741456258,0.9,0,1,-1
0.36302555,0.32411426029028384,3.1804243449594782,0.9,0,1,-1
0.47457072,0.22919977504133615,3.2321588913645702,0.8,1,0,1
0.50615644,0.2970208578786509,3.1952959344962166,0.8,2,0,2
0.48953545,0.3737343725682841,2.928439190827718,0.8,0,0,0
0.55059713,0.4741033656742451,3.0443941193584534,0.8,0,0,0
0.41433966,0.3833175966833231,3.177929637091621,0.8,1,1,0
0.258969,0.38770793865497644,3.9139770731827515,0.2,0,1,-1
0.5188503,0.30959826515604627,2.346439344671016,0.8,1,0,1
0.4576131,0.33323696765242705,2.1607047528877823,0.8,1,1,0
0.55805373,0.3574504478616626,2.4885252948977485,0.8,0,0,0
0.49313274,0.40075370084443923,2.5083614955614473,0.9,0,1,-1
0.41364175,0.3837889585426009,1.7399546474223628,0.8,0,0,0
0.48194447,0.3148379709724914,3.123441559818299,0.8,0,0,0
0.37703368,0.46536149803957466,3.189353872167201,0.7,1,0,1
0.44757915,0.4112769299623631,3.290402054131786,0.8,2,0,2
0.37423146,0.3300153705332518,3.189529631552713,0.8,1,1,0
0.37262207,0.3566587397173802,2.8798554875455857,0.9,0,0,0
0.40652013,0.3304389184542935,3.0230622596596013,0.8,0,1,-1
0.49212524,0.3848052847984859,3.062065437314432,0.9,1,0,1
0.38709337,0.4737487788462526,3.419429614256353,0.8,1,2,-1
0.39734527,0.42678373195516917,3.3593598634344994,0.7,1,1,0
0.43499562,0.3426282713199085,3.292841637894508,0.7,2,0,2
0.48378327,0.39985948121460785,3.240142711205799,0.8,2,1,1
0.4975899,0.3906067208559255,3.0315513539183025,0.9,0,0,0
0.53004104,0.40434762173591915,2.872253928364927,0.9,1,1,0
0.52408224,0.39167145496960787,2.9654249843125933,0.9,0,0,0
0.3680499,0.37450906874291606,3.2454472243055625,0.8,1,0,1
0.5012836,0.41688347708079726,3.016503675437347,0.9,1,0,1
0.53441584,0.4072686044277977,3.203652165082069,0.8,2,1,1
0.51102346,0.36186211812949726,3.1171901678340994,0.8,2,0,2
0.491186,0.41957141801526854,2.940636352673266,0.8,0,0,0
0.403302,0.4430412480470283,2.9414873698385327,0.9,2,1,1
0.49378058,0.4561037590650678,3.2640198022265583,0.9,1,1,0
0.38807297,0.49856528936795974,1.207518749639422,0.9,0,1,-1
0.42767802,0.29808230243256684,0.4689955935892812,0.9,0,0,0
0.5072076,0.402946270553159,2.979573958513623,0.9,2,1,1
0.45107335,0.48315362761366365,2.271782221599798,0.7,0,1,-1
0.48951912,0.4017233497098231,2.8798554875455857,0.9,0,0,0
0.473657,0.4166329034407181,3.0996660963841594,0.9,0,0,0
0.44897854,0.4367906122978624,2.8798554875455857,0.9,0,2,-2
0.4783297,0.3764222398411473,2.986350030255313,0.8,0,0,0
0.51640093,0.47051552983140954,3.0212406251802895,0.9,1,1,0
0.4906646,0.3265802096555088,2.872253928364927,0.9,0,0,0
0.26692244,0.39830901944459246,3.066882991742246,0.7,2,0,2
0.4885697,0.38269354994507887,3.220804911251982,0.5,1,1,0
0.37356195,0.43809874746539584,3.0,0.8,1,0,1
0.47008952,0.4504849628470724,2.8876718403890336,0.9,0,0,0
0.2849443,0.40222768991290264,2.8798554875455857,0.9,1,1,0
0.45955575,0.3623696194130402,3.0607476884752547,0.8,0,1,-1
0.5420954,0.307347964312935,2.8798554875455857,0.9,1,1,0
0.42739436,0.44127258976682604,3.0,0.8,1,0,1
0.53814936,0.34782455236036647,2.8791474648822764,0.9,2,0,2
0.4650365,0.5167198689641028,2.851589553374487,0.9,0,0,0
0.41676497,0.37599860731326507,3.2094533656289497,0.8,1,0,1
0.51225615,0.23117388018862006,2.9967879635555583,0.9,1,0,1
0.38313305,0.4390323861662948,2.9736746195753727,0.8,1,1,0
0.37080032,0.4416651482329812,2.9414873698385327,0.9,2,1,1
0.3358037,0.3654831946297598,1.4353713907745331,0.6,1,1,0
0.44249117,0.43870624628671673,1.9258641224711837,0.9,0,0,0
0.37266746,0.4168063842728998,1.5754508105601306,0.9,2,0,2
0.4906584,0.4241787828453892,1.9766004603133172,0.8,1,0,1
0.5039062,0.3771030862014623,1.9546859469463558,0.6,4,0,4
0.39951298,0.4567891708090509,3.033347817037233,0.8,1,2,-1
0.51712614,0.37903805866315415,3.0436656279983034,0.9,1,1,0
0.49345434,0.4383417352258541,3.546228279328548,0.8,2,2,0
0.32485235,0.3677046670452964,3.060072034442961,0.7,2,2,0
0.4789899,0.45664007570550796,2.4882133434876996,0.9,1,1,0
0.539812,0.4091790469138352,3.2327245686717165,0.9,1,1,0
0.4017461,0.2370528387118061,2.9254241080832206,1.0,0,1,-1
0.44663143,0.3745688592288455,3.1595347260784035,0.9,1,2,-1
0.46268174,0.4105046404582208,3.038197365331599,0.9,0,0,0
0.44481084,0.40793663715657225,3.6959398521154365,0.4,2,1,1
0.4820416,0.28936596227039657,3.1553993115748957,0.8,2,0,2
0.4935202,0.30640333324364827,2.8723887561033687,0.9,0,0,0
0.4855547,0.44376958716155557,3.5271691184406184,0.4,0,0,0
0.40270114,0.3186821405252114,3.147191429566854,0.8,1,1,0
0.45631772,0.3158335257613462,2.9738513896100454,0.9,0,0,0
0.45329875,0.32478280702688994,2.95311500557286,0.9,0,1,-1
0.48603436,0.4104342864637188,3.2628392352891535,0.9,0,2,-2
0.47266665,0.3982605487432415,3.0717350271381694,0.9,0,0,0
0.34805956,0.3755270355382142,3.530493056757482,0.4,2,0,2
0.500504,0.3990275280537507,3.2960691426459237,0.7,2,0,2
0.33412755,0.3554557206611796,3.01867904060296,0.9,1,0,1
0.4978186,0.33742987484655346,2.9830749314332756,0.8,0,1,-1
0.46651477,0.4055840416643021,3.088710641914682,0.8,0,1,-1
0.45801106,0.3482010279830953,3.0290382064198607,0.8,0,0,0
0.3757308,0.4689690133790755,3.3253473296089178,0.7,0,0,0
0.43693814,0.3624542328859229,1.3663146570363986,0.9,0,1,-1
0.5640006,0.43108019340550935,2.7132102534458227,0.7,3,0,3
0.538844,0.3541602960377851,2.235296291301023,0.8,0,1,-1
0.3830797,0.3280609299594281,1.575114591410657,0.8,0,0,0
0.52282023,0.4085394286422179,2.2523826349302514,0.7,2,0,2
0.42818347,0.4345513179627976,2.776778210932318,0.9,0,0,0
0.4047508,0.2772238636085028,2.9738513896100454,0.9,0,0,0
0.47465646,0.35467044238323614,2.8798554875455857,0.9,0,1,-1
0.4965931,0.3530861602907783,2.851280912261904,0.9,0,0,0
0.46986428,0.33207750044886286,2.823490576469806,0.9,0,0,0
0.39680526,0.3716715987373391,1.7169171866886992,0.9,0,1,-1
0.2515922,0.4552756194831585,0.6500224216483542,0.5,1,1,0
0.4433693,0.42778855463892546,1.5656531116458186,0.7,1,0,1
0.44202644,0.38033189354899444,3.288678408771471,0.8,1,0,1
0.5103156,0.26863677952742343,1.8892464285091581,0.6,1,0,1
0.37172613,0.43633326970353203,3.2266976899842077,0.7,0,1,-1
0.43928444,0.39890095077853993,2.9919116689822096,0.9,1,0,1
0.47115234,0.45938921371720176,3.5292830169449667,0.4,2,1,1
0.47483322,0.3225561824476349,3.304225642575006,0.8,0,2,-2
0.58891535,0.3833165728910677,2.910850294564907,0.9,0,1,-1
0.55194014,0.2832998893436112,2.935595298614479,0.9,1,0,1
0.39482474,0.3861317475003483,1.2870540281187268,0.9,1,1,0
0.46679768,0.3527133977824419,2.211515855383576,0.8,1,0,1
0.47919637,0.40704241522096374,2.8234768596329824,0.9,2,0,2
0.43524924,0.4197064042073146,2.6674925305971176,0.7,1,0,1
0.5378074,0.37627559036835323,2.728948870365158,0.9,0,1,-1
0.56377596,0.38250901078298366,2.927607301917491,0.9,1,0,1
0.5073371,0.3570032952005024,2.941487369838532,0.9,0,1,-1
0.49018157,0.3886491949061805,2.941487369838532,0.9,0,0,0
0.5005758,0.23133553978548146,3.5849625007211565,0.4,3,0,3
0.51017666,0.30150120381283185,2.908173336682674,0.9,0,1,-1
0.40836772,0.4265791243893077,2.9793394888389986,0.9,0,0,0
0.4562999,0.42535005383420404,3.132996029863803,0.8,0,0,0
0.4340218,0.4006834487350369,3.0350849518197793,0.8,1,2,-1
0.4378315,0.3614062179909482,3.0310053222938818,0.8,2,0,2
0.4507213,0.418762584973612,3.5791036496284487,0.9,0,1,-1
0.4931089,0.4010054011763593,3.0094638501364916,0.9,0,0,0
0.29403886,0.43644545680231356,3.375044981512802,0.5,0,1,-1
0.38132665,0.4259892028270006,3.377135028187124,0.6,0,0,0
0.47748607,0.3638667346076224,3.1292830169449664,0.8,0,0,0
0.50708145,0.40444095501924915,2.9738513896100454,0.9,1,0,1
0.5134766,0.12313337096980852,2.921981709849717,0.9,0,0,0
0.51154166,0.389770621167102,2.9760445887757307,0.8,1,0,1
0.5849249,0.18162036775911905,3.423533209849189,0.5,2,0,2
0.48539594,0.3224308788880689,3.075547047827194,0.9,0,1,-1
0.482142,0.3735552281041215,3.4386272206886006,0.7,1,0,1
0.42383876,0.42367849353277115,3.302171752826402,0.8,0,2,-2
0.41170943,0.35672734595534505,2.9757759036595943,0.9,2,1,1
0.4571392,0.3690687233764147,3.2397650593580742,0.9,0,1,-1
0.46991664,0.34244504956005883,3.4155471635693315,0.8,0,1,-1
0.48331586,0.43691665409306873,2.728948870365158,0.9,0,1,-1
0.4291414,0.4469749113737065,2.9830749314332756,0.8,1,1,0
0.559679,0.3645013741652576,2.9517379642094483,0.9,2,0,2
0.4665848,0.1452546428929921,3.0530201924480456,0.7,0,0,0
0.40730283,0.4088955708805968,3.1069367321753214,0.8,1,3,-2
0.36239347,0.2408934908233339,3.2479275134435848,0.8,0,1,-1
0.49460712,0.3630070348958016,3.064091781630016,0.8,1,0,1
0.4306432,0.37901270264881187,3.176777977811591,0.8,0,0,0
0.51357526,0.3783842876266697,3.122671397306303,0.9,2,0,2
0.4786812,0.25324762707212434,3.2516188243689137,0.8,1,0,1
0.36392343,0.4519553771535091,3.623516641218015,0.4,0,1,-1
0.3747591,0.4367449157847296,3.0295519634006656,0.9,0,0,0
0.3606263,0.2809895504580876,2.8690954395801547,0.9,0,0,0
0.4567847,0.4480401795866663,3.0,0.8,0,0,0
0.5307974,0.4067731817686487,3.1682958340544896,0.8,3,0,3
0.5187783,0.2516766623971291,3.320626762407639,0.7,2,0,2
0.4175212,0.4027960104211656,3.1600581915675505,0.9,0,3,-3
0.48612326,0.3284338053719768,2.8638263900908156,0.9,0,0,0
0.42326617,0.37892498625978194,2.913452314834227,0.9,0,0,0
0.4336981,0.47575153944034543,3.20945336562895,0.8,1,1,0
0.48910892,0.3655041695235836,3.0746987351738495,0.8,1,1,0
0.38288057,0.487512969181039,3.405764584655454,0.4,0,0,0
0.25838533,0.44601651383164853,3.5055919968905505,0.5,0,1,-1
0.43779433,0.3573774387022438,3.184183719779189,0.8,0,1,-1
0.46289444,0.44067822428245085,3.0295519634006656,0.9,0,1,-1
0.40706325,0.43328615121491587,2.927607301917491,0.9,0,3,-3
0.4838179,0.3253797752519791,3.1044111925555398,0.9,1,0,1
0.46332273,0.4228590211641945,3.0723279884492225,0.8,2,0,2
0.43923667,0.48095769671463534,2.823490576469806,0.9,1,0,1
0.40306464,0.34301491010785856,3.1339198250586535,0.7,1,1,0
0.48018378,0.38025004683065183,2.8464393446710154,0.9,0,0,0
0.36360958,0.3332418312281403,2.621928094887362,0.8,1,1,0
0.4889563,0.33928595027555025,2.819048439318099,0.9,1,1,0
0.47537056,0.38595129654577726,3.1043474893320875,0.7,0,0,0
0.44112024,0.3370381288478075,1.7534343861887849,0.8,0,0,0
0.4684102,0.5062568556099447,3.2716492774403854,0.9,2,0,2
0.28052366,0.35204734983967584,3.1136495655936938,0.8,1,1,0
0.31858444,0.45519333335322587,3.3729205036561054,0.6,0,1,-1
0.40750915,0.4135544107336672,2.9941327865521297,0.9,1,1,0
0.37544978,0.3564965092952482,3.0395247346217853,0.9,2,1,1
0.4574975,0.4131005437957575,3.066532536373009,0.9,0,0,0
0.39117625,0.4214910680099025,2.9793394888389986,0.9,2,1,1
0.45962733,0.3496277269179167,3.066532536373009,0.9,0,0,0
0.5193426,0.454045697656809,3.066532536373009,0.9,2,0,2
0.45278403,0.44209782985894763,2.9793394888389986,0.9,0,0,0
0.49010548,0.31909098157647764,2.93712422423559,0.9,1,0,1
0.4637608,0.37340354329156067,3.1147869792568117,0.9,1,0,1
0.36274028,0.49735115313052025,3.514073475001908,0.5,0,3,-3
0.5030486,0.39297589938677435,3.2156169311911698,0.8,2,0,2
0.44381982,0.4107730474345658,3.053129141273489,0.9,0,1,-1
0.44421437,0.340436245893337,3.4504696892422233,0.5,2,0,2
0.45947337,0.31674606569154234,2.9333760404085045,0.9,1,1,0
0.47696173,0.32784800556835486,3.1141594451455146,0.9,1,0,1
0.4465479,0.3348767273758728,3.066532536373009,0.9,0,1,-1
0.54734904,0.39513377068045746,2.9830749314332756,0.8,0,0,0
0.4980035,0.47208248798899605,3.3153441185717374,0.9,0,0,0
0.4176065,0.42661623477255267,3.667601311512057,0.7,1,1,0
0.39974403,0.42782683629399587,3.546287891082477,0.9,2,1,1
0.4793901,0.2929974754758164,3.665252611310916,0.7,2,1,1
0.35004905,0.256502558109376,3.6691495884742644,0.7,1,0,1
0.5125598,0.3711329710091273,2.8325643255913557,0.95,0,0,0
0.4547822,0.4168595269077039,2.908173336682674,0.9,0,0,0
0.43005416,0.34211159840095445,2.947056898478542,0.7,0,0,0
0.41425663,0.3423953805765039,3.0350849518197793,0.8,0,0,0
0.46058127,0.29827221113770624,2.9081733366826743,0.9,1,1,0
0.51753366,0.4769492353327095,3.2102547939499475,0.9,0,2,-2
0.4259426,0.34409992888227636,2.823490576469806,0.9,0,1,-1
0.4851705,0.4008666237178924,3.3003689175909527,0.5,2,1,1
0.3986455,0.504261949140009,2.941487369838532,0.9,1,1,0
0.60118544,0.321745012424086,2.9300191536916556,0.8,1,0,1
0.474182,0.3245757417880416,3.0098313178768517,0.9,1,1,0
0.5568801,0.32229773781632653,3.2401427112057983,0.8,3,0,3
0.37681374,0.33689904942416815,-0.0,0.0,0,1,-1
0.43827057,0.4363603054919158,3.623516641218015,0.4,2,0,2
0.49789047,0.4383214048559233,2.9738513896100454,0.9,1,0,1
0.49190575,0.36125619184197527,3.1922906200019767,0.8,1,0,1
0.5342511,0.34651425630819144,3.0717350271381694,0.9,0,0,0
0.48695168,0.3789928221821542,3.0621735653919635,0.9,1,1,0
0.44633445,0.35842019827132754,3.1542221846835226,0.8,0,2,-2
0.39520037,0.38014821200536325,3.0773960049873907,0.9,1,0,1
0.46107337,0.3779333338238982,2.908173336682674,0.9,1,1,0
0.38668355,0.42239573524778307,3.0939422602619,0.7,0,1,-1
0.45379663,0.34674936090153785,2.892509260861829,0.9,0,0,0
0.3063203,0.2798810452630624,3.469240782172284,0.4,0,0,0
0.46848714,0.438112221575617,3.1405219626825924,0.7,1,1,0
0.4161228,0.474375798310498,3.394041600990037,0.7,1,1,0
0.45423472,0.3730410119668296,3.6004323025356255,0.4,1,1,0
0.36358678,0.3586436454088611,3.186392934223819,0.8,1,1,0
0.4528084,0.38454815775981893,3.1958468151117168,0.8,0,1,-1
0.5178756,0.362439307923356,3.229275070710713,0.8,1,1,0
0.6197283,0.2193962250975598,3.546098960174848,0.8,1,0,1
0.3975338,0.4988109309750856,3.517672389614489,0.8,1,1,0
0.4005846,0.4430946190024962,3.4162947024504846,0.7,0,1,-1
0.49529445,0.3706064040323639,3.4112922659936675,0.9,1,0,1
0.51118964,0.46777598940862963,3.5637169871277954,0.8,0,0,0
0.44093022,0.402143351231812,2.9638561897747246,0.8,1,1,0
0.5504855,0.36452851178907103,3.0550771152950107,0.9,0,1,-1
0.31538847,0.424657612517102,4.058813890331201,0.1,1,1,0
0.4644504,0.32389534839383083,2.941487369838532,0.9,1,1,0
0.43121007,0.44230444643577177,3.0212406251802895,0.9,0,1,-1
0.41159785,0.41400044243107165,3.066532536373009,0.9,2,1,1
0.5072378,0.3705435247597852,2.8515895533744864,0.9,1,1,0
0.35630772,0.44218445847193116,3.4227750662613374,0.5,1,1,0
0.4913404,0.38138500252272445,3.2208049112519817,0.5,0,1,-1
0.45812812,0.45117347912650313,3.090347275584621,0.7,0,1,-1
0.45865777,0.3329416863639795,3.203401422994438,0.9,1,0,1
0.47688493,0.3455451443450741,3.006051959488611,0.9,1,0,1
0.55163866,0.35924850440472844,3.0205943566743216,0.9,1,1,0
0.493041,0.3357527974150113,3.2237617235577507,0.6,0,1,-1
0.38418564,0.44924070917420617,3.270778209874187,0.6,1,1,0
0.55639577,0.38508021970911,3.25120688307844,0.8,0,2,-2
0.5030033,0.43949902974055394,3.2496535001674274,0.9,1,1,0
0.48294464,0.3503653409842851,2.8791474648822764,0.9,0,1,-1
0.3380379,0.3874674240436288,3.1301249653149705,0.7,1,1,0
0.4546003,0.38022268018980004,2.99829757027802,0.9,0,1,-1
0.5030911,0.286749759178039,2.848102070191481,0.9,0,1,-1
0.48408806,0.4224247862001945,3.0382975702780195,0.9,2,1,1
0.38488358,0.38334979173057787,2.7061317539583296,0.9,0,1,-1
0.48647428,0.4093435209986337,2.9705730958116843,0.8,1,1,0
0.40492246,0.3702710749144941,2.736402118047212,0.7,0,2,-2
0.5284595,0.3154625225560893,3.079245214431432,0.8,0,0,0
0.4715429,0.40598390458242833,3.017242201464187,0.9,0,2,-2
0.39622077,0.3387853798678597,3.2706697669878895,0.9,2,2,0
0.38127914,0.30075451369727907,3.227996296874364,0.6,1,1,0
0.41053322,0.3759790017757697,2.9736746195753723,0.8,0,0,0
0.39961082,0.3698325018619227,3.320626762407639,0.7,1,0,1
0.45383456,0.42285004490638795,3.0161506484543548,0.8,1,0,1
0.5016329,0.42130116747169577,3.051163817323444,0.8,1,2,-1
0.45145133,0.4300420291896301,3.169925001442312,0.8,0,2,-2
0.50994664,0.39856632128797403,3.0418521727751227,0.9,0,0,0
0.32765323,0.29125311900031847,3.33400498835936,0.5,2,0,2
0.47053307,0.41169083334053186,3.321928094887362,0.8,0,0,0
0.48003635,0.2841480328348273,3.336361124898745,0.9,1,0,1
0.4354857,0.3256195039382747,3.0621735653919635,0.9,0,0,0
0.49152908,0.3279603322226119,3.1339198250586535,0.7,1,0,1
0.2980317,0.4182773140972702,3.271546960000904,0.7,0,0,0
0.3406286,0.41584719554649724,2.973851389610045,0.9,1,0,1
0.40693775,0.4841805017738444,2.9986681079564357,0.9,0,0,0
0.46313572,0.46127345221702665,3.029953590662722,0.8,1,2,-1
0.52907246,0.34678894929224785,3.066615216738451,0.8,0,0,0
0.36094186,0.3873527368747574,3.1812056673346514,0.7,0,2,-2
0.43363467,0.35383223836593675,3.210682694488463,0.6,1,0,1
0.4395935,0.3608643137868795,3.1541297414562584,0.9,0,1,-1
0.47339347,0.39333110093079815,2.910850294564907,0.9,0,0,0
0.48909932,0.4298179246667728,3.1820404473302557,0.8,1,0,1
0.29368398,0.3705506078310355,2.9414873698385327,0.9,0,0,0
0.47202393,0.3845557189209246,2.944452798531527,0.8,0,1,-1
0.5370285,0.4110335553333813,3.168017990402103,0.8,2,1,1
0.50742614,0.47334119336163866,2.776778210932318,0.9,0,1,-1
0.46972287,0.43551975852772445,3.0808978136193588,0.8,1,0,1
0.38339427,0.2946823348770705,3.0,0.8,1,0,1
0.4281517,0.32640839361723756,2.8311845963584887,0.8,0,0,0
0.4625472,0.3455762956319233,2.823490576469806,0.9,1,0,1
0.51726747,0.3209079048987304,2.885174447128411,0.8,0,0,0
0.28437617,0.4906746246825925,3.072140159802109,0.8,0,0,0
0.44629434,0.4355482219564182,3.756198332810095,0.8,3,0,3
0.34100673,0.3940174486234451,3.114786979256811,0.9,2,1,1
0.518994,0.28209386231690214,3.3988021471889165,0.9,3,0,3
0.35625708,0.42304850437401303,3.3034651896016474,0.4,1,1,0
0.4478625,0.3955973559240809,3.153325431342923,0.9,3,2,1
0.29536298,0.5015623459495423,-0.0,0.0,1,0,1
0.38294938,0.3622403966924864,1.2717822215997983,0.8,0,0,0
0.4818195,0.3794953890657894,1.7806390622295662,0.8,0,1,-1
0.48380125,0.4280118093157174,0.9402859586706311,0.9,0,0,0
0.47143102,0.35891670393608266,1.5466316153937778,0.8,1,0,1
0.4314345,0.32241082027606127,2.994265488771674,0.9,0,2,-2
0.3854747,0.3858175363895412,3.0114932034009665,0.7,0,1,-1
0.3030719,0.3189268372525986,2.9081733366826743,0.9,0,1,-1
0.3916074,0.4589881176449716,3.273219672335508,0.5,1,1,0
0.4741906,0.4443197660974951,3.1087813061987752,0.8,1,0,1
0.4493374,0.39755423055470085,3.3003980873087997,0.7,0,2,-2
0.49532726,0.3906624494580379,2.9776594429558196,0.9,0,1,-1
0.49030253,0.4290985282072198,3.0621735653919635,0.9,1,0,1
0.52746135,0.3681562702715934,2.92577063413983,0.8,0,0,0
0.49617878,0.3158065401996786,2.910850294564907,0.9,0,1,-1
0.23508732,0.3151814618424459,-0.0,0.8,2,0,2
0.3382399,0.39197290224265613,-0.0,0.7,0,0,0
0.41595346,0.39635396009161716,0.9967916319816367,0.8,0,0,0
0.5384783,0.27455761569019393,1.544024096481951,0.9,0,1,-1
0.47550607,0.32712207919375347,0.9402859586706311,0.9,0,1,-1
0.48705593,0.438730599996401,3.1944806448504592,0.5,0,1,-1
0.43950966,0.34904737082494547,3.02544195406668,0.9,2,0,2
0.5249132,0.4758429969878596,2.8272085933443494,0.9,0,0,0
0.4278587,0.24636132066924782,3.0996660963841594,0.9,0,0,0
0.3947096,0.3256474204295863,3.0844178650011354,0.7,2,3,-1
0.48924306,0.44054139807618137,3.09117192688693,0.9,2,1,1
0.43439338,0.35755173107923294,3.028991962451992,0.8,1,1,0
0.53160536,0.40084248510927506,3.289569151839158,0.6,0,0,0
0.40187436,0.47540518374155655,3.1493670009116306,0.7,2,1,1
0.48778403,0.2955011094810556,3.0717350271381694,0.9,2,0,2
0.58176196,0.16031369005222282,3.119830238004583,0.8,0,0,0
0.3977126,0.30868219825400717,3.029718999913361,0.8,0,1,-1
0.3141625,0.310515634671849,-0.0,0.1,1,0,1
0.45178524,0.47250656042757283,3.1377618519913746,0.9,0,0,0
0.4745681,0.27094226610837435,3.051797911398424,0.8,2,0,2
0.45360944,0.4529396960399551,3.405152233310935,0.8,2,1,1
0.57347566,0.4544420454598646,3.3784841707700526,0.9,2,1,1
0.42130697,0.3149806381932182,3.3360911665568698,0.8,0,0,0
0.4439146,0.3634608292392497,3.177929637091621,0.8,0,2,-2
0.47627786,0.18309282393081652,3.259991029008328,0.8,2,0,2
0.46715915,0.3485625906087362,2.822683189255492,0.9,0,0,0
0.3932321,0.4974777175616336,3.2307762948675878,0.7,0,1,-1
0.4324017,0.37618721389983956,2.9131663031305894,0.9,0,0,0
0.41618988,0.3748534661955829,2.927607301917491,0.9,2,1,1
0.48917502,0.4178642966693606,2.9738513896100454,0.9,0,0,0
0.47991574,0.4010989123815039,3.313701947116843,0.9,0,0,0
0.42701465,0.4359853687809137,3.332179626699464,0.8,1,3,-2
0.47225747,0.3643031844830953,3.378944170973673,0.9,2,1,1
0.42758372,0.4941676290518814,3.8095608142862885,0.5,0,0,0
0.4010498,0.45079180616064135,3.197883797818737,0.9,0,1,-1
0.48053274,0.38286471454688414,3.1352701614643705,0.9,0,1,-1
0.4648455,0.4183938173658766,3.1352701614643705,0.9,1,1,0
0.4309656,0.4440358029395649,3.057008141112245,0.9,0,0,0
0.49727777,0.38712861452340475,3.066153568032656,0.9,2,0,2
0.45866627,0.48913821924412026,3.1445424280136605,0.9,1,0,1
0.36577412,0.383508472492576,2.8515895533744873,0.9,1,0,1
0.4177078,0.42609919104947863,2.933376040408504,0.9,1,2,-1
0.49591306,0.4153975333095597,2.8876718403890336,0.9,2,0,2
0.4114846,0.3764214373606381,3.123441559818299,0.8,0,1,-1
0.5386925,0.32884222953851855,3.0923142370125563,0.9,0,0,0
0.33426955,0.4243853186514095,1.792481250360578,0.3,1,0,1
0.39085403,0.36885901588341613,1.7500499304347517,0.9,0,0,0
0.45265704,0.4036363593603044,2.0985798617120746,0.9,0,1,-1
0.4651004,0.3630018782475781,2.376717193094392,0.8,0,0,0
0.45659676,0.4711158440632924,2.1258145836939115,0.4,0,2,-2
0.4606883,0.26450203928240773,3.1981864313138506,0.8,1,0,1
0.46400604,0.33704455293694785,3.1760506863040825,0.9,0,1,-1
0.43981698,0.3667804358866018,3.098213749794806,0.9,1,0,1
0.44653404,0.3368360320189177,3.382340239749248,0.8,0,0,0
0.5355954,0.413059372511489,3.3170554843028497,0.9,1,1,0
0.41706353,0.344865437878903,3.173785595221648,0.9,0,1,-1
0.4447686,0.5259597316020332,2.8690954395801547,0.9,1,0,1
0.476824,0.3776578183896061,2.9276073019174915,0.9,0,0,0
0.4335489,0.471076632575735,2.92577063413983,0.8,0,1,-1
0.47921467,0.3777105047915109,2.9198424548813366,0.9,0,1,-1
0.38961938,0.4442983954215579,3.0575063969967093,0.8,2,0,2
0.49242344,0.41304779187790736,2.967438430724948,0.8,0,1,-1
0.41434726,0.308475402099909,2.8678930955604414,0.9,0,0,0
0.5145056,0.42279862222268383,2.9208322930948003,0.8,1,0,1
0.52395546,0.394623568004152,2.989182936554447,0.9,0,0,0
0.35448673,0.39753098273752974,0.9612366047228759,0.8,1,0,1
0.3963822,0.4232088912773674,1.5537631144722455,0.8,0,0,0
0.46173745,0.3902513699725884,1.574331785544523,0.9,1,1,0
0.5416979,0.46186407627838494,1.5379841082136025,0.9,0,0,0
0.41348276,0.360510950483765,0.9975025463691152,0.9,0,1,-1
0.5529722,0.46451646229388754,3.039259108777986,0.9,2,0,2
0.44209668,0.34390414090079713,3.2688538376159997,0.5,1,0,1
0.47646254,0.41779885084107893,3.3205948239589467,0.7,0,1,-1
0.39263302,0.27822805994380795,4.011365041826379,0.1,1,1,0
0.45547923,0.25460629813708807,3.471354487013929,0.4,1,1,0
0.54551715,0.26133517266388595,3.2815874998801746,0.9,2,0,2
0.4538152,0.2918841078301823,3.1055872616982603,0.9,1,0,1
0.41264468,0.3520162648264713,2.941487369838532,0.9,0,0,0
0.31527203,0.45143906153680746,2.941487369838532,0.9,0,1,-1
0.47467148,0.34659624093504143,3.028991962451992,0.8,0,1,-1
0.45119503,0.3388759456755597,3.2535532089563515,0.9,2,0,2
0.48993406,0.3797610707212443,3.169925001442312,0.8,1,0,1
0.51570815,0.45640048274683254,3.110207059327665,0.8,1,0,1
0.47178787,0.45799611467912454,2.9276073019174915,0.9,0,1,-1
0.5490229,0.33856401121316326,3.1346692352590315,0.9,0,1,-1
0.20415422,0.34648711200679055,2.776778210932318,0.9,1,0,1
0.47607386,0.415259643894169,2.8234905764698066,0.9,0,0,0
0.4933694,0.248019289482079,3.1081396909842356,0.9,1,0,1
0.3165954,0.3574489679040766,2.9081733366826743,0.9,0,1,-1
0.48170513,0.38785008927741016,2.9728488200423997,0.9,0,0,0
0.30769578,0.2891916862111277,0.8904916402194913,0.9,3,0,3
0.425835,0.35450658827685666,1.8629771995391555,1.0,0,1,-1
0.3786276,0.3255828336455785,0.9975025463691152,0.9,0,0,0
0.3555297,0.3614372239129601,1.4772170014624824,0.8,2,1,1
0.47491226,0.39856488270974766,1.888102070191481,0.9,0,0,0
0.4817298,0.41142979583587314,2.9518387305144014,0.7,1,0,1
0.34454438,0.4677436213769965,2.941487369838532,0.9,0,2,-2
0.4807696,0.43717681513648005,2.8798554875455857,0.9,0,1,-1
0.35082766,0.3456075371197881,2.9830749314332756,0.8,1,0,1
0.5097902,0.40349716463564367,3.0887793473613607,0.8,0,2,-2
0.49418777,0.30720297886741404,2.9578636660572015,0.8,0,0,0
0.5271215,0.3755169377354082,1.5744174271404585,0.7,1,0,1
0.51198924,0.3793041709111652,2.6684434540079476,0.8,1,0,1
0.54908365,0.3754350196137173,3.0961041752669622,0.8,0,0,0
0.38989842,0.2996389941611777,2.0347090892393824,0.8,0,0,0
0.5130937,0.3548628670077656,1.8955734405551428,0.9,1,0,1
0.41681612,0.3654231859292458,1.54515313983491,0.9,0,1,-1
0.598151,0.25348562090519344,2.272881446481777,0.9,1,0,1
0.3194829,0.43067675416655293,0.9612366047228759,0.8,1,1,0
0.38465074,0.4161158317143221,1.9635737375229578,0.9,2,0,2
0.5260888,0.3943065852035224,2.8955933144511468,0.9,0,0,0
0.41187027,0.3948562425891339,2.9333760404085045,0.9,1,0,1
0.39252803,0.4111615558566792,3.068188697692067,0.9,1,1,0
0.5093594,0.40587091306435463,2.953082298765522,0.9,0,0,0
0.35575786,0.37865849389551404,4.058813890331201,0.1,2,1,1
0.4186134,0.45737849530971786,3.3432894453927675,0.8,0,2,-2
0.46700132,0.3497662568256916,3.192487689168953,0.9,1,0,1
0.38856316,0.4594621769940989,3.5501918373879415,0.9,0,2,-2
0.4645882,0.3984489303814846,3.1143970832655024,0.9,0,0,0
0.4499877,0.44619913398723604,3.438056354120228,0.9,0,0,0
0.526918,0.4040585922587998,2.8876718403890336,0.9,1,0,1
0.37929168,0.3622152341583351,2.8851204539117536,0.8,0,1,-1
0.48968217,0.31268969749587266,3.278521544014796,0.8,0,0,0
0.18832119,0.4885076702597278,2.7688538376159997,1.0,1,0,1
0.46169376,0.3879383487037171,3.028991962451992,0.8,0,0,0
0.4272197,0.30975290678886036,2.823490576469806,0.9,0,0,0
0.5078873,0.4606871968102131,3.11890288900027,0.9,1,1,0
0.5362019,0.32974275805230635,2.95718034030284,0.9,1,0,1
0.4262392,0.29751691355867355,2.95718034030284,0.9,0,0,0
0.46532974,0.35281704020645605,3.566952218640354,0.4,1,0,1
0.4825452,0.23176550143428432,3.005758675304829,0.8,1,0,1
0.451093,0.37855309157371014,3.2231672484149883,0.8,1,1,0
0.51012605,0.44207467058924704,3.141863576756562,0.9,3,0,3
0.43569234,0.33336450476643986,2.8798554875455857,0.9,1,0,1
0.48314625,0.4092375487428154,3.066615216738451,0.8,0,0,0
0.51705146,0.3951233245619278,3.2290704069068448,0.8,0,0,0
0.4000153,0.4558911538353974,2.9738513896100454,0.9,0,0,0
0.4831732,0.34067218925816656,3.5374442675189908,0.5,2,1,1
0.39641902,0.5108298406350655,3.625367858065551,0.4,1,1,0
0.34050673,0.3535568892682355,3.087462841250339,0.8,2,1,1
0.5056316,0.29952427758449995,2.9967879635555583,0.9,0,0,0
0.3771834,0.41517230953618955,3.273219672335508,0.5,1,0,1
0.40775546,0.3487383596619371,3.072332979622968,0.9,0,0,0
0.5241586,0.34045995884179836,3.247927513443585,0.8,0,1,-1
0.47738847,0.35575967820525056,2.979339488838998,0.9,1,1,0
0.515664,0.30392775739293487,3.0140910890554236,0.8,0,0,0
0.4080573,0.49156535459509243,3.1147869792568117,0.9,2,0,2
0.4797273,0.34705625029026593,3.028991962451992,0.8,0,0,0
0.52345026,0.37325600157049243,3.0621735653919635,0.9,0,1,-1
0.40939152,0.42736410458684176,3.0077174691301485,0.9,1,1,0
0.52703506,0.3132932511234353,3.697159723424149,0.8,1,1,0
0.44726592,0.4369357774835727,3.5215963831787414,0.9,1,1,0
0.42797697,0.27484462120908654,3.258615503974339,0.9,1,0,1
0.41428325,0.40233739179316025,3.571527784112275,0.8,0,2,-2
0.5598677,0.3527482046611406,3.6421498816369047,0.8,2,0,2
0.4846145,0.3619629017117448,3.133731420642133,0.8,1,0,1
0.3980679,0.4518717290981056,3.0212406251802895,0.9,2,0,2
0.35170788,0.467850286310022,3.079271449187691,0.6,1,0,1
0.53797704,0.2876367558418675,3.107566076688994,0.9,2,0,2
0.4248768,0.4656625534659926,2.9681666405523326,0.9,0,2,-2
0.49379772,0.4763987285249614,3.455381053123411,0.9,2,3,-1
0.46836713,0.4550006118967252,1.5216406363433181,0.8,0,0,0
0.45177096,0.4496073837326539,2.698935871321564,0.9,1,0,1
0.47461703,0.3147563211789283,2.562616778534694,0.9,1,0,1
0.5197102,0.2666169600027213,2.275431601001136,0.9,2,0,2
0.32837558,0.3586731950954527,2.2601768947104945,0.7,1,0,1
0.41883552,0.35925192265363703,2.0985798617120746,0.9,3,0,3
0.4807175,0.32327442687874924,0.6840384356390418,0.9,0,0,0
0.31969547,0.35998982244315,2.668295834054489,0.8,1,2,-1
0.23321304,0.323370630982866,1.7763318528003076,0.9,0,0,0
0.4680828,0.33130025140253305,3.0284303081421022,0.8,1,0,1
0.3870989,0.49251150670719235,2.8851204539117536,0.8,1,0,1
0.3822239,0.44684954057422893,2.8311845963584887,0.8,0,1,-1
0.5113294,0.36640792452185306,3.249610970338274,0.8,1,0,1
0.31191933,0.43841515782380536,2.8798554875455857,0.9,1,0,1
0.3719232,0.4196924919881312,3.288884070537636,0.6,1,1,0
0.42506063,0.44646300838622954,3.108515414334331,0.9,0,2,-2
0.5229597,0.4098511502969022,3.1991405052695785,0.8,0,0,0
0.47407097,0.3580687648847714,3.1620333306993467,0.8,0,1,-1
0.53374034,0.2950634679366056,3.546846589342405,0.4,1,0,1
0.3881098,0.3777765412743551,3.0350849518197793,0.8,1,0,1
0.44647583,0.4398952935267683,2.933376040408504,0.9,1,1,0
0.3696373,0.3233631021316284,2.908173336682674,0.9,0,1,-1
0.38308758,0.462433096615266,3.1087813061987752,0.8,1,0,1
0.451501,0.4027435247367328,2.928439190827718,0.8,3,0,3
0.40942588,0.38793186222725984,3.2389521983829237,0.8,1,1,0
0.39509353,0.3872637027834298,3.1346692352590324,0.9,1,0,1
0.4975748,0.44261340630799123,3.0485634360323997,0.9,1,0,1
0.45535743,0.3326883884366505,3.1395488914336607,0.9,1,0,1
0.39993304,0.35353781276913543,4.021928094887363,0.1,1,1,0
0.31877092,0.4614463142506049,2.8798554875455857,0.9,0,0,0
0.45455346,0.42209953695620706,2.9219817098497165,0.9,1,0,1
0.5156422,0.39813522727095796,4.087462841250339,0.05,2,0,2
0.5137375,0.41637685255696394,2.8791474648822764,0.9,0,0,0
0.46942818,0.3380015678976815,2.823490576469806,0.9,0,0,0
0.37807393,0.420135736553124,2.933376040408504,0.9,1,0,1
0.5218842,0.4173031330024191,2.8559585804392404,0.9,0,0,0
0.5247429,0.3653637818880529,2.9333760404085045,0.9,0,1,-1
0.3796503,0.5112547373008749,2.9414873698385327,0.9,1,1,0
0.35728985,0.38017085022478525,3.1209043504552723,0.7,0,0,0
0.51773506,0.3953334651044963,3.3933010736016374,0.8,1,2,-1
0.50608134,0.3769838479579916,2.822683189255492,0.9,0,1,-1
0.42452568,0.3876894846151576,3.2676013115120566,0.7,2,1,1
0.38596162,0.3695572652147414,3.1722336752199873,0.8,0,0,0
0.38157433,0.4249729107557508,3.0943105139035287,0.9,0,1,-1
0.52595633,0.3118548074354926,3.0443941193584534,0.8,0,1,-1
0.49663642,0.35833693186173254,2.8798554875455857,0.9,0,0,0
0.4490272,0.43954552884863607,2.973851389610045,0.9,0,2,-2
0.3063653,0.4904860932093309,3.044394119358454,0.8,0,1,-1
0.47780812,0.49064834848744143,2.867353772834994,0.9,0,1,-1
0.49725685,0.45977202671383877,3.3736478481452,0.9,0,0,0
0.4492351,0.37782145862817995,3.010365921862549,0.9,1,0,1
0.41423637,0.33294917820520425,3.238920595031594,0.9,1,1,0
0.41618747,0.35195386296952297,4.037401197654112,0.1,2,0,2
0.48786148,0.38722534399079545,3.133975800509341,0.9,0,1,-1
0.37504187,0.41965938305903994,3.0817892437588927,0.8,0,1,-1
0.4067199,0.43815091518071353,3.0513050676011337,0.7,0,2,-2
0.46327785,0.41537217888342554,3.255115598580839,0.9,1,1,0
0.48675424,0.4109885524479093,2.9575050942752905,0.9,1,1,0
0.48641574,0.3920056488728731,3.0577968115985956,0.8,0,1,-1
0.38303646,0.38253313461450433,3.0151831553653174,0.9,0,0,0
0.55105054,0.35990286370246893,3.3695027314271107,0.9,2,0,2
0.41051525,0.3583103313453461,3.122012794398487,0.9,0,0,0
0.48130664,0.4730273133025014,3.070457968592002,0.9,0,2,-2
0.4778299,0.324200492081613,3.2494037367915527,0.9,0,1,-1
0.42268875,0.43261484676993256,2.973851389610045,0.9,1,0,1
0.38758022,0.4650732105598356,3.239353872167201,0.7,1,1,0
0.35663527,0.4254612665203301,2.9813597135246597,0.8,0,1,-1
0.43848887,0.43143988543691686,3.0723279884492234,0.8,1,1,0
0.516921,0.4510881750151001,2.910850294564907,0.9,0,1,-1
0.40820178,0.2986755729209315,3.0119863654201846,0.95,1,1,0
0.47247514,0.4282698366634526,3.0595608142862885,0.8,0,0,0
0.4121505,0.4439785693216199,2.921981709849717,0.9,0,1,-1
0.44118062,0.4665087385468907,3.137263245005785,0.8,2,0,2
0.42603332,0.388953034840255,2.8851204539117536,0.8,0,0,0
0.5460433,0.3123631366193362,2.907141846237823,0.9,0,0,0
0.5404337,0.3942744071947569,2.862055982863382,0.9,0,0,0
0.5051749,0.3221244666575332,2.913452314834227,0.9,0,0,0
0.46739239,0.38969269676409,3.1292830169449664,0.8,0,0,0
0.52647275,0.4379207637157045,2.913452314834227,0.9,2,1,1
0.42496997,0.43651720610681577,3.1748008763572906,0.8,2,0,2
0.44544423,0.33219104589212434,2.5337712560645578,0.8,1,0,1
0.38445377,0.41162441042970777,2.5654483718208256,0.4,0,3,-3
0.32706302,0.4807166424623972,1.7273966735744792,0.6,1,0,1
0.39565232,0.43885844175782746,2.3677946899553195,0.7,0,0,0
0.50597316,0.47913342703074746,3.632442988690952,0.4,0,3,-3
0.3796691,0.3074515939474728,3.1595347260784035,0.9,2,1,1
0.18674958,0.4700040306244179,3.5506551812150375,0.4,1,1,0
0.45323613,0.3496615704110764,2.98245300165137,0.8,0,1,-1
0.5217235,0.38253948197747023,3.1669775462548913,0.9,1,0,1
0.5468593,0.3565583296403722,3.066532536373009,0.9,0,0,0
0.42461425,0.3360711676512156,3.0,0.8,1,2,-1
0.45202485,0.450902667598434,2.8851204539117536,0.8,0,0,0
0.4985346,0.463431901827467,3.058598000183521,0.7,0,2,-2
0.4832866,0.3826723103702565,2.8851204539117536,0.8,1,1,0
0.37875614,0.2715839797141772,3.1069210282780264,0.9,0,0,0
0.50465757,0.36409137463461433,2.8272085933443494,0.9,0,0,0
0.40629166,0.39894904589768126,2.823490576469806,0.9,0,0,0
0.31185105,0.29139795213704484,2.8851204539117536,0.8,1,1,0
0.5137343,0.5040445448981643,3.0322682296173897,0.8,0,0,0
0.39417145,0.40795012040070655,3.0329440206159575,0.9,0,0,0
0.43959102,0.29853792212240055,3.157313915025381,0.7,0,0,0
0.4181356,0.48109897302107035,3.0212406251802895,0.9,0,0,0
0.475047,0.38503781670323434,2.933682142389265,0.9,1,1,0
0.48163962,0.41219529012772854,2.872253928364927,0.9,0,1,-1
0.5401887,0.38407596225862234,3.0,0.8,0,1,-1
0.45570186,0.37543900847096506,2.776778210932318,0.9,0,1,-1
0.45451722,0.3100052753818898,3.090347275584621,0.7,1,0,1
0.41280925,0.4449363041183683,3.090347275584621,0.7,1,0,1
0.26045522,0.3633948132798313,2.9300191536916556,0.8,0,2,-2
0.4646922,0.2897490355307917,3.0523666852826827,0.9,1,0,1
0.46602127,0.3246352317967892,2.8512809122619043,0.9,0,1,-1
0.46587268,0.4868688483588117,4.087462841250339,0.5,2,2,0
0.45793664,0.41118521368775734,3.281599375069373,0.9,0,1,-1
0.5333292,0.3099844515107644,3.192211020728361,0.8,2,0,2
0.46629444,0.2665565638423236,3.097510692690918,0.8,0,0,0
0.4708389,0.31266432904340735,3.0234651896016467,0.8,2,0,2
0.36153412,0.3433698176134688,3.160498429173806,0.7,0,1,-1
0.3700837,0.4912773895964868,3.459263266685322,0.5,0,1,-1
0.47645786,0.45784924554888035,2.8876718403890336,0.9,1,0,1
0.49951607,0.3604606611139584,3.197195065129892,0.9,1,0,1
0.57209074,0.27395573201441126,2.9986681079564352,0.9,1,0,1
0.43917835,0.30192450002858523,3.005758675304829,0.8,1,1,0
0.43545455,0.5167446703948861,3.3858673024119996,0.8,0,0,0
0.3897517,0.40151331346696667,3.239353872167201,0.7,1,2,-1
0.38645154,0.39168520327815237,1.4577174691301482,0.9,0,1,-1
0.51103115,0.4011497867738049,1.5754508105601306,0.9,0,0,0
0.40525645,0.43359599052370523,1.9918642483937372,0.9,0,1,-1
0.4276698,0.3906646142990038,2.3178113757536236,0.6,0,0,0
0.44055384,0.4253280322956767,1.5451531398349103,0.9,0,2,-2
0.44482288,0.36009880510262804,2.928439190827718,0.8,0,0,0
0.522131,0.3835887622833239,2.9728488200423997,0.9,1,0,1
0.42785,0.451384180421483,3.1761673177098713,0.8,2,0,2
0.36325595,0.380125542343097,3.240223928941852,0.8,1,1,0
0.5138262,0.36492361947438734,3.0677583030124262,0.9,0,1,-1
0.459981,0.3408986863586038,2.885174447128411,0.8,1,2,-1
0.43366587,0.35959195349601286,2.776778210932318,0.9,0,1,-1
0.37575492,0.36836145264795706,2.8515895533744873,0.9,1,0,1
0.42229205,0.37677628081228276,2.928439190827718,0.8,0,0,0
0.34786052,0.3975993561582166,2.947056898478542,0.7,1,2,-1
0.4420923,0.34107306090501444,3.2634839052647813,0.7,1,0,1
0.4828837,0.3624240927131469,2.9861590888272938,0.9,0,2,-2
0.37601528,0.5214695045467749,3.6166016847827445,0.4,1,0,1
0.4132148,0.32409814343757004,2.927607301917491,0.9,0,0,0
0.31626824,0.44557641169208095,3.0295519634006656,0.9,1,0,1
0.45993018,0.2794641684448005,2.921981709849717,0.9,1,0,1
0.45583016,0.3729742030185668,3.2575437330180628,0.7,1,1,0
0.43775123,0.31590001699091763,3.0207845464850496,0.7,0,0,0
0.4864334,0.3760070616244023,3.0729303049004795,0.8,0,0,0
0.4432627,0.48131349138940865,2.8226831892554918,0.9,1,1,0
0.37870392,0.38213550894426446,3.1669825041317776,0.9,0,0,0
0.44321743,0.4421966914325403,3.3168813488764557,0.8,3,2,1
0.42184553,0.3469824852760386,3.1748008763572906,0.8,0,1,-1
0.49338558,0.4611165547649242,3.303004168609449,0.9,1,2,-1
0.51403373,0.3803420816523496,3.239786979256811,0.9,2,1,1
0.36112708,0.3168105678783551,2.8955933144511468,0.9,2,0,2
0.45951703,0.37144174601832847,3.032944020615957,0.9,1,1,0
0.36224756,0.4800484362224605,3.410099326733673,0.5,0,0,0
0.39668736,0.31262855937349415,3.1069367321753214,0.8,1,0,1
0.4822913,0.30238143228976855,3.1445424280136605,0.9,0,0,0
0.28547272,0.37369464904485417,4.001629167387822,0.1,1,0,1
0.5085483,0.33717541418735025,2.9276073019174915,0.9,1,0,1
0.48903903,0.3843625822835812,3.01867904060296,0.9,0,1,-1
0.5047848,0.2925347779731454,2.9738513896100454,0.9,0,1,-1
0.38201442,0.4359471558019808,2.9689250793612647,0.9,1,2,-1
0.42905226,0.40567326501910406,3.554275403362432,0.9,1,0,1
0.4766708,0.3836942542828377,1.5466316153937778,0.8,0,1,-1
0.4637222,0.3496220091687559,2.126428310992824,0.9,0,0,0
0.40532959,0.3623002375969402,1.8764713334271728,0.9,0,1,-1
0.46814835,0.44427599877270196,2.5423673632902686,0.9,1,1,0
0.34337777,0.3017357787532864,3.100030641076971,0.8,1,0,1
0.47493595,0.3826718627490744,3.4661933822298607,0.9,2,2,0
0.51564795,0.45615821800714923,3.4004110954508664,0.9,1,1,0
0.30158484,0.3702642917642707,3.103123915182724,0.8,0,1,-1
0.44236192,0.30444209999508715,3.1699478040040017,0.9,1,1,0
0.4371529,0.3126806252151243,3.129283016944966,0.8,2,2,0
0.42070565,0.3587411719999304,3.044394119358454,0.8,0,0,0
0.46249053,0.399288094555091,2.867353772834994,0.9,1,1,0
0.46616566,0.4833191731027974,3.169925001442312,0.8,0,1,-1
0.4637948,0.3890958929240045,3.071928094887362,0.8,0,2,-2
0.31473514,0.47913377675167534,2.8311845963584887,0.8,0,0,0
0.39970264,0.44245806169443874,3.0295519634006656,0.9,0,2,-2
0.54901266,0.2889959857040072,3.251933966342062,0.6,2,1,1
0.43096662,0.38249324610779023,2.9208322930948,0.8,0,1,-1
0.39559668,0.30983311689179244,3.336038815261278,0.5,1,0,1
0.32505557,0.44591958305753343,-0.0,0.8,1,0,1
0.44910318,0.1630606131351741,1.2309595631140104,0.9,0,0,0
0.43401858,0.4406135385672556,1.9686551350647843,0.9,1,0,1
0.39681852,0.3137637922672802,1.541982284286398,0.7,0,0,0
0.4937571,0.3795783956075102,1.4197367178034825,0.9,0,0,0
0.4473077,0.3595490526787156,3.0546159977653016,0.9,1,0,1
0.46213055,0.4252335599806929,3.250700726240073,0.8,0,0,0
0.40371922,0.35656097566118106,3.505183675050304,0.6,3,1,2
0.41381878,0.4208429132442385,3.114575120579205,0.9,0,0,0
0.3643138,0.4434630587587763,3.270028285938553,0.7,0,2,-2
0.5068097,0.33299668973188107,3.029551963400665,0.9,1,0,1
0.30707902,0.43868355703729683,4.058813890331201,0.1,1,1,0
0.53251004,0.40868212331988996,3.0295519634006656,0.9,0,2,-2
0.63111615,0.22416420658528965,3.1578786189618326,0.7,1,1,0
0.40007123,0.3392836003826307,3.1441259367000187,0.8,0,1,-1
0.4424656,0.41407435564016415,2.7198445896504273,0.9,0,0,0
0.48222244,0.3465618950275342,3.296741145875891,0.9,1,0,1
0.52323264,0.4612699200711037,3.471430884679542,0.8,1,3,-2
0.42078823,0.4139915113420645,3.1379514107753237,0.7,0,1,-1
0.4820495,0.4246017294390744,3.370657328518199,0.9,1,1,0
0.49821937,0.4793862042458824,3.7191201134780796,0.9,1,5,-4
0.5397357,0.3996844331916151,3.852091197669789,0.9,2,4,-2
0.5878219,0.3241201556763047,3.705025953112683,0.9,1,0,1
0.40370435,0.36654848972273146,2.192215752170299,0.7,2,0,2
0.35495386,0.3620258635669034,3.3019614410683706,0.8,1,1,0
0.35232043,0.46280066628190664,3.7527152789797045,0.3,0,1,-1
0.464645,0.43156853213196306,3.457701931701472,0.9,1,0,1
0.4754195,0.4306077887511172,3.1527217381013255,0.9,1,0,1
0.48024327,0.26416671505130623,3.229907204122701,0.9,1,0,1
0.41162175,0.2977832919148643,3.13624341298306,0.8,1,0,1
0.5165357,0.31356953952562433,2.885174447128411,0.8,0,1,-1
0.43528375,0.35656002137854015,2.8798554875455857,0.9,0,0,0
0.6082625,0.22047557975619056,3.0,0.8,1,0,1
0.50957406,0.3322283883559262,2.9851817976423103,0.9,1,0,1
0.44868097,0.2812358103263842,3.021240625180289,0.9,0,1,-1
0.4670665,0.39477039629982263,3.0230898459737485,0.8,1,0,1
0.4184663,0.3974646269614022,2.0805005306402675,0.8,1,0,1
0.47731054,0.46347801905070013,2.938540041208246,0.9,0,1,-1
0.4576156,0.29810147320195624,1.9274512249645188,0.8,0,1,-1
0.33760944,0.41946029497807213,1.752715278979705,0.4,0,3,-3
0.37166154,0.29555410161693246,2.1032360045175897,0.7,0,2,-2
0.46432582,0.48075326267915613,1.4591479170272448,0.9,0,0,0
0.43594146,0.41549104401340076,0.9886994082884976,0.9,0,1,-1
0.36020797,0.46617460427755786,0.8812908992306927,0.7,0,0,0
0.5833023,0.33480373034545935,-0.0,0.9,0,1,-1
0.49441755,0.4709605229170536,3.112771984641639,0.9,0,1,-1
0.42084396,0.407428956846862,3.189010909298125,0.6,0,0,0
0.3746629,0.46126740379723624,4.037401197654112,0.1,0,0,0
0.5215055,0.30684099342467924,3.2384951109519804,0.8,0,0,0
0.40590125,0.3908973657075195,3.119830238004583,0.8,1,0,1
0.37837327,0.5037826369826516,2.129567987418323,0.9,1,1,0
0.49833697,0.4211122530865245,3.2041151061900335,0.8,2,1,1
0.4210704,0.456455041430622,2.4613201402110088,0.8,1,0,1
0.48705086,0.372919469625961,2.535709665282943,0.7,1,1,0
0.51975447,0.45860818043436424,3.2670627921023745,0.8,1,1,0
0.4128437,0.36183987862141165,3.020425889964919,0.9,0,1,-1
0.52893955,0.37318087887740536,3.1361674230416945,0.9,0,1,-1
0.48661736,0.4424114174447086,2.956623811079363,0.9,0,0,0
0.2464701,0.36167658333826835,2.908173336682674,0.9,0,2,-2
0.40125102,0.35427850830670926,3.028991962451992,0.8,1,0,1
0.3648157,0.313909379200139,3.021240625180289,0.9,0,1,-1
0.44822323,0.4732828224998574,2.9744093506911735,0.9,1,0,1
0.4937513,0.4069001194573718,2.9333760404085045,0.9,0,3,-3
0.3795162,0.34149463217552234,2.776778210932318,0.9,0,0,0
0.26870635,0.46813609604408224,3.0234651896016467,0.8,1,1,0
0.38265932,0.38226631320239923,2.991114850055186,0.7,0,0,0
0.39421844,0.3941286839444344,3.0874628412503395,0.8,0,1,-1
0.488077,0.3906338917075243,3.138177444061116,0.8,1,0,1
0.40883896,0.48342437160392987,3.129283016944966,0.8,1,0,1
0.4930177,0.25523581736173345,3.1682958340544896,0.8,0,0,0
0.40087423,0.34307418537886836,3.0901153177826637,0.9,0,1,-1
0.4541637,0.4312278015896666,3.1416532120305494,0.9,2,0,2
0.4980022,0.22210345245163382,3.1037443600997925,0.9,1,0,1
0.5269573,0.41782340610985935,3.0755470478271936,0.9,0,0,0
0.44386902,0.47100342797977507,2.9967879635555583,0.9,0,1,-1
0.5094916,0.4403193064193036,3.5221388904914583,0.9,2,0,2
0.44708568,0.39472531843163927,3.1624314788086783,0.7,1,1,0
0.44470137,0.38439749098591375,3.1691528253032235,0.7,0,0,0
0.4430573,0.4370937903909202,3.437907291846956,0.9,0,1,-1
0.3927652,0.40909764977486845,3.271640636343319,0.8,1,0,1
0.41499516,0.4110115407697763,3.0911719268869304,0.9,1,0,1
0.4913252,0.31443164595299705,3.1566175326696166,0.9,0,0,0
0.39092454,0.4003617247518651,3.2402239289418517,0.8,0,0,0
0.5442677,0.39680680917413785,3.1105092934584895,0.9,0,2,-2
0.51177716,0.34442990718926747,2.9674384307249486,0.8,1,0,1
0.5047343,0.37872090771021627,2.8001926034202227,0.9,0,0,0
0.46554643,0.4462663656032254,2.9736746195753723,0.8,0,0,0
0.5013917,0.39802029400410815,2.9108502945649066,0.9,2,0,2
0.4397448,0.3131425117658605,2.9638561897747246,0.8,0,0,0
0.43258458,0.3956470281584224,3.8100810205217304,0.3,1,0,1
0.3496426,0.4034693147718815,-0.0,0.5,2,0,2
0.42250547,0.4389903048958712,0.9975025463691152,0.9,2,1,1
0.40095025,0.3349041844633881,-0.0,0.9,0,0,0
0.38510197,0.3810964362095244,-0.0,0.9,2,0,2
0.53390807,0.44320394928205775,1.5243166733459836,0.9,1,0,1
0.2989065,0.3225534849225635,1.9502120649147467,0.8,1,1,0
0.48573852,0.44375072436917806,2.1784857337562045,0.9,0,0,0
0.40211865,0.27759974813015625,2.0999857329017306,0.9,1,0,1
0.4884773,0.2426145261527208,1.894273869771264,0.9,1,0,1
0.5169843,0.267526927734089,1.950212064914747,0.8,1,0,1
0.41115153,0.40935033661648257,3.2054399385868573,0.7,1,0,1
0.5508557,0.36063762339649524,3.174800843976225,0.8,0,1,-1
0.37601072,0.3871954079533056,3.2131966538138275,0.7,1,1,0
0.46956313,0.38111607607634285,3.3389447436903916,0.9,1,2,-1
0.38968194,0.41258034066150967,3.4016779686509784,0.5,1,0,1
0.4077563,0.4033137258095033,2.8798554875455857,0.9,1,1,0
0.4915987,0.3193620053572043,3.167877335223683,0.7,2,0,2
0.3495989,0.3292031324016231,2.8798554875455857,0.9,1,0,1
0.45600933,0.45288000185118227,2.9414873698385327,0.9,0,2,-2
0.42501873,0.4168247324261466,2.9081733366826743,0.9,2,1,1
0.47951916,0.3646553674427751,3.3324741306636043,0.9,1,0,1
0.42555526,0.4522339416809325,1.7263472243434206,0.9,2,0,2
0.5157019,0.33229743582859994,3.123024227102955,0.7,0,0,0
0.36588672,0.43807987758290506,2.4137995646056796,0.4,2,1,1
0.3034673,0.400557221309208,1.8799649487271113,0.5,1,1,0
0.4016751,0.3998132556337822,3.129283016944966,0.8,1,0,1
0.5411101,0.385925860258292,2.9481174211304033,0.9,0,0,0
0.34968635,0.423560280219695,3.1824901867517745,0.7,1,1,0
0.56875,0.3733931816928416,3.0216406363433186,0.8,3,1,2
0.49682793,0.3814521674437189,3.016150648454355,0.8,0,1,-1
0.42317313,0.4172278260778763,3.2326163207606684,0.9,0,0,0
0.42691338,0.3567206240268075,3.145461844238322,0.9,3,0,3
0.5020009,0.41621971279103803,3.13983693098935,0.8,0,0,0
0.49122086,0.3391286569170475,3.247097084553216,0.9,1,1,0
0.49828425,0.2973347894012278,3.2574310903935793,0.7,3,0,3
0.46017134,0.44539515157108056,3.102618297914447,0.7,0,1,-1
0.54803747,0.3269563075136578,2.913452314834227,0.9,1,0,1
0.44562352,0.4614115292773207,3.170229571393118,0.7,0,1,-1
0.57005584,0.2691188328776245,3.2900060680977643,0.6,2,0,2
0.5159868,0.3511434766547829,3.1496922519917407,0.7,1,2,-1
0.47651806,0.4562907845074122,3.3848648519984925,0.8,1,1,0
0.38086075,0.278913773041958,2.562518063048656,0.9,0,0,0
0.45935988,0.4094183941116251,3.0311161724560196,0.8,1,1,0
0.42056563,0.3969281487898555,3.020244207153756,0.9,2,0,2
0.45368218,0.42338305619505756,2.440404017720928,0.8,1,0,1
0.5166482,0.4256115827454512,2.9738513896100454,0.9,1,0,1
0.36447945,0.23459243123857668,2.908173336682674,0.9,2,0,2
0.33125275,0.4547385197722111,2.908173336682674,0.9,0,0,0
0.46744746,0.40705395716777976,3.623516641218015,0.4,3,0,3
0.4802965,0.3551761035670318,2.8311845963584887,0.8,0,0,0
0.49530995,0.32479362804419387,2.7274994758509155,0.9,1,0,1
0.49641564,0.4798765773475297,2.0797102763173374,0.9,0,0,0
0.46027127,0.384129111214905,1.6697367178034825,0.9,2,1,1
0.43111777,0.3921123372954363,2.1047412314783913,0.9,2,0,2
0.37597832,0.4505665863619881,2.5169435668654394,0.7,1,2,-1
0.47366202,0.45089498256234173,2.9276073019174915,0.9,0,0,0
0.3889151,0.44579194936400607,2.927607301917491,0.9,0,1,-1
0.503059,0.4180623694428605,2.7751070248348753,0.9,1,0,1
0.50444996,0.39724918046219715,2.7751070248348757,0.9,0,0,0
0.36807215,0.4633479610683501,4.037401197654112,0.1,0,1,-1
0.5073273,0.31249549010854333,2.8706918503612084,0.7,1,0,1
0.45195916,0.4324352513131237,2.3288840705376357,0.8,0,0,0
0.4350154,0.46665955251287494,2.6981203125901443,0.9,1,0,1
0.5628836,0.38677365933100966,3.419737430574332,0.7,1,0,1
0.43198407,0.3536135615804857,1.7947367178034823,0.9,2,1,1
0.45946163,0.30268600132827345,2.876629167387823,0.8,1,0,1
0.44316074,0.4240422961850382,2.8226831892554918,0.9,0,0,0
0.42731065,0.3353519045893678,3.044394119358454,0.8,0,0,0
0.4760175,0.4048516542435177,3.2007107083800315,0.7,2,0,2
0.57900757,0.4384542689726915,2.9124031354161177,0.9,0,0,0
0.5047424,0.37637875292730266,2.8921748610432805,0.9,0,0,0
0.44974747,0.29033311364177883,2.8766291673878235,0.8,1,0,1
0.3974619,0.43767406806517006,3.060494688761453,0.9,0,0,0
0.48706925,0.3836230599867281,3.139470570797252,0.8,1,0,1
0.48108307,0.4875248749755657,4.011365041826379,0.1,0,2,-2
0.522194,0.5080407178876575,3.4520653198447673,0.9,0,1,-1
0.5427129,0.3733816490915604,3.560791295540501,0.9,1,1,0
0.5248817,0.4640127308863426,3.602078406900582,0.9,1,3,-2
0.45155117,0.36357343988401475,3.6520032871035357,0.7,1,0,1
0.4903601,0.3891034821386389,3.674800876357291,0.7,2,0,2
0.41543728,0.39027950960956365,3.0621735653919635,0.9,0,2,-2
0.5212569,0.34064522984760404,3.0081483051885383,0.9,1,1,0
0.45050508,0.3138265305633536,2.9208322930948,0.8,0,0,0
0.34823176,0.42981460547667166,3.200710708380032,0.7,0,1,-1
0.4179614,0.32106509334430505,3.0396393540109368,0.9,0,2,-2
0.42269397,0.37956980559123216,3.1141594451455146,0.9,3,0,3
0.39873067,0.44958200598626197,3.107566076688994,0.9,0,1,-1
0.51286757,0.42240686613476375,3.039563256665049,0.9,1,0,1
0.43605578,0.43883671570208527,3.107566076688993,0.9,2,0,2
0.37002555,0.41740952860237485,3.039563256665049,0.9,1,1,0
0.44124657,0.43712053433298464,3.2242543269225314,0.9,1,0,1
0.45577964,0.44073934567367745,3.154222184683522,0.8,1,0,1
0.25432873,0.4392087027286,3.772055208874201,0.3,1,0,1
0.39928818,0.33014353579720485,3.04648774627663,0.9,0,1,-1
0.53734094,0.34874921027870737,3.029551963400665,0.9,0,0,0
0.39261982,0.37378639375234984,0.9402859586706311,0.9,0,1,-1
0.45802662,0.330404143934793,0.9612366047228759,0.8,1,0,1
0.38493717,0.37533631143868174,0.9852281360342514,0.8,1,1,0
0.544227,0.5103783168359823,1.5243166733459836,0.9,1,0,1
0.42758462,0.46002463213604233,0.9402859586706311,0.9,0,0,0
0.54346734,0.3760501133917059,2.4956029237290127,0.8,1,2,-1
0.39485833,0.31324039228749934,1.9035239700887412,0.8,0,0,0
0.453512,0.38578601092594367,2.2813172094432983,0.8,1,2,-1
0.43316948,0.2603565262430214,2.26286533324267,0.9,1,0,1
0.522516,0.31944432782914634,2.224394445405986,0.6,2,0,2
0.3702403,0.3789502574099141,3.0310053222938813,0.8,2,0,2
0.5033975,0.3815495499562802,3.039563256665049,0.9,1,0,1
0.44786808,0.43288986059628326,3.3158446826280583,0.7,2,0,2
0.33429748,0.3140374374441642,2.9531150055728603,0.9,1,0,1
0.47060108,0.3810511284807304,3.2134552619472228,0.6,0,1,-1
0.4969977,0.3998550123862116,2.8272085933443494,0.9,0,0,0
0.486183,0.46896511564222676,2.776778210932318,0.9,0,0,0
0.4597925,0.3848685417200151,3.1289209382414778,0.8,1,0,1
0.4882906,0.45174941625892684,3.270942421748537,0.6,0,0,0
0.4043744,0.4841961406562465,2.9530822987655223,0.9,0,1,-1
0.43544567,0.3800668255254478,3.2469742072484777,0.8,0,1,-1
0.42530534,0.4259052395223235,3.1867043459100244,0.8,0,0,0
0.4019145,0.3798065785204296,3.1952959344962166,0.8,1,0,1
0.53168565,0.3397821359908381,3.415522398831766,0.9,0,1,-1
0.48551628,0.4177880775015786,3.2070011656754125,0.9,3,1,2
0.30545318,0.4194771303279217,2.8798554875455857,0.9,0,0,0
0.36173466,0.3268626329989178,2.9793394888389986,0.9,0,0,0
0.4538311,0.19656948016935852,3.0114932034009665,0.7,0,0,0
0.53147054,0.4717782545042855,3.02544195406668,0.9,0,0,0
0.37037307,0.2961278117394302,2.9793394888389986,0.9,0,1,-1
0.30566984,0.3280242861788591,3.04595859334435,0.9,1,0,1
0.36347908,0.25145069073978327,2.986350030255313,0.8,0,1,-1
0.51804155,0.3644356674137489,3.0018657739084222,0.8,0,0,0
0.33237422,0.4713732918144218,3.107894275177697,0.9,2,2,0
0.47916657,0.14764400727722876,3.335681705597947,0.6,1,0,1
0.52680784,0.39748602245230336,2.9738513896100454,0.9,0,0,0
0.48202422,0.4014718946271538,2.8851204539117536,0.8,2,0,2
0.54207957,0.15928770331156503,3.2586949695628418,0.6,0,0,0
0.48752558,0.40105745703164697,3.2231672484149883,0.8,2,1,1
0.34656745,0.48513070885612175,3.414717001462482,0.5,1,1,0
0.3868539,0.39294001772384324,2.2485731395538666,0.7,1,1,0
0.38797882,0.32456362462774185,2.4116022179746714,0.8,1,0,1
0.50826573,0.2836713706902915,2.604922489586613,0.8,1,1,0
0.4672027,0.3983455319858488,1.799015670655122,0.9,0,0,0
0.3675033,0.46960647285968127,2.909685696912064,0.7,1,2,-1
0.40237606,0.43389957227629106,2.8311845963584887,0.8,0,1,-1
0.5131829,0.39246018581575015,2.9967916319816363,0.8,1,1,0
0.38938057,0.4426659526230816,3.0621735653919635,0.9,0,1,-1
0.2771813,0.40297892760569487,2.944452798531527,0.8,1,1,0
0.45159027,0.23739498064763284,3.0082222749239294,0.7,0,1,-1
0.53443396,0.41708629950021636,2.8515895533744864,0.9,0,1,-1
0.42488194,0.36953911019029784,3.0782433566073997,0.7,1,0,1
0.49583656,0.4445995654369357,3.4302459068460385,0.6,1,1,0
0.39445308,0.378944563160823,3.071928094887362,0.8,0,0,0
0.46928498,0.42454031850906065,2.9736746195753727,0.8,0,0,0
0.43159762,0.36435372565793545,2.9166704135390744,0.8,1,1,0
0.49858615,0.4861867235670702,1.0,0.8,0,0,0
0.5253856,0.4371661804327411,2.48295820487549,0.9,0,0,0
0.37194344,0.41844568390722464,1.5379841082136025,0.9,1,1,0
0.4166423,0.3672469089084573,1.3709505944546687,0.9,2,0,2
0.5191133,0.281515973692667,2.970033703884394,0.9,1,0,1
0.51196265,0.4469546967599505,3.039259108777986,0.9,0,1,-1
0.4856902,0.44755173884686006,3.0913908001487354,0.8,0,1,-1
0.46101433,0.3324164013529591,3.0755907949568444,0.8,0,1,-1
0.29421026,0.40587445224837926,3.060540527674168,0.8,0,1,-1
0.38102928,0.44197544871320793,3.024751985026255,0.8,0,2,-2
0.47053105,0.39343856934346355,3.079663483094588,0.9,1,2,-1
0.4115494,0.3956829360776403,3.6038561897747243,0.4,1,0,1
0.46333277,0.3983343605955646,3.3518232255517657,0.8,0,1,-1
0.4608278,0.4540033737885877,3.1438638114136643,0.9,1,0,1
0.5286028,0.4461889510045522,3.1681103178788184,0.9,2,0,2
0.440236,0.35727363359067965,2.820046868677855,0.9,1,0,1
0.51526713,0.3031089258410541,3.1369210852794294,0.8,1,0,1
0.36050004,0.4379041609968336,3.736006946447656,0.3,0,0,0
0.47839332,0.3698372044856967,3.226426417142135,0.9,1,1,0
0.4586631,0.35739534440470483,3.1748008439762243,0.8,0,1,-1
0.3813496,0.2800385396048927,3.3245304705471397,0.7,3,0,3
0.50472,0.18824546341091408,3.2484490369866568,0.9,1,0,1
0.45076424,0.4785333537497407,3.3774750666878184,0.9,1,0,1
0.45032823,0.40779133276737467,3.1766352793034835,0.9,0,0,0
0.34851962,0.39693370722730825,3.065637038000284,0.9,0,0,0
0.43200618,0.4216028323171377,2.822683189255492,0.9,0,1,-1
0.56338185,0.3122189639553081,3.2048290008164235,0.9,1,1,0
0.45150116,0.13754746057817524,3.2192141299700565,0.8,0,0,0
0.4415736,0.30705435826355004,3.020594356674321,0.9,0,1,-1
0.43065757,0.37398771771828904,3.0284303081421022,0.8,0,2,-2
0.34087482,0.4026904483145395,2.8798554875455857,0.9,0,1,-1
0.40787655,0.34412962749890713,3.1761673177098713,0.8,2,1,1
0.343298,0.49323157575338394,3.0,0.8,1,1,0
0.40125164,0.530836921206641,3.0,0.8,1,0,1
0.5067792,0.32508958303546304,3.00861201428621,0.9,1,0,1
0.23908518,0.3818958326970129,3.569702316978283,0.4,1,1,0
0.42448512,0.3535419391337082,3.186392934223819,0.8,2,0,2
0.45907438,0.377744163125086,3.1510738388743404,0.7,1,0,1
0.50063074,0.17456616967828703,3.2405282602167116,0.8,0,0,0
0.46634617,0.47313787006938623,3.185389808862923,0.9,0,0,0
0.5135731,0.39124408189855975,3.6855672020241235,0.4,1,0,1
0.4210119,0.4169566720979385,3.2473344554552273,0.7,1,0,1
0.4833875,0.44748243739047355,3.6312929881819,0.4,0,0,0
0.46649045,0.512511533293061,3.209282221599798,0.7,1,0,1
0.40803996,0.40508474563916697,3.087462841250339,0.8,0,0,0
0.35040483,0.4953372027651797,3.345950594454669,0.9,1,2,-1
0.4614549,0.3177287669522309,3.016150648454355,0.8,0,0,0
0.5163585,0.37334424291282164,3.2791433740260096,0.8,2,1,1
0.5295279,0.3475630939055737,3.1924876891689533,0.9,1,0,1
0.44508567,0.3609626362883348,3.173785595221648,0.9,0,1,-1
0.33160546,0.48431402512679717,3.0443941193584525,0.8,0,1,-1
0.45287484,0.40575599167420023,3.0887793473613607,0.8,1,2,-1
0.51967657,0.3916382293960428,2.906499712580601,0.9,0,1,-1
0.35487014,0.4198287543487327,3.154222184683522,0.8,0,2,-2
0.32334515,0.3062347950266799,3.772055208874201,0.3,2,0,2
0.49422082,0.28860580294641425,2.95311500557286,0.9,0,0,0
0.5621491,0.3654342030744311,3.01867904060296,0.9,0,1,-1
0.4616816,0.38312371033832676,3.4138338639736006,0.5,0,0,0
0.36717942,0.41968922846574447,2.8798554875455857,0.9,1,0,1
0.502579,0.40238500613870815,3.117935700126137,0.9,0,1,-1
0.40598533,0.3827503058329659,3.0977968115985957,0.8,1,0,1
0.45821518,0.4240370500233332,3.3182789648959243,0.9,2,0,2
0.21074198,0.4432934927468707,3.3078173151210217,0.7,2,1,1
0.43253872,0.3672924831276593,3.4199483995167776,0.7,1,1,0
0.30088836,0.37774241785829143,3.577819531114783,0.4,1,1,0
0.4666876,0.34230101920009254,3.155399311574896,0.8,1,1,0
0.47079575,0.45353478795254426,3.477405811425518,0.7,1,1,0
0.46652314,0.36114055690027713,3.0577968115985956,0.8,0,1,-1
0.5003493,0.28885899274592175,3.2404751795711566,0.9,0,0,0
0.3700067,0.3064497448939936,2.63108003028805,0.9,2,0,2
0.43542877,0.4531464795003365,1.8478548143998654,0.9,1,0,1
0.563422,0.27403704937952156,2.0047476376636353,0.9,1,0,1
0.49704126,0.43191690243959396,2.111761596285272,0.9,0,3,-3
0.4681116,0.5154254012440481,2.099470570797252,0.8,0,2,-2
0.42795697,0.3731690620580239,3.135564959585625,0.8,0,0,0
0.5204996,0.2624302091995812,3.2281608778570137,0.9,0,1,-1
0.55220217,0.39377126036759486,2.9763856499911028,0.8,0,0,0
0.38437787,0.39710285917520627,2.9738513896100454,0.9,2,1,1
0.38344884,0.4324523233067523,3.3366581415378453,0.8,2,0,2
0.43588352,0.424206129728566,3.01867904060296,0.9,1,0,1
0.40092903,0.3881530425532996,3.049834408895447,0.8,1,0,1
0.38769507,0.4094040385165615,3.1189028890002706,0.9,0,1,-1
0.37285718,0.4814834577062121,3.6038561897747243,0.4,2,0,2
0.3357754,0.40236029080527136,2.9414873698385327,0.9,2,1,1
0.5192671,0.34995738390630476,3.082292189082415,0.9,1,1,0
0.2660586,0.3939634347648823,3.2007107083800315,0.7,0,0,0
0.38745454,0.3623741178635638,3.09306920777189,0.9,0,1,-1
0.4433033,0.43852939201285934,3.430245906846039,0.6,1,1,0
0.3937882,0.33882491925102826,3.0595608142862893,0.8,0,1,-1
0.48456174,0.3876082671745664,3.353325431342924,0.9,1,1,0
0.48161054,0.37007997719803276,3.0138375961098793,0.9,1,0,1
0.52934897,0.39222689134958283,3.1626441180472606,0.9,0,1,-1
0.48128235,0.38340791927263373,3.4558215929997598,0.5,0,0,0
0.4360441,0.3758924380946632,3.2131324651707387,0.7,1,0,1
0.49141678,0.37652244076888897,3.1991405052695785,0.8,1,1,0
0.45182455,0.3392919637573164,3.448693535175182,0.8,2,2,0
0.3251495,0.38285217866508553,3.40567432750375,0.7,2,2,0
0.4217336,0.41451327937714605,3.064083511770376,0.9,0,0,0
0.36740768,0.2856332459908524,3.3225797618424915,0.9,1,0,1
0.50985354,0.4205905033731585,3.1454618442383215,0.9,1,0,1
0.5035105,0.3339035314423677,2.9817145729860735,0.8,0,0,0
0.53333277,0.40010153957696976,3.2125547623232626,0.9,1,0,1
0.47168523,0.35407035739275133,2.9762139668746084,0.8,0,1,-1
0.4780846,0.3391170798289108,3.020717934662783,0.9,1,0,1
0.27249745,0.41081474751598024,1.584962500721156,0.8,0,1,-1
0.50760245,0.39587248085919163,2.3437621626224825,0.9,0,1,-1
0.37821317,0.4390857124837651,1.3995812306460644,0.8,1,0,1
0.49101484,0.3726922977951952,1.8248169862168617,0.9,1,0,1
0.3332897,0.35394049284414064,1.5644050517413437,0.9,0,0,0
0.25980675,0.3949381280747957,3.0485634360323997,0.9,0,0,0
0.5033806,0.3105747255004767,2.963134910393311,0.9,0,0,0
0.5217287,0.40645014654297,2.9965226857354375,0.9,0,1,-1
0.3594029,0.48742830879850485,2.8798554875455857,0.9,0,1,-1
0.4486227,0.37098569864609104,2.963134910393311,0.9,0,1,-1
0.46700478,0.33991696262326326,2.7751070248348757,0.9,0,0,0
0.4116269,0.3536124052630958,3.01867904060296,0.9,1,2,-1
0.43511093,0.3644185751694771,2.9276073019174915,0.9,1,2,-1
0.43724388,0.46426950204849576,3.0299535906627213,0.8,1,1,0
0.511255,0.29529874239345766,2.908173336682674,0.9,0,0,0
0.53372216,0.284291876183518,2.776778210932318,0.9,0,1,-1
0.4248679,0.3271651051067255,3.033539698985828,0.8,0,1,-1
0.4262976,0.39007375246431214,3.0310053222938818,0.8,0,0,0
0.51878077,0.37754446737886693,3.1262054846267024,0.9,0,1,-1
0.4528663,0.424140430659669,3.0943105139035287,0.9,2,0,2
0.51866007,0.42205284962038636,2.9760445887757307,0.8,0,1,-1
0.38491306,0.37017149761677137,3.1135388697992608,0.8,0,0,0
0.44471872,0.2807672752702259,3.1026295589650914,0.9,2,1,1
0.33294392,0.4532268945408142,2.9276073019174915,0.9,0,1,-1
0.5193372,0.3154214017080444,2.956623811079363,0.9,2,0,2
0.48995668,0.3681958568364714,3.0546159977653016,0.9,1,0,1
0.27214396,0.5065225361598573,1.0,0.1,0,1,-1
0.3811968,0.38011480146410653,3.16100727900131,0.7,1,0,1
0.45274296,0.3698915738283326,2.9757759036595943,0.9,2,0,2
0.4564078,0.3141433427515352,2.9531150055728603,0.9,0,1,-1
0.40265617,0.43048106667823804,3.6390059899621336,0.7,2,1,1
0.4317783,0.37813307157988996,3.1292830169449664,0.8,1,1,0
0.51245433,0.3417334584749512,3.034838803961721,0.9,0,0,0
0.5031073,0.43523104038337834,3.2022085933443494,0.9,0,0,0
0.42572498,0.4486698334731254,3.1360604099707614,0.9,0,0,0
0.48337755,0.43746537862359675,1.2717822215997983,0.8,1,2,-1
0.5414728,0.30711242169786257,1.5461796919474975,0.7,1,0,1
0.5196039,0.3816374006712973,2.235452476759574,0.9,0,0,0
0.51258165,0.3983431807901923,1.5394910703001345,0.9,1,1,0
0.44953382,0.425033874211197,2.2469701116163225,0.9,0,0,0
0.5101984,0.4224070177231498,3.2373974097831018,0.9,1,2,-1
0.5572025,0.4567070570678498,3.353553622374939,0.9,0,0,0
0.59681857,0.35547064925703664,3.5026831892554924,0.9,1,1,0
0.467757,0.5160079020934277,3.5221388904914583,0.9,0,1,-1
0.383782,0.4624242252721783,3.5026831892554924,0.9,0,1,-1
0.4746231,0.28082941972227815,3.090347275584621,0.7,1,0,1
0.32655442,0.4416764901427718,2.8798554875455857,0.9,0,0,0
0.27262905,0.3090066166560828,2.9793394888389986,0.9,2,1,1
0.4564463,0.4575307439408833,3.344557235905091,0.8,0,0,0
0.55784154,0.3078130794286673,3.0869258344809207,0.9,1,0,1
0.39836356,0.3130040828171586,2.9300191536916556,0.8,0,0,0
0.463766,0.3639155567612391,3.1136495655936938,0.8,2,0,2
0.3993335,0.4133159724677458,2.9382689280764644,0.9,2,0,2
0.4275074,0.3282068061836544,3.087462841250339,0.8,1,0,1
0.3794148,0.43749086713668595,3.0808978136193588,0.8,1,0,1
0.47391692,0.3419733810709313,2.9638561897747246,0.8,0,0,0
0.37842754,0.36995929194226895,2.822683189255492,0.9,1,0,1
0.37476808,0.35831331863598365,3.169925001442312,0.8,1,1,0
0.4590229,0.3670950524079982,3.132574458143994,0.9,0,0,0
0.42718518,0.4663482404892547,3.38970859334435,0.6,1,0,1
0.42073318,0.3049337815313064,3.087462841250339,0.8,0,0,0
0.5615246,0.27330626128859153,2.9674384307249486,0.8,1,1,0
0.42414594,0.41656119732208335,2.8690954395801547,0.9,0,1,-1
0.5516751,0.37278279328902864,2.967438430724949,0.8,1,0,1
0.5113773,0.4593250632639417,3.206468823073052,0.9,1,1,0
0.4666782,0.4251118916971134,3.454115106190033,0.8,0,1,-1
0.35766545,0.3721466105411676,3.249409646336998,0.6,1,2,-1
0.37135532,0.3544762649486739,3.3728718891095846,0.8,0,0,0
0.50695586,0.3033441858042012,3.261132303628119,0.8,0,0,0
0.40594468,0.31110354940082274,3.1728735295095043,0.9,1,0,1
0.49749738,0.30845077131661014,2.9530822987655223,0.9,1,1,0
0.479408,0.38594602451885424,3.068084324344715,0.8,1,0,1
0.50167084,0.3824368420589962,3.0607476884752547,0.8,0,1,-1
0.5310701,0.24550620484724886,2.921981709849717,0.9,0,0,0
0.51422954,0.4342771741342477,3.032128525239341,0.7,0,0,0
0.4809879,0.42587966118672577,2.0717350271381694,0.9,0,1,-1
0.44493032,0.4024999508651221,2.5,0.2,2,1,1
0.5168587,0.37266054181222,1.2309595631140104,0.9,0,2,-2
0.41591626,0.33790085410614396,1.495538029919111,0.9,0,1,-1
0.44294974,0.4666309867127364,2.332914563979398,0.5,1,0,1
0.51348627,0.3734059842550714,2.9945421313123277,0.9,1,0,1
0.4066503,0.3457174578083293,3.0443941193584525,0.8,0,1,-1
0.48647994,0.36189274716473796,3.10795820487549,0.9,1,0,1
0.36345574,0.30861233623722534,2.9967879635555583,0.9,1,0,1
0.4728323,0.37739017987176404,2.776778210932318,0.9,0,0,0
0.54995126,0.2903766374511849,2.8798554875455857,0.9,0,0,0
0.41921523,0.3053208178204162,2.728948870365158,0.9,0,0,0
0.38340926,0.38873405762257335,3.0350849518197793,0.8,0,0,0
0.51224184,0.4586226644428012,2.776778210932318,0.9,0,0,0
0.43453392,0.3369543608218334,2.8311845963584887,0.8,1,1,0
0.42082587,0.43656280592469576,3.3431126439078196,0.7,0,1,-1
0.3393698,0.399582866890679,3.101823225551766,0.8,0,1,-1
0.37903312,0.44029117871509743,3.2080986635018047,0.9,1,1,0
0.49172592,0.36582879490296777,3.595729599690726,0.7,1,0,1
0.45754373,0.3530391742287052,3.4171400476841645,0.8,2,0,2
0.3501569,0.46267061635606277,3.414717001462483,0.5,0,1,-1
0.37920144,0.2647571045750506,3.313206429278392,0.6,1,0,1
0.49416378,0.3395893594348835,3.1377618519913746,0.9,1,0,1
0.53048605,0.4230574005979335,3.127387064296613,0.9,1,0,1
0.48174608,0.44392634140961645,3.2628796312321993,0.9,1,0,1
0.5155022,0.3195841471372489,2.940072687348654,0.8,0,0,0
0.3081196,0.381734302145769,3.0677583030124262,0.9,1,0,1
0.43286243,0.3548130560993359,2.9333760404085045,0.9,1,1,0
0.45578346,0.31678240992212314,2.776778210932318,0.9,0,0,0
0.47503948,0.34518867385200214,2.9414873698385327,0.9,1,0,1
0.39527774,0.43781898960017346,1.7349112826910293,0.9,1,0,1
0.5101428,0.3515905877398903,2.272881446481777,0.9,0,2,-2
0.3512007,0.4562278601405282,2.8973216082874718,0.9,0,2,-2
0.45084274,0.4166948693240015,2.2164500133438785,0.9,0,0,0
0.39352283,0.42374648916943075,1.5394910703001345,0.9,3,0,3
0.4765453,0.4088749938023117,3.316504716512524,0.9,1,0,1
0.40935516,0.4004961453734727,3.346239573379431,0.9,0,0,0
0.47377944,0.24605128089210584,2.8439681690390652,0.8,1,0,1
0.37388667,0.2346088063966824,3.13527016146437,0.9,2,0,2
0.3682844,0.44396097667660755,3.6195592706113664,0.8,3,1,2
0.49125436,0.34984899281678666,2.7751070248348757,0.9,0,1,-1
0.4370751,0.44311196842170814,3.01867904060296,0.9,0,1,-1
0.46089962,0.3520672656918509,3.147191429566854,0.8,1,1,0
0.4834677,0.24585597974456294,3.0276115197273348,0.9,0,0,0
0.4500882,0.3129881894201634,2.9081733366826743,0.9,0,0,0
0.40829432,0.4280781756865506,3.1301249653149705,0.7,0,1,-1
0.51676184,0.38002916290436606,2.728948870365158,0.9,0,1,-1
0.53313357,0.36812619468028773,2.728948870365158,0.9,0,1,-1
0.41966668,0.4074061716961381,2.8798554875455857,0.9,0,1,-1
0.4016326,0.3394490583357234,2.823490576469806,0.9,0,1,-1
0.5277597,0.2631064183283223,2.923829654098756,1.0,1,0,1
0.44601762,0.444779628166195,3.0494130702798135,0.9,0,2,-2
0.42862874,0.5246206556578962,3.07173502713817,0.9,2,0,2
0.54689175,0.3756393760511171,3.1541297414562584,0.9,2,0,2
0.5228522,0.19055409172822968,3.1000306410769713,0.8,0,0,0
0.4789268,0.3582935671397819,3.259513559232081,0.8,0,1,-1
0.44227937,0.4817558130499022,3.174800843976225,0.8,0,1,-1
0.36353934,0.3538530410990705,3.4227750662613374,0.5,0,1,-1
0.41880643,0.3637899351890352,3.0454914359235423,0.8,1,0,1
0.48681775,0.29785124481202285,3.221288500997392,0.8,1,0,1
0.46415147,0.45163643736724807,2.8851204539117536,0.8,1,0,1
0.5087081,0.34839321772127396,2.776778210932318,0.9,0,2,-2
0.4441119,0.3785620688739261,3.5724312513221195,0.4,1,1,0
0.42653278,0.3262907267153385,3.165046984340798,0.7,0,1,-1
0.5027802,0.33013982078386483,2.7751070248348753,0.9,1,1,0
0.44916993,0.3920676503724023,3.113030894945251,0.8,0,1,-1
0.5565118,0.40449866882975827,3.2282273565526793,0.9,1,0,1
0.4116,0.39323628668355215,3.006051959488611,0.9,0,3,-3
0.31248522,0.32337514954830354,3.2225317121555657,0.8,1,0,1
0.4980408,0.5036825600194293,3.2520094697016404,0.9,0,1,-1
0.36491925,0.38503907200635945,3.9139770731827515,0.2,1,1,0
0.41255456,0.32072738779627735,3.3191036912341367,0.7,1,1,0
0.3418989,0.41429643087621587,3.053129141273489,0.9,0,1,-1
0.53466237,0.27759731068581434,3.5511911744656968,0.5,1,0,1
0.5716185,0.3794357134378553,3.1147869792568117,0.9,2,0,2
0.45195138,0.2864844016508942,2.9532289446393953,0.9,0,0,0
0.4921886,0.3132718377144335,3.284434343932502,0.7,0,1,-1
0.30422807,0.3390384102193244,4.011365041826379,0.1,1,1,0
0.48432305,0.2900249959502839,3.0830039664751987,0.9,1,0,1
0.44650555,0.46006843579483114,2.9208322930948,0.8,0,1,-1
0.46448135,0.41933739548033955,2.823490576469806,0.9,0,0,0
0.4722975,0.4255656976340903,3.687778406872116,0.9,0,3,-3
0.38843358,0.27147757592777316,3.068188697692067,0.9,1,0,1
0.4672465,0.34833686480195064,3.076866340087097,0.9,2,0,2
0.4276495,0.4182227212242148,3.0933477098654247,0.9,0,1,-1
0.5134244,0.20382960424668023,3.1412304772574884,0.8,2,0,2
0.4018049,0.3964591392390878,3.1055872616982603,0.9,1,0,1
0.5050256,0.29128146266387844,2.913452314834227,0.9,0,0,0
0.43230549,0.4063574707749386,3.207210311338979,0.7,1,2,-1
0.32735795,0.5334856798789602,3.269576746316394,0.8,0,0,0
0.32799765,0.45101843380568635,0.8904916402194913,0.9,0,0,0
0.39825305,0.33145534154976086,0.9402859586706311,0.9,0,0,0
0.44426998,0.418016772601477,0.9852281360342514,0.8,1,1,0
0.39042678,0.38852117545327486,0.9402859586706311,0.9,1,0,1
0.43512103,0.34281059246247136,-0.0,0.9,0,1,-1
0.50651777,0.4198705298184659,2.99646847637457,0.9,0,1,-1
0.4539508,0.347683551274873,3.2760136273483114,0.9,2,2,0
0.52887315,0.3876943538371972,3.195185826097171,0.9,4,0,4
0.4142877,0.4772505190387689,3.160011530389629,0.8,1,1,0
0.4782201,0.35588642956853167,2.9738513896100454,0.9,1,0,1
0.5004631,0.33793190823489105,3.1570914161644237,0.7,1,0,1
0.40750843,0.3506049944819677,2.941487369838532,0.9,2,0,2
0.48534253,0.3082186410975536,2.9333760404085045,0.9,0,1,-1
0.3433456,0.3632506658127105,3.2251852797155722,0.6,0,2,-2
0.3723485,0.288046870234936,3.120183935661208,0.7,2,1,1
0.37267545,0.3444338386444499,2.7489720482748075,0.8,1,1,0
0.47085962,0.3882459950383782,2.5577174691301483,0.9,1,0,1
0.49917525,0.2991860334745583,2.160762106246821,0.9,1,0,1
0.48347566,0.4888803983343067,2.9164764433643073,0.9,1,1,0
0.41445386,0.3967366487954787,1.7609640474436812,0.5,1,1,0
0.49139854,0.4993698180802686,3.2068570640942182,0.9,0,0,0
0.43081668,0.25482293834510733,3.0434943204749443,0.8,1,0,1
0.47313416,0.3505140860095383,3.1224718779332505,0.8,0,1,-1
0.47146678,0.4143515866540457,2.975630002882161,0.9,1,1,0
0.50646234,0.4473755154462599,3.265806064632799,0.8,0,0,0
0.46449974,0.3511847629281877,3.44181206695993,0.9,1,1,0
0.41901553,0.3796820471297321,3.1123008763572906,0.8,0,2,-2
0.47375497,0.3958999265602804,3.566372621859457,0.9,1,0,1
0.47591642,0.4555785041883387,3.3165047165125237,0.9,2,0,2
0.5374906,0.3519438054813589,3.727275206424607,0.8,2,0,2
0.3846814,0.24006303924566139,3.01867904060296,0.9,2,0,2
0.4459715,0.4161025282844708,3.169925001442312,0.8,0,1,-1
0.41629657,0.3178944264264259,2.963856189774724,0.8,1,1,0
0.4917049,0.340377157477976,2.776778210932318,0.9,0,0,0
0.5271133,0.3330500991736188,3.10441119255554,0.9,1,0,1
0.41163403,0.2788480431938062,2.9083853196294855,0.95,3,0,3
0.4023845,0.3321087693084765,3.1831573285181993,0.9,1,1,0
0.54257894,0.3557423361703685,2.8515895533744873,0.9,0,0,0
0.5287697,0.3471635500853703,3.22300645775404,0.9,0,2,-2
0.4543772,0.10733206282669575,3.2752174082884653,0.6,2,0,2
0.45606393,0.2976734437961337,3.0212406251802895,0.9,0,1,-1
0.30190244,0.4487208669198768,3.4404040177209274,0.4,1,0,1
0.41504884,0.4145373693653836,3.1981203125901443,0.9,1,2,-1
0.5203309,0.4581823021721141,3.4348486136508463,0.7,0,2,-2
0.5187449,0.3178614168309073,3.3532045944083517,0.7,0,2,-2
0.45967656,0.3668236002706398,1.9735561123277499,0.9,1,2,-1
0.5183933,0.35245027243422017,1.544024096481951,0.9,0,0,0
0.532768,0.44321799389979033,2.244517204030301,0.9,2,1,1
0.44696075,0.40648602397007183,1.4197367178034823,0.9,0,0,0
0.43571842,0.3567904063446074,-0.0,0.8,1,1,0
0.5102862,0.36326684847065904,3.010770866158963,0.95,1,1,0
0.41199347,0.43885692496579193,3.01867904060296,0.9,1,0,1
0.41062507,0.42421982855144574,4.021928094887363,0.1,1,1,0
0.4768918,0.44689225712940983,2.9738513896100454,0.9,1,0,1
0.52392095,0.3674337613275448,2.9108502945649066,0.9,0,0,0
0.34569377,0.46749920709788007,2.23577593064482,0.8,0,0,0
0.47431695,0.4207887341107961,2.4368059872479155,0.9,1,1,0
0.5028513,0.4434668612820417,1.8735625185129938,0.9,2,0,2
0.47369716,0.3401448019207177,1.913166303130589,0.9,2,1,1
0.47843814,0.37560150547813465,1.4577174691301484,0.9,1,1,0
0.57739174,0.41560123017863926,2.126428310992824,0.9,2,0,2
0.54444236,0.44848941131128933,2.1577174691301484,0.9,0,1,-1
0.30051526,0.3932223916613058,1.456564762130954,0.8,1,0,1
0.43994865,0.43485731040208797,2.5335398508705183,0.9,2,1,1
0.41879588,0.30824192586121385,0.7219280948873623,0.8,0,1,-1
0.3728572,0.4287608736947857,2.9982975702780195,0.9,0,0,0
0.44039792,0.3223018996253431,3.3821817392024593,0.7,2,0,2
0.3406326,0.4673801495700697,3.0329440206159575,0.9,1,1,0
0.4250056,0.39644231727912593,3.09117192688693,0.9,1,0,1
0.27242717,0.38644748594917216,3.2833269376860605,0.6,0,0,0
0.3757861,0.3912565689157241,3.0744095957140507,0.9,0,2,-2
0.41897517,0.22152963382772914,3.145271862902178,0.8,0,0,0
0.36372986,0.3524848274202493,3.2102558136989585,0.8,1,0,1
0.51417416,0.3767881564930262,3.6192509128388295,0.5,2,3,-1
0.4205251,0.4742839412495725,3.261973667019149,0.9,2,0,2
0.49786678,0.3501558544105019,2.823490576469806,0.9,0,0,0
0.4517607,0.44321980089547974,3.0903472755846204,0.7,1,0,1
0.49352333,0.4390609020186633,3.096317303266179,0.95,1,0,1
0.545071,0.3990112658353664,2.956623811079363,0.9,0,0,0
0.5861572,0.21783882227553802,3.1209505944546687,0.6,2,0,2
0.5170971,0.42926173872829027,3.1800810637956762,0.9,1,1,0
0.2976161,0.3839358539111289,3.016503675437347,0.9,1,0,1
0.43319073,0.4394505214208825,3.0575063969967093,0.8,0,1,-1
0.4833754,0.2107947746187385,3.154222184683522,0.8,2,0,2
0.43535605,0.3026386077573078,3.005758675304829,0.8,0,0,0
0.35752723,0.41539147909013,2.8851204539117536,0.8,1,0,1
0.41958472,0.3701144062771239,3.10441119255554,0.9,1,0,1
0.42629692,0.2650277144799733,3.0114932034009665,0.7,0,1,-1
0.40249345,0.4647562169926274,2.991114850055186,0.7,2,1,1
0.36794156,0.4369791418105506,2.8690954395801547,0.9,0,2,-2
0.5087868,0.3168681010292046,2.851589553374487,0.9,1,0,1
0.3348902,0.29302175735583863,2.9414873698385327,0.9,2,0,2
0.44415244,0.33827371687294683,3.0234651896016467,0.8,2,0,2
0.5488407,0.2673243851870225,3.0887793473613607,0.8,2,0,2
0.5014566,0.3830317847894259,2.9681666405523326,0.9,0,0,0
0.467168,0.3800903100896318,3.0874641726023646,0.9,1,1,0
0.3967004,0.4044342019674436,3.6047039677121826,0.4,0,1,-1
0.46281588,0.423607022867909,3.209282221599798,0.7,1,0,1
0.5278408,0.3035269542424654,3.0385997638082163,0.9,0,2,-2
0.47618338,0.3716674352917736,2.9738513896100454,0.9,0,0,0
0.37064168,0.3771675830280914,3.143136949500409,0.7,0,1,-1
0.46729147,0.44081543539907936,3.087462841250339,0.8,0,1,-1
0.4709722,0.3019928993579067,3.0204258899649186,0.9,0,0,0
0.38264805,0.47273517556557987,2.9501083034524536,0.8,1,0,1
0.4668864,0.43325962144796226,3.085274632722953,0.9,1,0,1
0.52104455,0.30806434761430584,3.0295519634006656,0.9,0,0,0
0.41968077,0.28913877329769616,2.8798554875455857,0.9,0,0,0
0.5170266,0.4333295008138855,3.10441119255554,0.9,2,0,2
0.32582206,0.5084648353756888,3.1618827187141427,0.8,2,0,2
0.4229279,0.3876940047949896,2.823490576469806,0.9,0,0,0
0.29805797,0.3174371138997821,3.345719283930527,0.5,1,1,0
0.3289499,0.37335292002761333,2.9681666405523326,0.9,0,0,0
0.42310235,0.503050326920888,3.1059444262010527,0.7,0,0,0
0.47617614,0.3498612638295667,3.0796634830945884,0.9,1,1,0
0.3537388,0.36438504958792595,3.0530201924480456,0.7,1,0,1
0.54122365,0.3347543138046956,3.5026831892554924,0.9,0,1,-1
0.5169237,0.37476220653960274,3.4621356374609262,0.8,0,1,-1
0.4457824,0.36523175774363864,3.1093049513484146,0.9,0,1,-1
0.46194,0.34391127335410215,3.073681846204231,0.9,0,1,-1
0.50791585,0.39200916682369663,3.39997665014868,0.9,1,3,-2
0.44543335,0.33110689093987833,2.944452798531527,0.8,0,2,-2
0.44075596,0.45578611231040533,3.353190671338322,0.4,1,1,0
0.3900743,0.42880622255100587,2.963134910393311,0.9,1,0,1
0.42257077,0.38527094693539204,3.0212406251802895,0.9,0,0,0
0.48759,0.38016670090053245,2.8955933144511468,0.9,0,0,0
0.50741327,0.40141189472226374,2.8327899219603223,1.0,0,1,-1
0.42972454,0.3843506137000392,2.9623499430259543,1.0,1,1,0
0.4359702,0.43492652906603124,2.9876013115120568,0.8,1,0,1
0.50967,0.4060657656923064,3.0250332886094076,0.9,0,0,0
0.47354376,0.3819286384921775,2.956623811079363,0.9,0,0,0
0.39548886,0.49940894060417224,2.2614215142259244,0.9,0,0,0
0.44969645,0.2669459640648202,2.023465189601647,0.8,1,0,1
0.45773822,0.41391959816878116,2.0353433020063356,0.9,1,1,0
0.45552453,0.3951635283916667,1.5715416718219246,0.7,1,1,0
0.4666767,0.2168387250081605,1.8776402831734211,0.7,1,0,1
0.37613407,0.3448054810923003,2.776778210932318,0.9,1,0,1
0.50029105,0.41206757461334675,2.908173336682674,0.9,1,0,1
0.38773236,0.3105504603760385,2.776778210932318,0.9,0,0,0
0.46141693,0.3563150314966226,2.999506342898748,0.8,0,1,-1
0.47445893,0.35524479768976525,2.823490576469806,0.9,0,0,0
0.36312583,0.4064213196701046,2.791615921862549,0.9,0,0,0
0.45371655,0.3464989354775026,3.4322574485535142,0.7,2,1,1
0.504464,0.46110077775435315,3.1976015774281565,0.9,2,0,2
0.47231102,0.416860265511522,3.7551877402503617,0.8,2,2,0
0.3997091,0.45525122876633806,2.752715278979705,0.6,1,0,1
0.5089014,0.35548245617150315,3.016150648454355,0.8,1,1,0
0.48768675,0.3977060369573311,2.919842454881336,0.9,0,1,-1
0.49752274,0.4639824260679176,2.957118679571792,0.8,2,3,-1
0.47544232,0.38116324537300755,3.087462841250339,0.8,0,1,-1
0.46805328,0.3152690249885743,2.8791474648822764,0.9,0,0,0
0.36803263,0.46620269902146727,3.355953642864355,0.7,0,0,0
0.5226117,0.21647272582557134,2.9757759036595943,0.9,2,0,2
0.440328,0.2988212325663091,2.927607301917491,0.9,0,0,0
0.44698483,0.4816625836128293,3.0228493220969526,0.9,0,1,-1
0.46093357,0.4164610945052348,3.1699478040040017,0.9,1,0,1
0.4081531,0.3927093755988333,3.0,0.8,0,1,-1
0.4918382,0.3459760323987151,3.031551353918302,0.9,0,0,0
0.41392255,0.4513109100116612,2.8798554875455857,0.9,1,1,0
0.46868598,0.3552457768672016,3.0315513539183025,0.9,2,1,1
0.53753316,0.41679757399959777,2.728948870365158,0.9,0,0,0
0.4659375,0.4236701958782888,3.069212420735637,0.8,0,0,0
0.43470296,0.40340205436218535,2.292071752457787,0.7,0,0,0
0.45825452,0.4527210321927696,3.061482186720776,0.8,2,2,0
0.48763838,0.41317265327418595,2.970840013101985,0.9,0,1,-1
0.31984535,0.45144455848274095,2.05632607578088,0.9,1,1,0
0.43055362,0.28403913355889376,2.8311845963584887,0.8,0,0,0
0.46045932,0.5074531023395982,3.0808978136193588,0.8,2,0,2
0.59443295,0.4144239034026289,2.8272085933443494,0.9,0,0,0
0.3924646,0.2851020198132106,2.823490576469806,0.9,1,0,1
0.39224914,0.4452247698299046,2.9518387305144014,0.7,0,1,-1
0.5017988,0.38525936441952036,3.1058778542292944,0.9,0,0,0
0.46489474,0.3517632587652875,2.9414873698385327,0.9,0,1,-1
0.51644564,0.4342933389907283,3.0632285876390437,0.9,0,0,0
0.5124685,0.4033660963150357,2.8226831892554918,0.9,0,0,0
0.56708467,0.3746050286289404,3.0290382064198607,0.8,1,1,0
0.5282014,0.31153915262227894,2.8690954395801547,0.9,1,0,1
0.371183,0.3222196687365171,2.8798554875455857,0.9,0,0,0
0.47800878,0.4280261080355949,3.3009159980689464,0.7,0,0,0
0.45394,0.5087730098069524,2.8798554875455857,0.9,0,0,0
0.4595645,0.44154049942572504,3.0329851220348742,0.9,0,0,0
0.5179323,0.37139519181900404,3.0797102763173374,0.9,0,1,-1
0.30874667,0.44668390099710803,3.1727237153083374,0.8,2,1,1
0.42821464,0.28722809578603287,2.8798554875455857,0.9,1,0,1
0.5325956,0.28420072513591277,2.867353772834994,0.9,0,0,0
0.37091872,0.3181278799635367,3.029953590662722,0.8,0,1,-1
0.3080197,0.3882973719661815,0.9709505944546686,0.3,0,2,-2
0.32516587,0.3468480425785076,0.9402859586706311,0.9,0,0,0
0.43770027,0.4903076530804686,2.1829316468984663,0.9,1,0,1
0.40438473,0.3380215663285706,1.5715416718219246,0.7,0,0,0
0.37036598,0.4001705715903864,0.9182958340544896,0.8,0,1,-1
0.48317146,0.45404410130307277,3.3949869076885912,0.9,0,0,0
0.33281174,0.47854215938631683,3.0621735653919635,0.9,1,0,1
0.4963601,0.39285103672333266,3.255115598580839,0.9,1,0,1
0.47936165,0.3918805503633978,3.6729055953200564,0.3,1,1,0
0.40123895,0.3867445324284,3.300398087308799,0.7,1,1,0
0.5134377,0.4124262604722472,3.0261207468426803,0.9,0,0,0
0.40701443,0.37758278080811974,1.9399824743635556,0.9,0,0,0
0.423705,0.48759415664913786,3.6060152796207325,0.4,2,1,1
0.3633736,0.4368043426766021,3.481714572986073,0.6,0,1,-1
0.5626272,0.44986916665494436,3.5424826938097267,0.9,2,1,1
0.4634956,0.45290004804215345,2.8798554875455857,0.9,0,0,0
0.52988017,0.36470634908784094,2.8798554875455857,0.9,0,0,0
0.47083846,0.3586800350692715,3.231038391295044,0.5,1,1,0
0.5189908,0.3815585913041202,3.0310053222938813,0.8,0,1,-1
0.3415014,0.4399077020181612,3.0723279884492234,0.8,1,0,1
0.39428905,0.4558950467632171,2.6227530053006216,0.7,1,1,0
0.29436693,0.37109281661732474,2.1499844950373648,0.8,0,0,0
0.51045716,0.44182974381777634,2.651296390747766,0.9,1,0,1
0.46913734,0.47456044573505307,1.903967813087766,0.6,0,0,0
0.3578517,0.32226489511083817,2.742589501851919,0.8,1,0,1
0.50931394,0.4520544704420423,2.8272085933443494,0.9,0,1,-1
0.47307664,0.40725038417536735,3.209282221599798,0.7,1,1,0
0.43028903,0.45333686391418093,2.8798554875455857,0.9,0,0,0
0.41069275,0.3742164567645911,3.061088965391233,0.7,2,0,2
0.5344088,0.2770162979024409,2.823490576469806,0.9,0,0,0
0.4836834,0.3422739927435144,2.8272085933443494,0.9,0,0,0
0.35308677,0.30973470035021256,3.3104765148471316,0.5,0,2,-2
0.5092717,0.21448417365393055,2.8876718403890336,0.9,0,0,0
0.3577256,0.3697035324510726,2.986350030255313,0.8,0,0,0
0.40702498,0.40508561715290653,2.9793394888389986,0.9,1,0,1
0.5328891,0.4155213264955257,2.7423673632902688,0.9,1,0,1
0.40636885,0.4218425154232809,2.7683042056975897,0.8,2,0,2
0.5031758,0.4646591109836112,2.7486169445891946,0.9,2,0,2
0.49187467,0.4127247908104879,2.365764637179023,0.8,1,2,-1
0.32254958,0.31488125162331426,1.0408520829727554,0.9,1,0,1
0.4542845,0.3913014769974805,3.1443565405607563,0.9,1,2,-1
0.56020653,0.3443485193109179,2.910850294564907,0.9,0,1,-1
0.39755362,0.49443627846609106,2.98245300165137,0.8,0,2,-2
0.43706,0.34028774495244507,3.338834348070104,0.8,2,1,1
0.43051177,0.3386176514356948,3.2613344931820567,0.8,0,1,-1
0.5130695,0.367473601217775,2.9793394888389986,0.9,0,0,0
0.4708433,0.37023265229577196,3.145461844238322,0.9,3,0,3
0.53051925,0.3900045612330761,2.728948870365158,0.9,0,0,0
0.46288255,0.26268903732244636,3.087462841250339,0.8,1,0,1
0.5323605,0.39579733229025355,3.169925001442312,0.8,0,2,-2
0.5156129,0.408270708384779,2.8515895533744877,0.9,0,1,-1
0.4513667,0.42420989543563953,2.9939410804329745,0.8,1,0,1
0.5982371,0.3446156085895312,2.9318497041442484,0.9,1,2,-1
0.54756445,0.36390826253949493,3.1804513908921006,0.8,1,0,1
0.5448115,0.42285570969153036,3.145461844238322,0.9,1,0,1
0.52493346,0.46720559584355403,3.428212945841002,0.9,4,0,4
0.46707046,0.3964089043956664,3.527719015921097,0.8,0,1,-1
0.49952477,0.3466204638916157,3.527456836289434,0.9,0,1,-1
0.5488978,0.3803641111709475,3.5138923515982583,0.9,1,1,0
0.48091632,0.4737860034753119,3.6461053179749725,0.9,1,0,1
0.45537978,0.41166817581945725,2.9738513896100445,0.9,0,0,0
0.500012,0.24724359536254756,3.0320798176443113,0.8,2,0,2
0.4420612,0.2864616358000525,3.0329440206159575,0.9,1,0,1
0.48900062,0.4038913498553011,3.0295519634006656,0.9,0,0,0
0.47064388,0.34896896797811544,3.1147869792568117,0.9,0,1,-1
0.40387,0.34903023419193707,3.2885023057715044,0.7,1,2,-1
0.5279198,0.4379153564603979,3.162201868491445,0.8,1,1,0
0.49377576,0.4575622205213883,3.3809440287650876,0.9,1,0,1
0.43405378,0.48356215609765046,3.3324996657843893,0.7,0,2,-2
0.2963162,0.49668538134330487,2.98404513501038,0.7,0,0,0
0.45196858,0.43210348445326374,3.1761673177098713,0.8,1,1,0
0.5342522,0.35763083242589416,2.908173336682674,0.9,0,1,-1
0.50104463,0.3252443650918106,2.9414873698385327,0.9,0,2,-2
0.40608597,0.46934328173227174,2.9164993086170043,0.8,0,1,-1
0.50691295,0.39742457401079695,2.9725513464956443,0.9,1,0,1
0.41582152,0.3588368902375843,3.0339433670493876,0.7,0,1,-1
0.37307942,0.39377178276244296,2.776778210932318,0.9,1,1,0
0.47913143,0.27502635191116864,3.157405811425518,0.7,0,0,0
0.42578056,0.44115673281419004,2.9276073019174915,0.9,1,1,0
0.41039526,0.3158491202467987,3.0797102763173374,0.9,0,2,-2
0.47594997,0.35522425934060287,2.9725513464956443,0.9,1,0,1
0.4317883,0.48168021098798103,3.0523666852826827,0.9,1,0,1
0.43961394,0.3933234976501637,2.9654249843125933,0.9,1,0,1
0.5157326,0.3562328031824675,3.145114435693712,0.8,0,0,0
0.52880937,0.3642356090080997,2.921981709849717,0.9,1,0,1
0.39081696,0.5143325649278435,3.1589871344383833,0.8,0,2,-2
0.5044624,0.39586943650169726,1.5919171866886992,0.9,0,0,0
0.32234067,0.3987101866353929,2.5048003829823355,0.5,2,0,2
0.5719175,0.3570049426673635,1.765246528378741,0.9,1,1,0
0.40150726,0.44429267818369717,2.4729055953200563,0.4,0,0,0
0.39405155,0.3136964340049748,3.3423185195918848,0.5,0,0,0
0.41027996,0.39490930521126516,3.363713494019682,0.7,0,2,-2
0.24762505,0.41343803108556354,4.058813890331201,0.1,0,1,-1
0.52967423,0.3045177030919658,3.1456679804250074,0.8,0,2,-2
0.45358104,0.27632890738022586,3.484183719779189,0.4,3,0,3
0.47916028,0.34592624335820293,3.610574568437828,0.9,1,0,1
0.35663545,0.42025042806428187,3.7007972579148967,0.5,3,1,2
0.45763272,0.42213945659045327,3.2069051300782863,0.7,1,1,0
0.47934422,0.3507624479544472,3.5290270438427864,0.9,1,0,1
0.4158391,0.31809687650249135,3.1275683619879238,0.9,0,0,0
0.3768037,0.31734292800250485,3.066086103674094,0.95,1,2,-1
0.41871223,0.40180840824404723,3.291446071165522,0.5,0,1,-1
0.57490337,0.25617458813689575,3.3990795706241745,0.5,2,0,2
0.41866684,0.39249186547199966,3.4692407821722844,0.4,1,0,1
0.44284534,0.42444661961132163,2.9277332823800117,0.95,0,0,0
0.4787957,0.32027931859944564,3.0329440206159575,0.9,1,1,0
0.5431729,0.463362747824885,2.921981709849717,0.9,1,1,0
0.37381536,0.40891481939863106,2.8798554875455857,0.9,0,0,0
0.45398346,0.40128025427388386,2.8515895533744873,0.9,0,1,-1
0.5773508,0.36419027714410396,3.1722336752199873,0.8,2,1,1
0.36846095,0.3895037529304055,3.1301249653149705,0.7,0,1,-1
0.39483616,0.4412462755708696,4.021928094887363,0.1,0,1,-1
0.351779,0.41256805268729113,2.9982975702780195,0.9,1,1,0
0.5205617,0.43175144896503115,2.970033703884394,0.9,2,1,1
0.18326408,0.4827883392906017,3.066882991742246,0.7,1,1,0
0.50662786,0.4728702850807115,3.559246084946588,0.9,0,1,-1
0.3878404,0.4618587088570938,2.331164445867128,0.9,0,0,0
0.5440987,0.42301837545683485,3.56838223855197,0.9,1,0,1
0.44816005,0.46997845562603535,3.463019436277677,0.9,2,1,1
0.16416809,0.4958378130405366,-0.0,0.5,1,1,0
0.3772837,0.319915400073373,3.3809545941887444,0.5,0,0,0
0.4860074,0.37687483737648164,2.8690954395801547,0.9,0,0,0
0.49698272,0.38335180606471536,3.048240715894243,0.8,1,1,0
0.46858585,0.43236685564181215,3.3628224406400435,0.8,1,0,1
0.51624155,0.29192446105965847,3.1026831892554916,0.9,0,0,0
0.47521633,0.41347557370921634,3.321928094887362,0.8,1,0,1
0.453372,0.41959079494364115,3.2083333333333335,0.9,1,1,0
0.5049934,0.25818321772040187,3.1916388511252625,0.9,1,0,1
0.46559554,0.4110192754474266,3.286648574224886,0.8,0,1,-1
0.48442593,0.34233459090228474,3.3868223407025293,0.9,1,0,1
0.4151207,0.44755710739562105,2.885174447128411,0.8,0,0,0
0.35245645,0.5006730771839546,3.1489444208309094,0.6,0,0,0
0.4882277,0.41460264826571513,3.1453416616509373,0.9,1,1,0
0.46328956,0.4914081165227099,2.932638552309506,0.9,0,0,0
0.41546264,0.36057125901687687,2.9276073019174915,0.9,1,0,1
0.4237872,0.31078553546433707,2.8690954395801547,0.9,0,0,0
0.5289533,0.4532479971262699,2.728948870365158,0.9,1,0,1
0.45526043,0.42632131739737494,2.820046868677855,0.9,1,0,1
0.40795216,0.43942981053008406,3.044394119358454,0.8,1,0,1
0.41547826,0.48426641658794706,3.0395247346217844,0.9,1,0,1
0.56990063,0.3672034262002518,2.4220460141423747,0.9,1,0,1
0.51198363,0.3978352109238494,2.373874097979029,0.9,0,1,-1
0.52110255,0.4394510283907907,2.23295820487549,0.9,0,1,-1
0.48985413,0.4323422231291658,2.2177648376739314,0.7,1,0,1
0.40013996,0.3413767841528739,1.4197367178034823,0.9,0,1,-1
0.5003209,0.4024632586137953,3.01867904060296,0.9,0,0,0
0.42813584,0.36611590032756897,3.0299535906627213,0.8,1,0,1
0.40764716,0.36500213026135125,2.981714572986073,0.8,0,1,-1
0.317368,0.42062788528654654,2.867353772834994,0.9,1,1,0
0.42638394,0.38375298076932907,2.9081733366826743,0.9,2,0,2
0.42561245,0.45780174562904424,3.016150648454355,0.8,1,0,1
0.5361816,0.3313282052414514,3.2148263587688404,0.8,0,1,-1
0.41961873,0.4192189124501594,3.191698195497313,0.9,2,0,2
0.4400385,0.40812672620273754,3.060012149061901,0.9,1,0,1
0.4949319,0.27208245573013967,3.3021011143690755,0.9,1,0,1
0.42787755,0.3174825378627994,3.1088718484453604,0.7,2,0,2
0.5046946,0.32439638622325573,2.93712422423559,0.9,0,1,-1
0.46061206,0.38352659339591655,3.4400264740692115,0.6,1,0,1
0.48523566,0.34035844324597553,3.0855840599861635,0.9,0,0,0
0.4702358,0.47699352285311264,3.0510050526598267,0.9,0,2,-2
0.42195615,0.43272049970151244,2.986159088827293,0.9,0,0,0
0.54534346,0.39336661027036873,2.9736746195753727,0.8,0,0,0
0.5556444,0.3649891121752902,3.144779105045128,0.8,1,1,0
0.5562855,0.3981117049746081,3.0570081411122447,0.9,2,1,1
0.48473054,0.4014747008011894,2.728948870365158,0.9,1,0,1
0.50734746,0.3979480985662299,1.5774287729134877,0.9,1,1,0
0.4095462,0.3910440913131584,2.097854814399865,0.9,1,1,0
0.39192617,0.4807701256373137,0.9910760598382222,0.5,0,1,-1
0.4515147,0.47224818734504803,0.9852281360342514,0.8,1,1,0
0.42167988,0.3857910584992514,1.968655135064784,0.9,0,0,0
0.43207464,0.4383892554906342,2.7557338940454095,0.8,3,0,3
0.36410984,0.3715144586767346,0.7219280948873623,0.8,0,1,-1
0.45527256,0.40144382537055096,2.1829316468984663,0.9,0,0,0
0.4659572,0.27115216255687946,1.4577174691301484,0.9,0,0,0
0.46064013,0.34197319098528167,2.43293758891223,0.9,0,0,0
0.40227735,0.4504962148082341,3.0901153177826637,0.9,0,1,-1
0.36825797,0.3779946934727491,3.258694969562842,0.6,1,0,1
0.3473722,0.33365678380001523,3.2885023057715044,0.7,0,1,-1
0.40380692,0.3137824710389009,3.079710276317338,0.9,0,1,-1
0.3434841,0.3834063786324254,3.2213172218385306,0.7,1,0,1
0.43569484,0.401691710571953,3.202819531114783,0.8,1,0,1
0.4882537,0.3841175297597279,2.9945421313123273,0.9,1,0,1
0.45324013,0.4535573599750017,3.402655596558188,0.8,3,1,2
0.56560224,0.2834197497373286,3.25212471394832,0.7,1,0,1
0.4079615,0.33906439082082923,3.0033861075581556,0.9,1,0,1
0.5479569,0.4509669904100174,3.1987493433228105,0.9,2,1,1
0.44090638,0.4370206550428745,3.0142296817605008,0.9,1,3,-2
0.40211737,0.2965440010975847,3.113649565593694,0.8,0,0,0
0.48551705,0.2866199810259813,3.060960189603338,0.8,1,0,1
0.40001026,0.36914496711137607,3.2007107083800315,0.7,0,0,0
0.39397007,0.46929999161022584,3.691335882370371,0.8,1,2,-1
0.38597992,0.37244442699007685,3.5026831892554924,0.9,2,1,1
0.46219254,0.4026807516972874,3.7761589037178,0.7,2,0,2
0.4804663,0.4203867116113802,3.647168841214987,0.9,0,0,0
0.55666375,0.1309896509193163,3.5203290794503075,0.9,0,0,0
0.42063007,0.4430919697064315,3.079710276317338,0.9,2,0,2
0.45224708,0.361473661569429,3.185688680407097,0.9,1,0,1
0.34773734,0.33084860052010506,3.0640917816300157,0.8,0,0,0
0.48843646,0.4329739749681977,3.016820503097791,0.9,1,1,0
0.5473516,0.13314696093248501,3.02006164190475,0.9,0,0,0
0.4944997,0.3672246406915219,3.1809439048711057,0.9,1,0,1
0.5210217,0.3913670323301196,3.080439935111999,0.8,1,1,0
0.48506346,0.3725906012670411,3.0431653987444456,0.8,1,0,1
0.3985431,0.4807395072192325,2.9575050942752905,0.9,2,0,2
0.44771966,0.4038609971533652,3.2615971191390254,0.8,1,1,0
0.41559464,0.43702534876003585,3.01867904060296,0.9,1,0,1
0.5144763,0.4111773263838896,2.907141846237823,0.9,1,2,-1
0.4139308,0.49559924313902864,3.6040301730294653,0.7,2,0,2
0.44893768,0.3328778478484753,3.2922440311080305,0.8,0,2,-2
0.4408962,0.4421883607219574,3.325741058947207,0.7,1,0,1
0.3507376,0.45311197310119455,3.320626762407639,0.7,0,3,-3
0.5425667,0.4503019833012817,3.425173236956996,0.8,1,2,-1
0.31262788,0.3946082270932022,2.95311500557286,0.9,0,1,-1
0.46159855,0.4535007337651422,3.2696308741074525,0.8,0,2,-2
0.50483066,0.382748667733321,3.010365921862549,0.9,2,0,2
0.41307166,0.38919988698424546,3.3822912796384696,0.5,0,1,-1
0.51045287,0.37047515930785274,2.9995063428987474,0.8,0,1,-1
0.3937821,0.3245902417739209,3.1133134149256456,0.9,1,1,0
0.52339983,0.4018432012156702,3.0667602788190873,0.8,0,1,-1
0.30883384,0.3445271600124856,3.3573094463591984,0.6,0,2,-2
0.4220569,0.46126570988140386,3.1292830169449664,0.8,0,0,0
0.4934929,0.25593527466634847,2.9134523148342275,0.9,1,0,1
0.44664097,0.3448871768571413,2.913452314834227,0.9,0,0,0
0.43652686,0.29867302425286074,2.9276073019174915,0.9,1,0,1
0.46185824,0.35845579808496286,3.07173502713817,0.9,0,1,-1
0.3694869,0.32825196749202723,3.4780948881692604,0.5,1,0,1
0.3938131,0.40566085463988333,3.0604946887614526,0.9,1,0,1
0.46100318,0.4160503292560048,3.4780948881692604,0.5,0,1,-1
0.38063148,0.3470900058634162,2.9081733366826743,0.9,0,0,0
0.5103362,0.3915204970866196,3.3990795706241745,0.5,1,0,1
0.44455853,0.20174757349167524,3.0,0.8,1,0,1
0.5091833,0.4388879263041563,3.284006521086277,0.8,1,2,-1
0.46331063,0.31019786426322127,2.9531150055728603,0.9,1,0,1
0.31486952,0.47752597085536963,3.170229571393118,0.7,1,0,1
0.41482338,0.4446902891664273,3.2980685120588387,0.8,4,0,4
0.49884415,0.37296327015263253,2.956623811079363,0.9,0,2,-2
0.5518235,0.2694684959259297,2.9728488200423997,0.9,0,0,0
0.5226959,0.30024836254740234,3.1105092934584895,0.9,1,0,1
0.49905044,0.39845016793477045,3.210254793949947,0.9,0,3,-3
0.49938008,0.3090028046741498,2.974784823801604,0.9,1,0,1
0.4107275,0.33291326910153635,3.066701577503766,0.9,0,1,-1
0.37921238,0.44330882304690167,3.2307762948675878,0.7,1,0,1
0.48703972,0.3478969437010465,3.0212406251802895,0.9,1,0,1
0.40899497,0.38291636180661104,3.2012091682066526,0.7,0,0,0
0.4828831,0.4224058795326152,3.172233675219988,0.8,2,1,1
0.42603052,0.17638997202561565,3.120183935661208,0.7,1,0,1
0.44284362,0.3896145474680018,3.0729303049004795,0.8,1,0,1
0.52652776,0.3788882502781436,3.016503675437348,0.9,0,0,0
0.5125506,0.39629243079251164,3.0322682296173897,0.8,0,0,0
0.5021108,0.2349082361523133,3.149984495037365,0.8,1,0,1
0.40135545,0.2881689374987089,3.0080950024529067,0.9,2,0,2
0.37218702,0.44248288957870147,3.4207828394834356,0.7,2,1,1
0.3833257,0.3644316012961544,3.087464172602364,0.9,0,0,0
0.40665042,0.3131148041857061,3.111301952276553,0.8,2,0,2
0.28939444,0.4190757273764737,3.1136495655936933,0.8,1,2,-1
0.5412882,0.47193924622640787,3.4890502210707544,0.9,0,1,-1
0.5313091,0.4120975991313899,3.1831097439775387,0.7,0,0,0
0.5697627,0.3859647262431816,3.379029675867748,0.8,1,0,1
0.4716985,0.3712237911704836,3.1920709436946626,0.9,1,1,0
0.38203728,0.47546868586179825,3.681880802803403,0.4,1,1,0
0.48790124,0.3780061405048585,3.072271365725806,0.9,1,0,1
0.50795907,0.38866668264908455,3.404520514364954,0.9,2,1,1
0.46471497,0.3536935769794159,3.128078875727623,0.8,1,0,1
0.41981298,0.36160001459619645,3.225197876778933,0.9,0,1,-1
0.50167185,0.3939688367212372,3.1839946542893505,0.9,0,0,0
0.5119684,0.33451631906088697,3.07173502713817,0.9,1,1,0
0.24354191,0.48990518243405734,2.941487369838532,0.9,0,1,-1
0.35241902,0.44776789954304064,3.005758675304829,0.8,0,0,0
0.49511555,0.3783626475528993,3.114159445145515,0.9,0,1,-1
0.31096944,0.37483816328033287,4.058813890331201,0.1,1,1,0
0.42657605,0.4739031613870388,3.074164743022575,0.9,1,0,1
0.48967525,0.42672666025829437,3.3847185139815408,0.9,1,0,1
0.4545588,0.2738233567967453,3.169391401234469,0.9,1,0,1
0.36767268,0.3603297139446357,3.372864049934591,0.9,0,0,0
0.43509352,0.3134413714558959,3.227970006020158,0.9,0,1,-1
0.50151926,0.3881256404612367,3.0,0.8,1,0,1
0.45628917,0.4169210170101806,2.941487369838532,0.9,0,2,-2
0.51959544,0.37165524421786567,3.0212406251802895,0.9,0,1,-1
0.5820644,0.4064831229714163,3.0454914359235423,0.8,2,1,1
0.38406724,0.49146659374356716,3.0212406251802895,0.9,2,2,0
0.50957894,0.44848670246606714,2.9276073019174915,0.9,1,0,1
0.55341387,0.3786763214061292,2.8272085933443494,0.9,0,0,0
0.5115483,0.4779144915234528,2.8272085933443494,0.9,0,1,-1
0.42452317,0.43470794591192535,2.9738513896100454,0.9,1,0,1
0.33053002,0.3973090104145336,4.037401197654112,0.1,1,0,1
0.31240255,0.37668597385675645,3.0212406251802895,0.9,1,0,1
0.49492538,0.4655167641348854,3.367443242772312,0.6,1,1,0
0.40656808,0.4417210203437391,3.0933477098654247,0.9,0,0,0
0.4696068,0.38481797513223126,2.8679653582397107,1.0,0,1,-1
0.5314625,0.3974682619979851,3.06069198715719,0.8,2,0,2
0.33333236,0.4072762484251361,3.0776055591294873,0.9,0,0,0
0.557346,0.3777457641960379,3.01867904060296,0.9,0,1,-1
0.5739198,0.23304553863958985,3.4907407603107754,0.4,0,2,-2
0.3759056,0.505552334167066,3.523231428797621,0.4,1,1,0
0.5156494,0.3590823391466904,2.9131663031305894,0.9,0,1,-1
0.50657684,0.4432623643641992,3.884653744936846,0.5,3,0,3
0.31009373,0.41883262473684874,2.5341468438052397,0.7,2,0,2
0.49727875,0.43380234739838647,3.6375375112660517,0.8,1,1,0
0.49569485,0.47387206677105287,3.434032163690815,0.9,0,2,-2
0.41716987,0.3884756538092789,3.6825605804076895,0.6,0,1,-1
0.4332066,0.4104869689994228,2.541446071165522,0.8,1,2,-1
0.35333413,0.4697403733038771,0.8453509366224364,0.8,0,1,-1
0.46094579,0.3702282823734605,2.6005531384211453,0.9,1,1,0
0.47337916,0.2545035178514684,2.2524112376893783,0.9,1,0,1
0.5691781,0.4013888968238001,2.9256475703458893,0.9,1,0,1
0.36804074,0.36774469108334756,3.069048439318099,0.9,3,0,3
0.42452407,0.29481745601184206,2.941487369838532,0.9,1,0,1
0.42737016,0.3258145380718969,3.0911474282133655,0.8,2,0,2
0.64104,0.21887244472688147,3.532975135839458,0.7,2,0,2
0.5292345,0.3284606136118588,3.168017990402103,0.8,1,1,0
0.47906458,0.38869687528622887,3.1685587652592826,0.8,1,0,1
0.44822282,0.31231194618710634,2.991114850055186,0.7,1,0,1
0.45193765,0.4187023445921618,3.10441119255554,0.9,0,0,0
0.5064735,0.39684633032447003,3.1335499856926985,0.8,1,0,1
0.5813229,0.2964642976630575,2.9276073019174915,0.9,1,0,1
0.45955443,0.4400927842054683,3.53257325750262,0.5,0,1,-1
0.4697208,0.42372939263545506,3.250700726240073,0.8,1,1,0
0.4095553,0.3821552797324479,3.258463908160044,0.9,0,0,0
0.454789,0.3512342711648896,3.208840398305481,0.9,3,0,3
0.31295365,0.37044226309357253,3.6004323025356246,0.4,1,1,0
0.49833477,0.16937127798850857,2.7678941476196224,0.8,0,0,0
0.4092188,0.45429330558960834,2.921981709849717,0.9,1,0,1
0.43726638,0.41560710380955307,3.3837834090041015,0.8,2,0,2
0.2945401,0.4428294158085723,3.469240782172284,0.4,0,0,0
0.43111053,0.39521102339739805,3.4074800330514057,0.8,1,1,0
0.45674324,0.40861018510603203,3.2288890766918468,0.8,1,2,-1
0.46347356,0.38772967909261774,3.160565120875964,0.8,1,1,0
0.390471,0.1715458384726893,2.985126524384736,0.8,0,0,0
0.3812333,0.38950322511805174,3.243300368538958,0.8,1,2,-1
0.26590946,0.40365132355549205,3.053129141273489,0.9,0,0,0
0.44349912,0.4457573083571718,3.145461844238322,0.9,0,0,0
0.49022675,0.3531566021775222,2.907141846237823,0.9,1,1,0
0.44155395,0.4268523369688753,3.300905440591327,0.7,1,0,1
0.36474505,0.34232392561096264,3.1136495655936938,0.8,1,0,1
0.47523025,0.329563609457734,3.2321588913645702,0.8,2,0,2
0.40956292,0.399319571998639,1.4806821149663847,0.8,1,2,-1
0.3996104,0.33959254214757206,1.0,0.8,0,0,0
0.42401454,0.2878294206313106,0.9967916319816367,0.8,0,3,-3
0.52007926,0.43980550628549736,1.54515313983491,0.9,0,2,-2
0.36431295,0.3655438611551614,1.5466316153937778,0.8,1,0,1
0.45745826,0.35673074879980715,2.9300191536916556,0.8,1,0,1
0.40380624,0.4056822477465988,2.9518387305144014,0.7,1,0,1
0.4458847,0.45624321439083154,3.0797102763173374,0.9,0,1,-1
0.3959875,0.36410162076617897,2.9300191536916556,0.8,0,1,-1
0.46435776,0.3416205848562407,3.0805422642144897,0.9,0,1,-1
0.54773325,0.4404593872295628,2.822683189255492,0.9,0,0,0
0.5034407,0.38675848963464043,2.897914844134837,0.8,0,1,-1
0.45770633,0.33228775020430507,2.823490576469806,0.9,0,0,0
0.46079093,0.3891439617630347,2.9967879635555583,0.9,1,0,1
0.49375594,0.3115547814396758,2.822683189255492,0.9,0,0,0
0.38317627,0.478266280032758,2.8798554875455857,0.9,0,0,0
0.48720208,0.4697482721165068,3.106603137064474,0.8,1,1,0
0.40739602,0.3017749129524708,3.0454914359235423,0.8,1,0,1
0.5412345,0.3427708875260904,3.270942421748537,0.6,1,0,1
0.2965876,0.42837191014357406,3.1657302522784736,0.8,1,0,1
0.47942707,0.45794998579689694,3.0607476884752542,0.8,1,0,1
0.390788,0.4614762707531166,3.353190671338322,0.4,1,2,-1
0.5068015,0.3789309105556212,3.106921028278026,0.9,1,1,0
0.36881053,0.40494004217906865,3.072930304900479,0.8,0,2,-2
0.5436495,0.4133932634098362,3.0448016612387008,0.8,2,0,2
0.40646127,0.320472101263771,-0.0,0.9,0,1,-1
0.45543805,0.12489559162390582,1.5466316153937778,0.8,0,0,0
0.5499211,0.40040965631556324,1.9493835776503414,0.9,0,1,-1
0.54664344,0.39474483313333036,1.5243166733459836,0.9,0,0,0
0.5209546,0.3230681645364375,1.9450355658756875,0.9,1,0,1
0.4080474,0.44931397878199025,3.640223928941852,0.4,1,1,0
0.3528406,0.4104283589500232,2.9738513896100454,0.9,0,2,-2
0.26865464,0.44589067741215954,2.9738513896100454,0.9,0,0,0
0.4369238,0.3164981803167501,3.10441119255554,0.9,1,0,1
0.40211093,0.4802976922500224,2.820046868677855,0.9,1,0,1
0.48412213,0.3616969027408919,2.3156678763770073,0.8,1,0,1
0.47166774,0.3887536713184883,2.250801853844516,0.9,0,1,-1
0.48117885,0.43987685074374644,1.877387064296613,0.6,1,0,1
0.5180492,0.3671651204772314,2.708228029305049,0.9,1,1,0
0.5252727,0.39831007803380636,2.563215692534584,0.7,0,1,-1
0.49651936,0.43041862725812613,2.998966624432267,0.9,1,1,0
0.42718956,0.44659346443490106,3.0204258899649186,0.9,0,0,0
0.4200162,0.4194962176089041,3.089028803804378,0.9,0,0,0
0.47147647,0.4528748405067751,2.927607301917491,0.9,0,0,0
0.4868284,0.3421204931521418,2.9131663031305894,0.9,1,0,1
0.44430077,0.4986786293040854,2.969393857166959,0.8,2,0,2
0.40068576,0.4200772907378325,2.963856189774725,0.8,0,1,-1
0.44605625,0.37393389374513514,3.1750441909417786,0.9,2,0,2
0.42954305,0.3419471262564097,3.0239217461818537,0.8,1,0,1
0.37056306,0.3877072456621801,4.087462841250339,0.05,0,2,-2
0.46635464,0.2981890602045009,1.6589797521242053,0.9,1,0,1
0.3462071,0.4537896729770349,0.8812908992306927,0.7,0,0,0
0.43286785,0.334113463665609,1.9035239700887412,0.8,0,1,-1
0.4652022,0.4023092389655924,1.4958242288403438,0.7,1,1,0
0.49186474,0.5005086356095878,1.764694686130739,0.9,1,1,0
0.3618533,0.34119300649222284,3.6047039677121826,0.4,1,0,1
0.576761,0.3529205978278238,3.46818194698418,0.7,0,0,0
0.3847288,0.34829200438270874,3.262683189255492,0.9,2,0,2
0.33175555,0.2722010398060414,3.2833269376860605,0.6,0,0,0
0.52042824,0.44869318844029854,3.666736597354221,0.5,1,2,-1
0.44131035,0.45124242740741854,1.5451531398349103,0.9,1,0,1
0.467565,0.37260456200115194,1.5574319619297041,0.8,1,1,0
0.45683932,0.4631097788398214,0.9402859586706311,0.9,2,0,2
0.4883242,0.41863062847829424,1.9748899442849235,0.8,2,1,1
0.5075999,0.43246540380379334,1.9493835776503414,0.9,0,0,0
0.40769485,0.34506274833951855,3.1682958340544896,0.8,1,0,1
0.49184963,0.42175701292951656,2.728948870365158,0.9,0,1,-1
0.39375827,0.35908391872911605,3.028991962451992,0.8,1,1,0
0.4391873,0.3751205508370202,3.331325171381051,0.8,2,0,2
0.3719512,0.3934473292404749,3.202904337188607,0.7,0,2,-2
0.45441142,0.38936574042849764,2.9081733366826743,0.9,0,0,0
0.559609,0.30478339802246734,2.9081733366826743,0.9,0,0,0
0.41480306,0.2798392510563835,2.8851204539117536,0.8,0,0,0
0.4244268,0.36195481459207557,3.0530201924480456,0.7,1,1,0
0.45741013,0.4991975130872324,3.158771962352736,0.9,2,0,2
0.54153407,0.261998123473946,3.1897647968711222,0.7,1,1,0
0.54652715,0.3645255971213166,3.5026831892554924,0.9,0,1,-1
0.38029274,0.3335370773347434,3.1944806448504592,0.5,1,2,-1
0.49440134,0.4360765209268712,3.0443941193584525,0.8,0,0,0
0.4409647,0.3093798031303011,3.1161646427922567,0.7,0,0,0
0.44169185,0.35969748817142727,2.8226831892554918,0.9,0,1,-1
0.42071292,0.406773961122639,2.991259464125913,0.95,1,0,1
0.517504,0.3379418510983832,3.0444871515196152,0.9,0,0,0
0.43145984,0.45808947592792776,3.0151831553653174,0.9,1,1,0
0.40399322,0.376262402988601,3.0295519634006656,0.9,0,1,-1
0.35290134,0.4409820269258864,2.3695710038552735,0.7,1,0,1
0.2959811,0.3396502906388914,1.6758220575766964,0.9,1,0,1
0.5043766,0.3686088064195289,2.403784238571645,0.8,0,2,-2
0.39746422,0.3849898870786733,1.5612781244591327,0.3,2,1,1
0.4710011,0.40084700810860124,0.8453509366224364,0.8,2,0,2
0.49012876,0.2908686912134718,3.10459260679402,0.9,1,0,1
0.5098498,0.4235438317917852,3.069716848092721,0.8,3,0,3
0.47534776,0.30134577759180253,3.0276115197273348,0.9,1,1,0
0.45891702,0.3020979646742884,3.0322682296173897,0.8,0,0,0
0.5394873,0.4538192488806349,3.112771984641639,0.9,0,0,0
0.42564225,0.3078864598946213,2.9738513896100454,0.9,1,0,1
0.45945472,0.3961597824971295,3.0094638501364916,0.9,1,1,0
0.46917018,0.36897682231875184,3.015183155365317,0.9,0,0,0
0.35161126,0.49035614465314814,4.087462841250339,0.05,0,0,0
0.47575846,0.34220752825415807,3.0513050676011337,0.7,1,0,1
0.4743572,0.3661609496861229,2.8798554875455857,0.9,0,1,-1
0.2693516,0.312641419190829,2.776778210932318,0.9,1,0,1
0.45555323,0.3090096552099316,2.8798554875455857,0.9,1,0,1
0.48486796,0.46037927907973597,2.776778210932318,0.9,0,1,-1
0.45650357,0.3130401712303585,2.776778210932318,0.9,0,0,0
0.5380247,0.45340854079136306,2.105171311844886,0.9,0,1,-1
0.50966895,0.3444621508439565,1.7423773993623528,0.9,0,0,0
0.51892346,0.21161302496566498,0.9612366047228759,0.8,1,0,1
0.39935258,0.37302402159206643,0.5032583347756456,0.8,0,0,0
0.3569369,0.4339693559076965,1.5304930567574824,0.4,0,2,-2
0.44412234,0.32398280262801427,2.9945421313123273,0.9,0,0,0
0.5111826,0.38856441596814006,2.876629167387823,0.8,0,1,-1
0.48383525,0.3968069063388716,2.822683189255492,0.9,0,1,-1
0.45302272,0.35572419058481153,3.0443941193584534,0.8,1,0,1
0.38859618,0.40067137197827685,2.996791631981637,0.8,0,1,-1
0.5319279,0.49245028788434353,2.9235709187708103,1.0,2,0,2
0.4454071,0.33736754433453997,3.314603638391116,0.8,2,1,1
0.4165491,0.4097668601894288,2.820046868677855,0.9,0,1,-1
0.47044086,0.4435149527343468,2.960964047443681,1.0,2,0,2
0.4205376,0.45196982760074034,3.087462841250339,0.8,0,0,0
0.36446828,0.4001601252271272,1.7448425317532443,0.8,0,0,0
0.42543912,0.42439090745851443,3.730467373953645,0.5,3,1,2
0.36748782,0.2854787834864396,2.155913095175825,0.6,1,2,-1
0.3484022,0.3956607344103017,1.3382689280764644,0.9,2,0,2
0.50792617,0.3777918521023249,1.7570041407187533,0.9,0,0,0
0.42693365,0.3209630574636966,0.9967916319816367,0.8,0,0,0
0.39816475,0.3508843364007181,1.8732214356139145,0.8,0,0,0
0.5040449,0.36260519318052725,1.925796479454646,0.9,1,1,0
0.51633924,0.3648843297784486,0.9957274520849255,0.7,0,0,0
0.49205205,0.2788048012891533,1.5243166733459836,0.9,2,0,2
0.24786794,0.36812153456095514,0.9967916319816367,0.8,0,0,0
0.46561077,0.40406957100748525,1.575114591410657,0.8,1,0,1
0.4667698,0.32692573547862536,1.9659902819357729,0.9,0,0,0
0.39878222,0.3867654621970517,1.9690255736436506,0.8,0,2,-2
0.36183736,0.4029379545763102,1.5466316153937778,0.8,0,0,0
0.4686294,0.3606685618685533,2.207518749639422,0.9,1,1,0
0.31918618,0.43072416135563396,0.8658566174572236,0.9,0,1,-1
0.390071,0.3109547892031393,1.2389012566026307,0.8,0,1,-1
0.51492506,0.2983941986281598,1.4913146570363986,0.9,0,1,-1
0.57875955,0.33587061846205124,2.0149798205164813,0.9,1,1,0
0.50236285,0.42986226661014887,2.8798554875455857,0.9,0,0,0
0.5533787,0.40931793301735603,2.823490576469806,0.9,1,0,1
0.40544197,0.35040128479332844,2.928439190827718,0.8,0,0,0
0.48025835,0.3981050569740198,3.0607476884752547,0.8,0,1,-1
0.49257413,0.3804963030033899,3.066532536373009,0.9,0,0,0
0.52062196,0.3732424215891177,3.4001176063633007,0.8,1,1,0
0.17704983,0.46064611617085544,2.9738513896100454,0.9,0,3,-3
0.29756936,0.38430020700557416,-0.0,0.8,0,0,0
0.46660167,0.3453802033430567,3.307894275177697,0.9,1,1,0
0.4677046,0.33823392387752166,3.0266007428750976,0.9,2,0,2
0.5047939,0.4242772691315057,2.728948870365158,0.9,0,0,0
0.33233488,0.44678919780400905,3.1136495655936938,0.8,2,0,2
0.43762332,0.20225905460821925,2.9738513896100454,0.9,2,1,1
0.46143964,0.44099146163268343,3.1136495655936938,0.8,0,3,-3
0.43438134,0.2816817822010351,3.087462841250339,0.8,0,1,-1
0.4161578,0.49790163433330387,3.4594316186372964,0.8,0,1,-1
0.42179704,0.46111404658723515,2.9736746195753727,0.8,0,2,-2
0.5037209,0.4250306523858157,3.156940931520861,0.8,1,1,0
0.28301564,0.3708261962118113,3.120183935661208,0.7,2,0,2
0.5082571,0.2204723488312854,3.7456622557488313,0.4,1,0,1
0.2668681,0.5364209817306813,-0.0,0.0,0,1,-1
0.4211063,0.3601213396993637,1.8955734405551428,0.9,1,0,1
0.5512039,0.3579279013068261,2.7156355336576805,0.9,0,0,0
0.4803919,0.3577770090810953,1.5394910703001345,0.9,0,0,0
0.4416895,0.24807294012892256,1.864786979256811,0.9,1,0,1
0.46336198,0.4324169405396952,2.5543516117607594,0.9,1,2,-1
0.44666424,0.3496054868485525,1.0,0.5,0,1,-1
0.20747282,0.4582004854371448,-0.0,0.0,0,1,-1
0.4546081,0.4721564582323621,2.452702165427175,0.8,0,0,0
0.35264558,0.3812812094413432,2.141821596022348,0.7,0,0,0
0.4601528,0.19425359019498303,2.823490576469806,0.9,0,0,0
0.4904789,0.3365078800762471,3.1812397734670204,0.9,0,1,-1
0.49490094,0.35907327682300477,3.0817892437588927,0.8,0,0,0
0.38468263,0.4257525623524745,3.106936732175322,0.8,1,0,1
0.45125782,0.45361546256696367,3.144058352239916,0.7,0,1,-1
0.4609758,0.42944500575414907,2.9830749314332756,0.8,1,2,-1
0.41508773,0.47802366553067316,3.1201839356612076,0.7,0,1,-1
0.3774794,0.34864078661754644,3.1532470324098187,0.8,1,0,1
0.4815679,0.16330161569730622,2.9793394888389986,0.9,0,0,0
0.40418747,0.4674395225166699,3.0284303081421022,0.8,0,1,-1
0.41377473,0.2990885315018912,3.1978907223310395,0.7,1,1,0
0.47002265,0.3875802507041989,2.9287798125002267,0.9,1,1,0
0.3995359,0.3994498090345841,3.293783769371749,0.8,0,0,0
0.4939262,0.4539277768811724,3.132574458143994,0.9,0,1,-1
0.43364224,0.355338607298457,2.975630002882161,0.9,0,1,-1
0.57580584,0.3003350461442697,3.067347411070556,0.9,1,0,1
0.4924606,0.40357730104821193,3.1281092875020717,0.9,0,0,0
0.3937712,0.4302312293691233,3.088779347361361,0.8,0,1,-1
0.5007653,0.4703411469918613,2.9725513464956443,0.9,0,1,-1
0.4895919,0.2853180417827614,2.9414873698385327,0.9,1,0,1
0.55378604,0.4147442748439731,3.0773960049873907,0.9,0,0,0
0.41419166,0.4239498964396814,3.1301249653149705,0.7,1,2,-1
0.50620425,0.34293472046470785,3.2769917873301213,0.7,2,0,2
0.4417054,0.4691115037852963,3.2007107083800315,0.7,0,0,0
0.49539882,0.48252965240239015,3.1924876891689533,0.9,0,0,0
0.4587086,0.45971480064462,3.2592654521947813,0.9,0,2,-2
0.4449185,0.3473150383250439,2.8955933144511468,0.9,0,1,-1
0.36957118,0.39979479138871954,3.12187240011629,0.9,1,0,1
0.47790772,0.4454040566644952,3.285407303834164,0.9,1,0,1
0.5462092,0.15265298051533951,3.1245186549588992,0.8,0,0,0
0.47525185,0.48008155743362146,3.534183719779189,0.4,1,1,0
0.38277614,0.48607483714721367,3.1135451079925196,0.8,0,3,-3
0.36749035,0.4560920053663388,3.405780120188216,0.9,0,2,-2
0.539784,0.323739750765545,3.5637711953442213,0.9,0,0,0
0.41024193,0.3462064470030647,3.4278769010967927,0.7,0,1,-1
0.4618902,0.39006272300330613,3.087462841250339,0.8,1,1,0
0.4481279,0.3854553839596956,2.8798554875455857,0.9,0,1,-1
0.46923947,0.3186628881962246,2.8690954395801547,0.9,4,0,4
0.4874003,0.3932353772109027,2.908173336682674,0.9,0,1,-1
0.35083267,0.42576990958784816,2.927607301917491,0.9,1,0,1
0.47290248,0.3040253012999963,2.8226831892554918,0.9,0,0,0
0.26159343,0.5233439947597024,3.2473344554552273,0.7,0,0,0
0.40559638,0.36873715836807247,3.2083333333333335,0.9,0,0,0
0.41448787,0.39764903329921897,3.3908859435723415,0.8,0,1,-1
0.3755022,0.42803985504625575,3.242173456494686,0.9,2,0,2
0.54732627,0.42941279052930414,3.691413565371072,0.8,1,4,-3
0.44874346,0.374496424628305,3.4930175114737847,0.8,2,2,0
0.45421,0.3791871407414958,2.402107758235477,0.7,0,1,-1
0.48278263,0.4740795167276154,3.786077900122664,0.9,2,2,0
0.5092006,0.3506277922976508,3.6386295211480015,0.9,1,2,-1
0.3549609,0.45411272496535204,3.0,0.8,1,1,0
0.48013747,0.32396965431609437,2.9081733366826743,0.9,0,1,-1
0.5537128,0.29732203950734837,2.823490576469806,0.9,0,0,0
0.52941436,0.16355152176398696,2.921981709849717,0.9,0,0,0
0.4969779,0.4108142033061744,2.9674384307249486,0.8,1,0,1
0.4285269,0.4586228875171528,2.8512809122619043,0.9,1,2,-1
0.48019665,0.31952911084082736,3.156580393728044,0.8,2,1,1
0.39586028,0.2896627847945138,3.141009150817866,0.8,1,0,1
0.44542775,0.39278537964320254,3.066532536373009,0.9,2,2,0
0.5218475,0.36640194819370014,2.9725513464956443,0.9,1,0,1
0.43515325,0.45208603295641925,2.973851389610045,0.9,0,0,0
0.40467468,0.384255842899917,3.0879064273085595,0.7,0,1,-1
0.46416587,0.399663544499251,3.180451390892101,0.8,0,1,-1
0.34286025,0.4043731515203086,3.0683275401971946,0.9,1,1,0
0.4694238,0.35433926886588024,2.822683189255492,0.9,0,0,0
0.47711354,0.3917852473919256,3.0575063969967093,0.8,1,0,1
0.51718485,0.33831747852319644,3.0234651896016467,0.8,0,0,0
0.4847287,0.31416067682418486,3.021640636343318,0.8,0,0,0
0.4775724,0.4268223624774547,3.0621735653919635,0.9,1,0,1
0.36984244,0.382566149076407,3.144125936700019,0.8,1,0,1
0.2942957,0.3024869050754238,0.9612366047228759,0.8,1,0,1
0.49284613,0.3589850966252772,1.5656531116458186,0.7,0,1,-1
0.53834665,0.491753089701076,2.1829316468984663,0.9,1,0,1
0.4283065,0.4625699718161923,1.509968612636817,0.9,0,1,-1
0.2910102,0.4142439650015283,0.9798687566511528,0.7,0,1,-1
0.42410073,0.48553764603631583,2.873140679513133,0.3,1,0,1
0.55143446,0.35325820462738333,1.9437545839367456,0.9,1,0,1
0.41097012,0.3438562412452021,1.9037016960573483,0.8,0,0,0
0.23109293,0.4620629380971006,-0.0,0.0,0,1,-1
0.54340315,0.25485585347267314,1.1401156785146092,0.9,0,1,-1
0.49145362,0.39498749602933386,3.213050457080167,0.9,0,0,0
0.39952007,0.42294986123531025,2.9131663031305894,0.9,0,0,0
0.49296707,0.34017793611834984,3.253553208956351,0.9,0,0,0
0.49192333,0.3715283885293033,3.1448585007312415,0.8,0,0,0
0.49576145,0.37303753993049904,3.1699250014423126,0.8,0,1,-1
0.41531083,0.4176600054607713,2.8673537728349934,0.9,1,0,1
0.46845317,0.30917544588780255,3.2486877489908474,0.7,1,0,1
0.46891916,0.3437062593488312,2.9654249843125933,0.9,0,0,0
0.25298718,0.431584854832757,3.186728394849167,0.7,0,1,-1
0.42103377,0.29059330489925245,2.9336821423892645,0.9,2,0,2
0.5313181,0.39376928763007407,2.8987886527191513,0.9,1,3,-2
0.22573735,0.4168306663118324,0.9544340029249649,0.5,0,0,0
0.37234822,0.39564449493012743,1.9141701112307734,0.8,1,0,1
0.5032986,0.4043044931045916,1.8741838269462516,0.9,1,0,1
0.46660137,0.47828052583455366,-0.0,0.0,0,2,-2
0.39169136,0.43565279062440027,3.0884748028740803,0.9,1,2,-1
0.4603549,0.3303500652414639,2.4919674134034664,0.9,1,0,1
0.4152162,0.4311679390418097,-0.0,0.0,0,1,-1
0.4227137,0.37664147007179816,2.883215692534584,0.7,1,2,-1
0.45181698,0.44686974939698615,2.449311833026446,0.9,0,0,0
0.53812784,0.4365519292225408,1.9538824106870534,1.0,0,1,-1
0.5729765,0.31364923261899497,1.940285958670631,0.9,1,0,1
0.40811813,0.39652215380514844,1.5243166733459836,0.9,1,1,0
0.34609357,0.2977609468115536,0.8112781244591328,0.9,1,1,0
0.5336798,0.40544482126352577,1.4152689500270956,1.0,0,1,-1
0.49582916,0.37290310364362833,3.2094533656289497,0.8,1,0,1
0.49067557,0.3075655423444187,2.927607301917491,0.9,0,1,-1
0.5255516,0.3921384607428344,3.0401830439821627,0.9,0,0,0
0.4000993,0.4632096432086294,3.1702295713931186,0.7,0,0,0
0.41542628,0.3180285706514222,2.8798554875455857,0.9,1,0,1
0.4365016,0.4193390088023758,3.3153441185717374,0.9,1,0,1
0.55494577,0.4260007148126134,2.921981709849717,0.9,0,3,-3
0.54389316,0.3124929107933249,2.908173336682674,0.9,2,1,1
0.501523,0.4847548435308293,3.1841837197791887,0.8,1,1,0
0.3322725,0.4810415617261602,4.021928094887363,0.1,1,0,1
0.48494244,0.3427479252042547,2.9300191536916556,0.8,1,0,1
0.4152013,0.42336095537630225,3.1591557779961184,0.7,1,0,1
0.5380064,0.26247509559267085,3.0335718435507135,0.9,1,0,1
0.46959117,0.3832785250516127,3.028991962451992,0.8,0,0,0
0.2867346,0.4712776753120448,3.6038561897747243,0.4,0,1,-1
0.4459801,0.36171158138203063,2.996791631981637,0.8,0,1,-1
0.49740845,0.47446262322216604,3.109476857421479,0.8,3,0,3
0.46645713,0.2854781150374948,3.029551963400665,0.9,0,0,0
0.42540574,0.4256757190261667,3.1610072790013097,0.7,2,0,2
0.32549962,0.3976664541761879,3.1132696895151084,0.8,2,0,2
0.4621251,0.3537174638764236,2.822683189255492,0.9,1,1,0
0.3922648,0.4839619289346004,3.274428717291281,0.7,1,0,1
0.497842,0.3562754169419198,3.4050281244591325,0.9,0,0,0
0.41336155,0.3752099840271976,3.087464172602364,0.9,2,2,0
0.4629726,0.38213403294997417,3.226235413615309,0.8,1,0,1
0.5842237,0.4093573657585343,3.39919317732446,0.8,2,2,0
0.4765586,0.324534633437043,2.970033703884394,0.9,0,0,0
0.37382203,0.37620001616705045,2.9219817098497165,0.9,1,0,1
0.44080472,0.41411776025991937,3.02544195406668,0.9,0,0,0
0.44583198,0.4492825964274958,2.8234905764698066,0.9,0,0,0
0.35540673,0.3072488801625725,2.9333760404085045,0.9,1,0,1
0.47236243,0.4324247082577033,2.9738513896100454,0.9,0,1,-1
0.41639924,0.39839250687364847,2.8798554875455857,0.9,0,1,-1
0.39753342,0.370650936087362,4.037401197654112,0.1,1,1,0
0.53003615,0.4203666415272701,3.016150648454355,0.8,1,1,0
0.38170868,0.4437256469844191,2.947056898478542,0.7,0,0,0
0.4130615,0.4187563156569591,3.016150648454355,0.8,1,1,0
0.52553564,0.37464016262190364,2.823490576469806,0.9,0,0,0
0.44687548,0.484846032257047,2.9738513896100454,0.9,1,0,1
0.47972885,0.31493275216652855,2.916499308617005,0.8,0,0,0
0.20266336,0.4363641199973249,-0.0,0.0,0,1,-1
0.45436794,0.31217526633401915,2.279835988543111,0.9,1,1,0
0.40615654,0.5105303608373724,0.8112781244591328,0.9,1,0,1
0.50765306,0.38418955561203266,0.9975025463691152,0.9,0,0,0
0.53152704,0.4925657598652689,2.1935209511274696,0.9,0,0,0
0.42619157,0.3690717098879761,2.776778210932318,0.9,0,0,0
0.50122213,0.47304105121277557,2.8234905764698066,0.9,1,1,0
0.45038125,0.42023131434065425,2.9719373679317123,0.9,0,0,0
0.41555804,0.3817245550559282,3.0729303049004795,0.8,1,0,1
0.5071933,0.45814524334319057,2.8798554875455857,0.9,3,0,3
0.40280277,0.4365066771941226,4.021928094887363,0.1,2,0,2
0.5000871,0.353700823776917,2.931849704144249,0.9,0,2,-2
0.48558834,0.4123258006450781,3.01867904060296,0.9,0,1,-1
0.48021,0.43634845530742866,2.8851204539117536,0.8,0,0,0
0.49512962,0.3754690280589346,2.867353772834994,0.9,0,0,0
0.5393324,0.3694567277816798,2.956623811079363,0.9,0,0,0
0.44138706,0.369609927258062,2.9967879635555583,0.9,0,0,0
0.51476264,0.3846179345377758,2.876629167387823,0.8,0,0,0
0.4400019,0.4360563454775317,2.876629167387823,0.8,0,0,0
0.5351794,0.32750431893508314,3.166223347498075,0.8,0,1,-1
0.37245262,0.4243065825242953,3.1841837197791887,0.8,0,2,-2
0.4051767,0.4422538301876737,3.1155612571038103,0.8,0,0,0
0.3453042,0.3422525856702916,3.550655181215039,0.4,0,2,-2
0.39677525,0.45860516650411165,2.913166303130589,0.9,1,1,0
0.41763976,0.44493302633891085,3.0295519634006656,0.9,1,0,1
0.50644255,0.3484593351677017,2.970033703884394,0.9,1,0,1
0.35315856,0.42775168647941203,3.17438676061011,0.8,1,1,0
0.4452887,0.26845972417762887,2.97765944295582,0.9,0,0,0
0.4834403,0.44168739766940357,3.1189371167184237,0.9,0,0,0
0.40626335,0.4183991472347122,3.1152703968800375,0.9,0,1,-1
0.4639436,0.4512450757879644,3.066532536373009,0.9,1,0,1
0.44269884,0.38053715627698054,3.113649565593694,0.8,1,0,1
0.4269059,0.3529397576475187,2.822683189255492,0.9,0,0,0
0.25226513,0.5024440144394969,-0.0,0.0,0,0,0
0.34287494,0.4560613529472337,3.4058092136126814,0.4,0,1,-1
0.30354798,0.38012712295218914,3.0042169249474333,0.8,1,1,0
0.46304426,0.4724180713972756,3.2257578027690528,0.9,2,0,2
0.4653505,0.4130455718074756,3.10924347723176,0.9,2,0,2
0.34856075,0.4421807787989982,3.087462841250339,0.8,1,0,1
0.4421971,0.24934551696991616,3.0545171212383533,0.9,1,0,1
0.49685645,0.36358745655896846,3.3253523447338504,0.8,0,0,0
0.5226848,0.21358029604576861,3.270244207153756,0.9,2,0,2
0.3629707,0.4039139783549053,3.1804513908921006,0.8,2,1,1
0.50687987,0.4134676786687584,3.458966082694624,0.8,0,1,-1
0.5005779,0.39767774711031445,3.5351780318460246,0.6,1,1,0
0.5666828,0.3870976569317444,3.5674876587489726,0.7,1,1,0
0.47774065,0.44920949542492855,3.430750178437042,0.9,2,1,1
0.28363442,0.37812958689813386,3.21851793731773,0.7,1,0,1
0.4722345,0.38647971579917795,3.4729377533214834,0.9,2,1,1
0.43880454,0.35579020817191953,3.234483349258923,0.9,0,0,0
0.46008313,0.4126245249002048,2.8798554875455857,0.9,0,0,0
0.4482314,0.41339235338993086,2.9967879635555583,0.9,1,0,1
0.39277518,0.39374462676235295,3.202904337188607,0.7,1,1,0
0.3596254,0.28682632988737194,3.044394119358454,0.8,1,0,1
0.49751592,0.23960425793851084,2.8798554875455857,0.9,0,0,0
0.548796,0.3867576824463641,3.1753519855638412,0.95,3,0,3
0.4284058,0.3700190997151101,3.069425412119296,0.8,0,2,-2
0.43526363,0.3444576417011248,3.2628796312321993,0.9,2,1,1
0.50593454,0.42799715049284065,3.0732950479319263,0.8,2,1,1
0.49135697,0.35488424434566357,3.470326965173309,0.8,2,0,2
0.53168666,0.4572353611646145,3.4058092136126827,0.8,0,2,-2
0.55582404,0.3521574715101181,3.047406186261042,0.8,1,1,0
0.41410708,0.45198427753197756,3.041685353612851,0.9,0,1,-1
0.5373432,0.37506394495014944,3.3310508763572906,0.8,0,1,-1
0.49006394,0.4327309855618452,3.477620335169482,0.9,2,2,0
0.3403662,0.4080709066796637,2.9830749314332756,0.8,1,0,1
0.46784943,0.32095756348464544,3.2373304380323065,0.9,0,3,-3
0.42382717,0.3848105065388945,3.093182919412323,0.7,0,0,0
0.4609142,0.36476717557374366,3.209282221599798,0.7,2,0,2
0.3493298,0.4793342068422897,3.12187240011629,0.9,2,1,1
0.5335758,0.3977365560839572,3.2735356706486747,0.9,1,2,-1
0.49598995,0.45464271079440516,2.9887268553590705,0.9,1,2,-1
0.44452658,0.4165575335082337,3.75,0.4,1,0,1
0.43840098,0.46276121316879254,3.2222419725897473,0.9,2,0,2
0.41966352,0.41522444879041426,3.0977968115985957,0.8,0,1,-1
0.48705533,0.32536842802595267,3.6469666682736497,0.6,1,0,1
0.3930804,0.25876644876720495,3.0604946887614526,0.9,1,0,1
0.33813176,0.3981509494583011,3.1301249653149705,0.7,1,2,-1
0.4271541,0.4788724367106139,3.592370993177108,0.6,1,2,-1
0.40071365,0.2791504488866832,3.296942021548644,0.8,1,1,0
0.5188673,0.3807076460208934,1.756623811079363,0.9,0,2,-2
0.4517569,0.40925016525413527,0.9886994082884976,0.9,1,0,1
0.41694754,0.23890374214973356,1.5394910703001345,0.9,0,0,0
0.48330235,0.4632723609696946,0.9402859586706311,0.9,0,0,0
0.5116836,0.40289200788720436,1.9628980971151297,0.9,1,1,0
0.5214002,0.43589535831725457,3.1281092875020717,0.9,1,0,1
0.39828083,0.4192282325295201,2.9481868888854508,0.9,1,2,-1
0.45943734,0.38832252383258276,3.3841301759080427,0.9,1,2,-1
0.46245587,0.3833159551800683,3.0350849518197793,0.8,0,0,0
0.35740906,0.41762053578107494,2.8798554875455857,0.9,1,0,1
0.48867035,0.30736573630127473,3.13816585570409,0.8,1,0,1
0.39916575,0.39438133001996306,1.5216406363433184,0.8,1,0,1
0.53969526,0.43369238310911057,2.6349331873910415,0.9,0,0,0
0.38434112,0.2928901681307638,2.544876086303668,0.8,4,0,4
0.3787051,0.3676964906797622,1.792481250360578,0.3,1,0,1
0.38103282,0.3173999866008671,2.776778210932318,0.9,0,0,0
0.4458307,0.4657597647922998,3.386842188131012,0.8,1,0,1
0.5240862,0.4054696390743266,3.176635279303483,0.9,1,0,1
0.46172792,0.3576609791505851,2.9861590888272933,0.9,2,0,2
0.13601892,0.43680619979306196,3.060540527674168,0.8,1,1,0
0.42360276,0.45152493270868005,2.1140368018373037,0.8,0,1,-1
0.4923681,0.29692700784319564,1.4913146570363984,0.9,0,0,0
0.4294047,0.30937010430653644,0.9975025463691152,0.9,0,0,0
0.50309646,0.3769489075676685,1.3844315043405981,0.7,2,0,2
0.5279453,0.36289814543827115,1.4197367178034825,0.9,0,0,0
0.32178262,0.31883705559564485,3.0604946887614526,0.9,1,1,0
0.5034622,0.35900854808384525,2.8327899219603223,1.0,0,1,-1
0.28292117,0.39867763444067467,3.1702295713931186,0.7,0,1,-1
0.5291821,0.43602561855053296,2.9064997125806005,0.9,0,1,-1
0.42151082,0.46205265335178985,2.8798554875455857,0.9,0,0,0
0.40998742,0.29916203175122125,2.823490576469806,0.9,1,1,0
0.52132136,0.45459218912649524,3.0395632566650486,0.9,0,0,0
0.5497866,0.3823645203463636,2.8955933144511468,0.9,0,0,0
0.48595384,0.3370550831247672,3.044801661238701,0.8,1,2,-1
0.45265746,0.47251074652114644,3.2634309437315068,0.8,0,2,-2
0.45479926,0.36710701923756184,2.9738513896100454,0.9,0,0,0
0.34144965,0.40433919251316924,3.0,0.8,1,2,-1
0.407602,0.4029720736226771,3.6437763910523575,0.4,2,1,1
0.36482975,0.4333244227631958,2.8851204539117536,0.8,2,0,2
0.44376513,0.3763521808639113,2.9736746195753727,0.8,1,1,0
0.4604412,0.3737981152035961,2.776778210932318,0.9,1,1,0
0.5738639,0.35104303915780205,2.776778210932318,0.9,0,0,0
0.416298,0.4651431283265935,2.8574221168384883,0.8,1,1,0
0.41495782,0.45701710678951557,2.8798554875455857,0.9,0,2,-2
0.4909549,0.3933997521265346,2.8851204539117536,0.8,1,0,1
0.42815804,0.30970269716361837,2.851589553374487,0.9,0,0,0
0.44117367,0.35352517738491185,3.0577968115985956,0.8,1,0,1
0.49438697,0.37644281198057794,3.4686365436008777,0.4,1,2,-1
0.4129047,0.2773672929864493,3.4558215929997598,0.5,1,0,1
0.32602918,0.4124428623178413,3.1542221846835226,0.8,0,2,-2
0.5566884,0.3084665875139191,2.823490576469806,0.9,1,0,1
0.3828362,0.4216251882488693,3.6038561897747243,0.4,1,1,0
0.47745952,0.3095824322007709,3.167226859632983,0.9,0,0,0
0.5438358,0.40297710924638064,3.008095002452907,0.9,2,0,2
0.44845164,0.4263344722848214,3.4875555180168556,0.4,0,1,-1
0.44737586,0.34757932481726295,3.2769917873301218,0.7,1,0,1
0.37008384,0.4081771352920825,3.2372498284361546,0.9,0,1,-1
0.4624905,0.3868005914354581,3.2586217800361656,0.8,2,0,2
0.5677886,0.31784075297568526,2.910850294564907,0.9,0,0,0
0.38863528,0.47867550448646456,3.339572261986723,0.6,2,1,1
0.38561946,0.28916119418437725,2.8798554875455857,0.9,1,1,0
0.51568246,0.39416703118967766,2.8851204539117536,0.8,0,0,0
0.5025601,0.4504149230715761,2.92357091877081,1.0,1,0,1
0.36291406,0.3693080255597791,3.263019405663636,0.6,2,1,1
0.5439364,0.38577322862031027,2.979339488838998,0.9,0,2,-2
0.5812394,0.2609080360999488,3.042141110799899,0.8,1,1,0
0.399217,0.42645023592654974,3.2473344554552273,0.7,0,0,0
0.44143185,0.3978613587599187,2.820046868677855,0.9,0,0,0
0.45110494,0.2637863319650138,2.913452314834227,0.9,0,0,0
0.40195838,0.4354795408916969,3.057506396996709,0.8,2,0,2
0.37883312,0.282360008066141,3.1699478040040017,0.9,1,0,1
0.49660552,0.3549041880063588,3.4447738350294776,0.5,1,0,1
0.5168636,0.36037708929430357,3.194178675770189,0.8,1,1,0
0.55099285,0.37426621375749813,3.3709093591738495,0.9,1,0,1
0.41359088,0.4259993001704027,3.2822921890824146,0.9,2,1,1
0.41617152,0.32856380759688014,3.0367291555082163,0.9,1,0,1
0.52305984,0.5163573329644473,3.8663874393178337,0.8,2,2,0
0.4855566,0.30621396061812856,3.2118375880956322,0.9,0,0,0
0.44426778,0.4019934215736334,3.394358352221612,0.9,3,0,3
0.5499031,0.36922280401472163,3.347423290888531,0.9,1,1,0
0.45215207,0.3358565938462425,3.3079599613021142,0.9,0,0,0
0.4121138,0.5474708054990067,3.6131137404764777,0.8,2,1,1
0.30818212,0.42586161538253586,3.2660562582833683,0.7,2,1,1
0.4853453,0.48707251039321625,3.282511110245937,0.7,1,1,0
0.54708904,0.35495942748783826,3.3976934078778407,0.9,1,0,1
0.35441142,0.3282359723526839,3.0,0.8,1,0,1
0.4703965,0.35368052461970384,2.776778210932318,0.9,0,1,-1
0.49906388,0.4486795733890479,3.0339433670493885,0.7,1,1,0
0.41291726,0.41542434554412194,3.04416892706268,0.8,0,3,-3
0.47845563,0.39415020649866633,3.0311329378292022,0.8,1,0,1
0.46824142,0.5069812711091536,1.495538029919111,0.9,0,1,-1
0.22967644,0.516679491201342,0.9957274520849255,0.7,1,1,0
0.491138,0.45692479836744243,0.8112781244591328,0.9,0,1,-1
0.50163484,0.35027392550901865,1.55887184844536,0.8,0,0,0
0.4683009,0.373134238543304,1.4466479595102752,0.9,1,1,0
0.39336768,0.5362168706861876,3.4649847860618066,0.9,1,0,1
0.5013837,0.42119058144790866,3.553821447624048,0.9,1,3,-2
0.48869976,0.4094038507505928,3.6326961481562865,0.7,1,2,-1
0.4594898,0.44161428054974444,3.5192279220827705,0.9,1,0,1
0.4623202,0.3542973836476011,3.5905848121450132,0.9,1,1,0
0.46169633,0.36629023492323964,2.9284391908277185,0.8,0,1,-1
0.27511594,0.3807817333039162,3.0083905089611345,0.9,2,3,-1
0.4994873,0.37257455456182653,3.1051072407721727,0.9,0,0,0
0.453054,0.34595772377156714,3.0212406251802895,0.9,1,2,-1
0.38853997,0.44907201917993206,3.248552892420613,0.7,1,0,1
0.5015501,0.37335253858663325,2.9375,0.8,0,0,0
0.4658895,0.49963862194205694,2.8791474648822764,0.9,0,0,0
0.44273677,0.3873572455728439,3.189010909298125,0.6,1,1,0
0.34511697,0.4796340992700589,3.339572261986723,0.6,0,1,-1
0.3554113,0.2537734757122032,3.258694969562842,0.6,2,1,1
0.46698186,0.4249307859777133,2.728948870365158,0.9,2,0,2
0.40040916,0.3455111626924464,2.8311845963584887,0.8,0,0,0
0.5419567,0.45637161881975785,2.9532908525815538,0.9,0,0,0
0.2789688,0.47218768209986334,3.068084324344715,0.8,1,1,0
0.3565092,0.47492692692671196,3.1301249653149705,0.7,0,1,-1
0.5002342,0.4227210686007525,3.0621735653919635,0.9,0,0,0
0.4944593,0.4066616115719577,3.10441119255554,0.9,0,2,-2
0.47468802,0.45003972320331626,3.0815691829038667,0.9,1,0,1
0.3352077,0.318395272083951,3.087462841250339,0.8,0,2,-2
0.3462501,0.36249834958172,2.9571186795717916,0.8,0,1,-1
0.5201928,0.3537173626580253,2.728948870365158,0.9,1,0,1
0.43152964,0.391944916065527,2.927607301917491,0.9,1,0,1
0.50866055,0.3863183198544184,2.8574221168384883,0.8,1,0,1
0.49772912,0.4070332753299515,2.728948870365158,0.9,1,0,1
0.4668978,0.3162891734742297,2.8723887561033683,0.9,1,0,1
0.19877884,0.4156998373567447,-0.0,0.0,0,1,-1
0.42660397,0.42291355338988235,1.8210319581338212,0.9,2,1,1
0.456701,0.4511001746916994,0.7219280948873623,0.8,0,2,-2
0.40055177,0.4823969984653433,0.9402859586706311,0.9,0,1,-1
0.47561386,0.16723118061213144,1.7806390622295662,0.8,0,0,0
0.52411336,0.36583177002867207,3.1105190057600294,0.8,0,1,-1
0.5002525,0.42683171861786207,3.0905703849299444,0.8,1,1,0
0.4199277,0.45251971703907096,3.5271691184406184,0.4,2,1,1
0.38816518,0.38519499626871967,3.0878288332531665,0.9,0,2,-2
0.39784884,0.26242519493145994,2.9830749314332756,0.8,1,0,1
0.2874455,0.40497798597879714,-0.0,1.0,1,0,1
0.44910005,0.45437502469780755,-0.0,0.9,0,1,-1
0.49553066,0.3696992805143908,0.9975025463691152,0.9,0,0,0
0.4162779,0.3604409905690617,1.9690255736436506,0.8,0,1,-1
0.47662476,0.36091262254579065,-0.0,0.9,0,1,-1
0.48745713,0.37075946486434624,2.500863613362384,0.9,1,0,1
0.5173708,0.36767942740397486,2.6322797039556987,0.9,0,0,0
0.50254834,0.42696066174563474,2.251185325340039,0.8,1,0,1
0.37676945,0.39967529149417363,1.9219280948873623,0.2,1,1,0
0.41705838,0.3545401892376693,1.799015670655122,0.9,1,0,1
0.49851865,0.3381411989654001,2.8876718403890336,0.9,0,0,0
0.43376446,0.35844467619186693,3.275222040316422,0.5,1,1,0
0.39498067,0.37647461926958065,3.1804513908921,0.8,1,1,0
0.3613228,0.45978086625959413,2.8798554875455857,0.9,1,0,1
0.5231157,0.3804752130653845,3.1132487859427433,0.8,1,0,1
0.4844697,0.430756203237648,2.9470568984785412,0.7,1,1,0
0.40416476,0.4177858976883509,3.090347275584621,0.7,1,0,1
0.41390687,0.31184596846760154,2.9674384307249486,0.8,1,1,0
0.506464,0.4468884996143815,2.9793394888389986,0.9,2,1,1
0.46413368,0.4540154153532231,3.10459260679402,0.9,1,1,0
0.4723805,0.37383104945618917,1.8262097813914586,0.9,1,0,1
0.45235398,0.3378018505402001,1.6644977792004614,0.9,1,0,1
0.45585826,0.3118339789511533,1.5715416718219246,0.7,0,1,-1
0.3903824,0.38000070711845363,2.263141674021115,0.7,0,1,-1
0.47189942,0.27684199248083596,2.223440813474588,0.9,1,0,1
0.53010124,0.3728006905149026,2.48295820487549,0.9,2,0,2
0.4354736,0.31915970741318317,1.4466479595102752,0.9,0,0,0
0.3889724,0.47473157259958554,2.243735757336199,0.8,0,1,-1
0.32035804,0.405440397281845,2.2229074943218796,0.8,1,0,1
0.4871067,0.1799408623730328,2.1368726956404434,0.9,0,0,0
0.46578437,0.3140057387387439,3.01867904060296,0.9,1,0,1
0.32431307,0.3874822615495964,2.973851389610045,0.9,1,0,1
0.4008274,0.4648662530026457,2.9738513896100454,0.9,0,0,0
0.471406,0.3976046449101122,2.9300191536916556,0.8,0,0,0
0.54746515,0.3909693091887175,2.8226831892554918,0.9,0,1,-1
0.40615603,0.4068090844969959,2.8798554875455857,0.9,1,1,0
0.46014223,0.4262282737294052,2.8798554875455857,0.9,0,1,-1
0.48968312,0.45709864822494,2.728948870365158,0.9,0,0,0
0.20215327,0.446123394554755,2.8798554875455857,0.9,0,0,0
0.5331479,0.3864065514280568,2.8001926034202227,0.9,0,1,-1
0.5291402,0.3716300070678735,3.1937066151672147,0.8,0,0,0
0.36739862,0.31393378415839995,3.1301249653149705,0.7,1,0,1
0.48282993,0.3630072039092867,3.1306696970649135,0.9,1,2,-1
0.4316755,0.46423614096124305,2.927607301917491,0.9,0,1,-1
0.57102877,0.3608937543284494,3.199331946607913,0.8,0,2,-2
0.44276673,0.3623103374232149,2.9532289446393953,0.9,0,2,-2
0.51780576,0.3420694591566664,3.326245258402609,0.6,1,1,0
0.37661666,0.3883068811436776,3.01867904060296,0.9,1,0,1
0.3671278,0.4529894753379732,3.200710708380031,0.7,0,2,-2
0.46083856,0.451427902264934,3.1699250014423126,0.8,1,0,1
0.546201,0.35636781276534046,3.295461844238322,0.9,1,0,1
0.39615116,0.4029580035208937,2.9284391908277185,0.8,0,1,-1
0.39538836,0.3350456968467122,3.0837980399870335,0.8,0,0,0
0.43425098,0.45717679142578405,3.113173502495755,0.9,1,1,0
0.37803745,0.37511891858696395,3.1063568479084016,0.8,0,0,0
0.49192506,0.44926648162323285,2.8798554875455857,0.9,0,1,-1
0.38442093,0.29936520622500545,2.8311845963584887,0.8,0,0,0
0.40998802,0.4204235870043163,2.9674384307249486,0.8,0,3,-3
0.42724654,0.42493125438546214,3.100412897259045,0.6,3,0,3
0.4774463,0.3930895424007874,2.944452798531527,0.8,1,0,1
0.5327317,0.4619963732476145,1.756623811079363,0.9,1,1,0
0.41795358,0.43916605200347336,0.9402859586706311,0.9,1,1,0
0.45502147,0.3714495429167262,0.9798687566511528,0.7,0,0,0
0.43828568,0.4767307015547896,0.9402859586706311,0.9,0,0,0
0.4888317,0.3345724246847553,0.9402859586706311,0.9,0,0,0
0.5502913,0.5002442441387401,1.8955734405551428,0.9,0,0,0
0.3754164,0.4391864648730105,0.9967916319816367,0.8,1,0,1
0.5312652,0.4397757085506664,1.54515313983491,0.9,0,2,-2
0.284549,0.28445394400611856,-0.0,0.9,0,0,0
0.34857044,0.45515850800780344,0.9402859586706311,0.9,1,1,0
0.46849978,0.47862422455150705,1.9542823944388745,0.9,0,1,-1
0.45116484,0.5188691412032003,2.4436420209076157,0.9,2,0,2
0.5007597,0.43766425031409445,1.4577174691301484,0.9,0,0,0
0.36946926,0.34011704865158915,1.9312952802328747,0.7,2,0,2
0.49671933,0.4401571637717319,2.508621780036165,0.8,2,0,2
0.43572083,0.3308109937395403,2.9738513896100454,0.9,1,0,1
0.4577003,0.3870787459117686,3.1141594451455146,0.9,0,1,-1
0.346853,0.2749654129257228,3.066882991742246,0.7,0,0,0
0.53972864,0.38586368120762915,3.145461844238322,0.9,0,1,-1
0.44979408,0.3028589868823258,2.8798554875455857,0.9,0,0,0
0.3769237,0.34626124694768223,2.7254805569978675,0.2,1,2,-1
0.47691655,0.32590743528939503,2.1336606896881856,0.8,2,0,2
0.48927462,0.4675615842421201,2.284476351041122,0.6,1,1,0
0.40019947,0.31807144979084695,2.246439344671016,0.3,1,2,-1
0.44158638,0.36988536607403866,1.894273869771264,0.9,2,0,2
0.34605512,0.4394449408391396,3.8100810205217304,0.3,0,0,0
0.4719663,0.4297241856269115,3.169925001442312,0.8,1,0,1
0.46435487,0.37489579184040905,3.2664315444816965,0.9,1,1,0
0.44194382,0.27449365839844253,3.074409595714051,0.9,2,0,2
0.34220964,0.3730119587846308,3.087464172602364,0.9,0,1,-1
0.5328705,0.30337971490206467,2.95718034030284,0.9,0,1,-1
0.45605084,0.4061889550505852,3.140968445150808,0.9,0,2,-2
0.38156745,0.33832385925436614,2.9501083034524536,0.8,1,1,0
0.2663267,0.40721831068941267,4.058813890331201,0.1,1,0,1
0.42864326,0.38204257721036994,2.9817145729860735,0.8,1,1,0
0.52151203,0.304415144812697,3.0662040427600905,0.9,0,0,0
0.5344995,0.37502145847787505,3.143123372153666,0.9,2,0,2
0.36272848,0.4000623799434181,1.8716022614097978,0.9,0,1,-1
0.4033512,0.3933976831978338,2.6227783478842657,0.7,0,0,0
0.5119162,0.36179174352740934,3.268472751631122,0.8,3,0,3
0.4984583,0.35058046231122664,3.05956081428629,0.8,1,0,1
0.47279766,0.40433058579373565,3.0776055591294873,0.9,0,2,-2
0.46979263,0.4124975042409155,3.0454914359235423,0.8,0,4,-4
0.43453503,0.2552311398903631,3.028991962451992,0.8,2,0,2
0.4250599,0.41548866969063836,3.0212406251802895,0.9,0,0,0
0.5793853,0.3177005631966676,3.034838803961721,0.9,0,0,0
0.36600676,0.2995177019175175,3.129283016944966,0.8,0,1,-1
0.47324765,0.3437995730140148,2.9736746195753723,0.8,0,2,-2
0.50601584,0.37924333723230225,3.424165173738152,0.7,1,0,1
0.41526818,0.34100962120882455,3.01867904060296,0.9,1,0,1
0.43405673,0.30606014048287317,3.2344266311407566,0.9,0,1,-1
0.49045593,0.36260568193808884,2.7942086837942446,0.8,1,0,1
0.36638016,0.5095689484838184,3.8529951860662432,0.6,1,3,-2
0.4051087,0.2886880357893589,1.959147917027245,0.4,1,0,1
0.21777363,0.3826671495921173,2.435777735990273,0.9,1,1,0
0.383897,0.39471147671181295,2.8798554875455857,0.9,1,0,1
0.41850814,0.4509417181726058,2.908173336682674,0.9,0,1,-1
0.52333826,0.3286205869642099,3.066532536373009,0.9,1,0,1
0.4889047,0.30865421038699015,2.998966624432267,0.9,2,1,1
0.40287507,0.38275692975183445,3.02544195406668,0.9,1,0,1
0.50496346,0.4114086541142747,2.9081733366826743,0.9,1,0,1
0.37589562,0.37232541827640897,2.9257706341398295,0.8,0,1,-1
0.51071185,0.3607041550579776,2.8798554875455857,0.9,0,1,-1
0.4670995,0.38903063923953596,2.9284391908277185,0.8,1,1,0
0.53662014,0.25554801914961484,2.776778210932318,0.9,1,0,1
0.5089508,0.3590651976516626,3.035558029077429,0.8,1,0,1
0.43283308,0.3592066071704008,2.8673537728349934,0.9,0,1,-1
0.5244235,0.3617549220107758,2.9134523148342275,0.9,1,0,1
0.47753376,0.3536536996452449,2.8798554875455857,0.9,0,0,0
0.47603214,0.42329230809269686,3.053129141273489,0.9,0,1,-1
0.46540678,0.47090794836962635,1.4618381992568745,0.9,1,0,1
0.36436465,0.4178512932919834,2.2579235654413843,0.8,0,1,-1
0.4752501,0.3566611990992039,1.509968612636817,0.9,2,0,2
0.4924563,0.5051363882847102,1.509968612636817,0.9,1,0,1
0.51849186,0.39392919231558216,1.8741838269462516,0.9,1,1,0
0.23109293,0.4620629380971006,-0.0,0.0,0,1,-1
0.4503095,0.4931318993922323,2.557543733018063,0.7,3,2,1
0.44045484,0.3326594448258658,1.5243166733459836,0.9,0,0,0
0.5127748,0.42077924892019547,1.5090275125326513,0.9,1,1,0
0.51371163,0.3430095006469365,2.2961796919474975,0.8,1,0,1
0.49552125,0.4337535654181167,2.717256896669978,0.9,0,0,0
0.32151306,0.411265408975911,1.0,0.7,1,1,0
0.4090858,0.3442854731683293,1.5466316153937778,0.8,0,0,0
0.5596936,0.41781277316393867,1.9803464138951994,0.8,0,0,0
0.42806765,0.39187847387207986,1.5304930567574826,0.8,0,0,0
0.3449891,0.43192478298154824,2.8798554875455857,0.9,0,1,-1
0.50374734,0.4215270637718601,3.01867904060296,0.9,1,1,0
0.4253054,0.3640128678697607,2.9531150055728603,0.9,2,0,2
0.5312878,0.3393644977146266,2.9738513896100454,0.9,0,1,-1
0.33628982,0.45538366765260985,3.762267390651494,0.3,1,0,1
0.535181,0.27926831092066967,2.9736746195753727,0.8,2,0,2
0.4524535,0.28038690513083203,3.071928094887362,0.8,0,1,-1
0.44243014,0.4170920027604727,3.2683535707468736,0.8,1,0,1
0.48850656,0.36428345794824807,3.115270396880037,0.9,1,0,1
0.4559754,0.3708127360029445,2.822683189255492,0.9,0,1,-1
0.437967,0.46469854191094156,0.9967916319816367,0.8,0,0,0
0.25127557,0.49010713112474524,-0.0,0.0,1,0,1
0.43132377,0.4810985472374636,1.0,0.9,0,0,0
0.49883136,0.30410715735274124,-0.0,0.8,1,0,1
0.3649491,0.334368710561743,0.9402859586706311,0.9,0,0,0
0.53145003,0.27029541492364617,2.9879624409432055,0.95,1,0,1
0.534111,0.4276622063487441,3.0484424325100314,0.9,1,0,1
0.48144516,0.3542486209160457,3.2198790750512862,0.6,1,2,-1
0.4893379,0.3586637843980877,2.927607301917491,0.9,1,1,0
0.47310436,0.409954250038128,3.1301249653149705,0.7,0,0,0
0.40635455,0.43022281536182444,3.0,0.8,0,0,0
0.38467312,0.3183401678661935,3.272495639631226,0.6,2,0,2
0.3660942,0.3677647811726084,3.6038561897747243,0.4,1,2,-1
0.4100148,0.43452029808202086,3.3772781309874356,0.5,2,1,1
0.4655142,0.46556599762886547,3.530493056757483,0.4,2,1,1
0.45919263,0.2875688298081065,3.157296579325624,0.8,1,1,0
0.510953,0.5095405500402334,3.0367291555082163,0.9,2,1,1
0.39342433,0.3823944408597444,2.9736746195753727,0.8,1,1,0
0.5543173,0.3441992179885065,3.064198871213577,0.8,0,1,-1
0.5277047,0.247441560675951,3.1622971161405955,0.9,1,0,1
0.47619224,0.3168275738629961,3.3670836620365017,0.7,0,2,-2
0.48147327,0.4299727428223705,3.361429088526554,0.5,2,1,1
0.24570616,0.4386429766454389,3.2256108145207376,0.7,1,0,1
0.5336349,0.4026678237465399,3.136880337497435,0.8,1,1,0
0.34035426,0.4302182958401568,3.9139770731827515,0.2,1,1,0
0.47203782,0.36577668365396065,3.0,0.8,0,0,0
0.41057092,0.48358364073859206,2.8798554875455857,0.9,0,1,-1
0.4386609,0.3610563028686469,2.8851204539117536,0.8,1,1,0
0.3894719,0.41097078633015505,2.9081733366826743,0.9,0,1,-1
0.3602061,0.4258416842834672,2.9414873698385327,0.9,0,0,0
0.41960523,0.4622631336081685,3.1088091805424773,0.8,1,0,1
0.5404848,0.37154077595883045,3.5434301467812963,0.8,3,0,3
0.46212262,0.35988161610367,3.0840618442243883,0.8,0,0,0
0.39090657,0.275450523299587,3.024426180279547,0.9,1,0,1
0.49264756,0.40871037096278623,3.4690640517640445,0.9,2,1,1
0.40548608,0.363473918880225,3.0530201924480456,0.7,0,2,-2
0.44881368,0.45646518749345555,2.8798554875455857,0.9,1,0,1
0.49405625,0.42079005974282896,3.1826575788844838,0.7,1,0,1
0.42664653,0.4890665364726529,3.2914460711655216,0.5,0,1,-1
0.34028763,0.3955234220207483,4.087462841250339,0.05,1,0,1
0.5266373,0.42764971807158875,2.867353772834994,0.9,1,0,1
0.47524533,0.34832671653572367,2.927607301917491,0.9,0,0,0
0.45310315,0.3302318910570707,2.8851204539117536,0.8,1,0,1
0.4953029,0.4331934872462064,3.0717350271381694,0.9,1,1,0
0.35649273,0.4989766355035377,4.087462841250339,0.05,0,1,-1
0.39713442,0.31066541470473696,3.0685409330566378,0.8,0,1,-1
0.50688607,0.40692696858491945,2.9725513464956443,0.9,0,1,-1
0.44995782,0.3781920390133551,3.0082222749239294,0.7,1,0,1
0.356028,0.33674333811384227,2.9681666405523326,0.9,2,0,2
0.3975729,0.46927132255844384,3.182490186751775,0.7,2,0,2
0.5078024,0.3616512913334227,2.9736746195753723,0.8,1,0,1
0.44673824,0.42119936877872144,2.8676193510905827,0.9,0,1,-1
0.42425153,0.4213261136151739,2.8979148441348372,0.8,0,1,-1
0.44577315,0.4301599699684955,3.0924251316703333,0.7,1,1,0
0.36936447,0.32284781919683414,2.8798554875455857,0.9,1,0,1
0.5253269,0.43802275555313724,3.4971558025756693,0.9,0,1,-1
0.39568555,0.46709827405829474,3.586890264002434,0.8,1,1,0
0.52418166,0.44391831084338884,3.56088721724265,0.9,0,3,-3
0.4581962,0.38340792048874855,3.5636735550997316,0.9,0,2,-2
0.51825935,0.15473964064143406,3.5664880607776355,0.7,0,0,0
0.40308923,0.23122916305089045,2.9284391908277185,0.8,0,1,-1
0.44185093,0.43096793950438245,3.133391874882373,0.9,0,0,0
0.5591357,0.31743394880890735,2.820046868677855,0.9,0,0,0
0.53408915,0.43910620023280283,3.09959222400268,0.9,2,0,2
0.39391136,0.4957710592932146,3.232598678092863,0.7,0,1,-1
0.33391187,0.35613869668652864,3.106356847908401,0.8,1,0,1
0.44677982,0.35998192490765757,3.2926584359133804,0.9,0,1,-1
0.43545544,0.4621251583697843,2.9031332547237456,0.9,0,0,0
0.48412228,0.40784119907345917,3.1426643555488485,0.8,1,1,0
0.4246977,0.30124989462399204,3.1059444262010527,0.7,0,0,0
0.50310737,0.37336275668915136,2.9876013115120563,0.8,1,1,0
0.4131899,0.4445615509857641,3.120725696104038,0.8,1,1,0
0.5197305,0.37983742268754156,2.963193105257319,0.9,0,0,0
0.50143284,0.2807445321575356,3.0554014224497044,0.9,0,0,0
0.53338397,0.42005583820899495,3.039563256665049,0.9,0,0,0
0.54750913,0.3628094075856998,3.233411192621123,0.8,1,3,-2
0.4582441,0.4164989903988074,2.4606057799537933,1.0,1,0,1
0.5726237,0.4046852683370652,2.9908683555108015,0.9,0,2,-2
0.5214809,0.38841302574055364,3.123231428797621,0.8,2,0,2
0.5790935,0.31764599068092586,3.2532120184091546,0.8,2,0,2
0.54110277,0.43682859214619024,3.0621735653919635,0.9,1,0,1
0.4116173,0.3868521610083953,3.136921085279429,0.8,0,1,-1
0.48088574,0.38190263172006567,3.2887549139935035,0.8,0,0,0
0.42793816,0.34140698360023025,3.0299535906627213,0.8,0,2,-2
0.522032,0.35586738362707254,3.095461844238322,0.9,0,1,-1
0.45969865,0.34416215498529074,3.0852746327229528,0.9,0,0,0
0.4340641,0.34028761165741417,2.9414873698385327,0.9,0,1,-1
0.52577525,0.38899047948244503,3.2150511306271174,0.8,2,0,2
0.4425392,0.41362279978564587,2.9830749314332756,0.8,1,1,0
0.50659263,0.46850555240854136,2.9728488200423993,0.9,0,0,0
0.4922635,0.34019767256742967,2.6257831017615842,0.9,1,1,0
0.48530868,0.3496914760124701,-0.0,0.0,2,0,2
0.39384022,0.2813007981424941,1.9347154954246262,0.8,0,1,-1
0.5079637,0.3194763794228916,3.050864720763203,0.8,0,0,0
0.56463486,0.21076309188134457,2.6098501660289424,0.5,3,0,3
0.4307164,0.3792214990436689,3.0151831553653174,0.9,0,0,0
0.43893266,0.40936736240959204,3.0993603054723997,0.8,0,2,-2
0.5128155,0.5108568789999307,2.98827110919137,0.9,1,0,1
0.4892244,0.3417722044742237,2.9982975702780195,0.9,0,0,0
0.5203903,0.44397913453685334,3.317545622536897,0.8,1,0,1
0.4291114,0.34510517398980034,3.066532536373009,0.9,0,1,-1
0.24700421,0.46676424093240765,3.0350849518197793,0.8,0,0,0
0.47670063,0.39098138948907124,2.8798554875455857,0.9,1,1,0
0.34902126,0.4196727437913421,3.1209043504552723,0.7,0,2,-2
0.47645748,0.36779049159696175,2.933376040408504,0.9,2,0,2
0.43575805,0.4499509396826256,2.994108495873069,0.7,2,0,2
0.48815346,0.35763972169339436,2.075074223172834,0.9,1,1,0
0.34768063,0.38202156334531534,2.160152079534953,0.8,0,0,0
0.44727027,0.4419319001060892,2.584023687015089,0.5,1,2,-1
0.48944613,0.4461146158615153,3.2796634830945877,0.9,2,0,2
0.46319947,0.2565100326502571,2.1309260807303367,0.7,1,0,1
0.49106976,0.43135523529409475,2.6346692352590315,0.9,1,1,0
0.5895057,0.2602440789885123,2.7589890846697496,0.7,1,0,1
0.5303385,0.40998400174138205,2.9166704135390744,0.8,1,0,1
0.41347304,0.3265338655496688,2.1814081149277635,1.0,0,0,0
0.54981416,0.4296766530802408,3.351206461855119,0.7,0,0,0
0.38147414,0.34178978171311664,3.623516641218015,0.4,1,1,0
0.4587826,0.4394501331924063,3.34755426294623,0.9,2,1,1
0.51425713,0.2663100624935349,3.1571480396665197,0.9,1,0,1
0.5062439,0.49128146288054647,3.187907291846956,0.9,3,0,3
0.4548365,0.43505648491107024,2.8798554875455857,0.9,0,1,-1
0.4580893,0.49091185041799673,2.9081733366826743,0.9,1,0,1
0.30528015,0.42568159653050003,2.986350030255313,0.8,0,0,0
0.5156262,0.4322445542889798,2.9793394888389986,0.9,0,0,0
0.38340214,0.3770855806919782,2.8798554875455857,0.9,0,0,0
0.3749279,0.41068112675599133,2.776778210932318,0.9,0,1,-1
0.42070863,0.3694803125235918,2.996791631981637,0.8,1,0,1
0.47377154,0.4345011300551622,2.8515895533744877,0.9,0,3,-3
0.40280557,0.3621370900475445,3.3120692673790244,0.8,2,1,1
0.4995253,0.4469364732169279,2.728948870365158,0.9,0,0,0
0.4550694,0.3593127650909702,3.1753826237409677,0.8,1,0,1
0.48266205,0.40913611074821754,2.820046868677855,0.9,0,0,0
0.34583417,0.4543526060094739,2.986159088827293,0.9,1,0,1
0.31778947,0.365034884455371,2.957118679571792,0.8,1,0,1
0.45021865,0.34749860268839333,3.0575063969967093,0.8,0,1,-1
0.42194256,0.4466899493673283,3.069425412119296,0.8,0,1,-1
0.47422338,0.3321811158320241,3.1448585007312415,0.8,0,0,0
0.4338542,0.45749069259613506,2.9747848238016035,0.9,1,0,1
0.4923288,0.3006497730543972,3.0510050526598267,0.9,0,0,0
0.5572341,0.24646747048931297,3.623465189601647,0.4,1,0,1
0.49301612,0.3527463947506388,3.240249540277897,0.8,4,0,4
0.5332178,0.37075689811888235,2.5199025797939583,0.8,1,0,1
0.49032977,0.34571761321741024,2.861269180317663,0.9,1,1,0
0.33743313,0.45128302649996266,1.5221898721658211,0.8,1,0,1
0.45659596,0.470206155895626,2.4236972144554416,0.9,2,2,0
0.3814323,0.2724546227058942,-0.0,0.9,0,0,0
0.41677418,0.30708212317256534,1.9686551350647838,0.9,0,0,0
0.5682736,0.3519302849337486,0.9774178175281716,1.0,0,1,-1
0.3123744,0.36642582644192806,0.9612366047228759,0.8,2,1,1
0.33708423,0.2909442426874101,-0.0,0.5,0,0,0
0.5083168,0.3239154385443483,2.8001926034202227,0.9,2,0,2
0.31233838,0.4647861458331176,3.169925001442312,0.5,0,2,-2
0.30017757,0.4657978987145655,2.8798554875455857,0.9,1,0,1
0.38772142,0.3851318088909136,2.776778210932318,0.9,0,0,0
0.45466745,0.3361516751170534,2.8515895533744873,0.9,1,0,1
0.4225265,0.4179979208031092,2.99829757027802,0.9,0,1,-1
0.43136394,0.3781610776869313,2.908173336682674,0.9,1,0,1
0.5111941,0.21470873099403626,2.947056898478542,0.7,1,0,1
0.5620907,0.298920073051463,3.2592654521947813,0.9,0,0,0
0.45893428,0.47393378159187416,2.728948870365158,0.9,0,0,0
0.45348862,0.43764899774953925,2.5724312513221195,0.8,2,0,2
0.5049106,0.37555312029838683,3.1084585933443503,0.9,0,1,-1
0.5023448,0.3947383806613704,2.781453645923478,0.9,0,0,0
0.42414066,0.30059294563049893,1.7416838940090769,0.9,1,0,1
0.33620307,0.45486052120184717,1.5304930567574826,0.4,0,0,0
0.435471,0.42907626090848106,2.776778210932318,0.9,0,0,0
0.5221986,0.3448660917212032,3.09117192688693,0.9,0,1,-1
0.5457992,0.4520938362248695,3.201460304875581,0.9,1,0,1
0.43857032,0.43948214026129107,2.8955933144511468,0.9,0,1,-1
0.45422918,0.4976127213674683,3.0661535680326555,0.9,0,0,0
0.44560283,0.37372844097094937,3.0889804638831944,0.9,1,0,1
0.40364194,0.40114340873835835,2.915493095582791,0.9,0,1,-1
0.46408302,0.39006482731562103,3.026280481683624,0.9,1,1,0
0.47107455,0.3590108843964192,3.2267162136601923,0.7,1,0,1
0.4944309,0.42301163259153907,3.164208047583995,0.8,2,2,0
0.50875425,0.4234180022589613,3.02544195406668,0.9,0,1,-1
0.47058254,0.32458352005070573,2.9134523148342275,0.9,1,0,1
0.45250127,0.3187149786965466,2.822683189255492,0.9,0,2,-2
0.49965164,0.475707346410469,3.231038391295045,0.5,0,2,-2
0.5917564,0.30676202829198806,3.0805903202981644,0.9,1,1,0
0.41560265,0.3617750698948287,3.0,0.8,0,1,-1
0.3298292,0.4641059515084763,3.310476514847132,0.5,1,1,0
0.53220177,0.3990730063408191,2.95314057292337,0.9,0,0,0
0.33717304,0.47568455329317877,2.9863500302553123,0.8,0,1,-1
0.5157828,0.468632524526645,2.8876718403890336,0.9,0,1,-1
0.44432324,0.3573003562325261,3.839477400186531,0.5,1,0,1
0.52294654,0.29173229020572566,3.118561225593689,0.9,0,0,0
0.5478655,0.3616269974607713,3.3197745650660186,0.9,2,1,1
0.52666706,0.4360498085096967,3.620239314458054,0.8,1,1,0
0.42228737,0.46017490379470233,3.5092386965310975,0.7,0,0,0
0.41749942,0.43206362941932286,3.213094102288904,0.8,0,0,0
0.45390114,0.4483913832054375,3.019528278467056,0.9,1,0,1
0.39740995,0.42855521831704346,2.9414873698385327,0.9,0,0,0
0.42069384,0.3793006271466667,3.0231369558688854,0.8,1,1,0
0.33027607,0.3483844008814666,3.22290749432188,0.8,1,1,0
0.44677058,0.4334750025983366,2.75995025566895,0.7,1,1,0
0.50627047,0.3834234218045123,0.8453509366224364,0.8,0,1,-1
0.49638593,0.373932996997593,0.9957274520849255,0.7,0,0,0
0.49934947,0.2969448749965031,2.5192303924719064,0.8,0,1,-1
0.51973313,0.4413513317358519,1.9086250479891407,0.9,1,0,1
0.47070706,0.35337449836733087,3.3035480103414296,0.7,0,1,-1
0.37072057,0.458240028791298,3.1899839080736174,0.9,1,1,0
0.41106278,0.40479714725463806,3.203263317364169,0.9,0,0,0
0.3505654,0.4063240146591081,3.250961982762677,0.7,0,0,0
0.41279575,0.4353792343163547,3.404547922731787,0.9,0,0,0
0.18211965,0.4699816122702141,-0.0,0.8,0,0,0
0.5572366,0.20968322126650765,1.9690255736436506,0.8,3,0,3
0.4230118,0.4751845491426656,1.5537631144722455,0.8,1,1,0
0.43507966,0.3526785204183643,1.9542823944388745,0.9,1,0,1
0.48172787,0.32552025343886776,1.5820239409642765,0.8,1,1,0
0.4945991,0.45713162267961366,3.2824202589763067,0.9,0,1,-1
0.37469018,0.4880445443957202,3.56088721724265,0.9,0,1,-1
0.5254944,0.29651051146027374,3.599790921783304,0.8,1,1,0
0.48252797,0.41676408074410853,3.4941600223597766,0.7,1,1,0
0.55602705,0.46767589884559196,3.599458000080889,0.9,0,2,-2
0.46301746,0.32549598767132154,2.776778210932318,0.9,0,0,0
0.4344124,0.44384896030920645,3.1292830169449664,0.8,2,1,1
0.5270759,0.36579724765412663,3.288158003641891,0.8,2,0,2
0.5635232,0.2895284470392152,3.1044111925555398,0.9,1,0,1
0.29645285,0.43236514764392775,3.1088718484453604,0.7,1,0,1
0.48301998,0.47053148225418234,3.3457594697016404,0.9,1,0,1
0.49259135,0.2979302976743914,3.426150431961057,0.8,1,0,1
0.49142528,0.2893676793597135,3.590571081259866,0.8,0,0,0
0.49316797,0.3866007639057632,3.5065976592457893,0.9,0,0,0
0.38696966,0.31345751694978513,3.530750178437043,0.9,0,0,0
0.4568672,0.4707983537749532,3.1916388511252625,0.9,1,0,1
0.48460525,0.4132754123863611,3.380268453876828,0.8,2,1,1
0.24721697,0.49389273355649005,4.011365041826379,0.1,0,1,-1
0.3707278,0.4094382378003653,3.169925001442312,0.8,0,2,-2
0.30914202,0.35759209298202893,2.9631349103933107,0.9,1,0,1
0.49937284,0.3272629667334333,3.0455145455778694,0.8,2,2,0
0.40222183,0.40274057385891754,2.4527021654271746,0.8,3,0,3
0.46595752,0.39379768790571296,2.639353595542589,0.8,2,0,2
0.35060024,0.381923433002667,0.7642045065086203,0.7,0,0,0
0.44395334,0.31673381859206984,2.244517204030301,0.9,0,0,0
0.4763461,0.3765148968897879,2.776778210932318,0.9,0,0,0
0.46989337,0.36703439573083296,2.9793394888389986,0.9,0,1,-1
0.3893655,0.42518898891796353,3.1134218690860567,0.9,3,1,2
0.32686818,0.46486625821604993,2.908173336682674,0.9,2,2,0
0.46274883,0.44985292167131713,2.9414873698385327,0.9,1,1,0
0.4112438,0.44812415954512824,2.8798554875455857,0.9,1,0,1
0.49909616,0.3947376810674484,2.8798554875455857,0.9,0,1,-1
0.52113277,0.3616068322242625,3.028991962451992,0.8,0,2,-2
0.41581562,0.38882386752197284,3.1897647968711222,0.7,1,1,0
0.28320706,0.48463464227186015,3.5849625007211565,0.4,1,1,0
0.43208554,0.3653267187419293,2.8798554875455857,0.9,1,0,1
0.505866,0.4129963713137758,2.9793394888389986,0.9,0,2,-2
0.47675434,0.4788475889710746,3.066532536373009,0.9,0,1,-1
0.5425875,0.37727608294649395,2.776778210932318,0.9,0,1,-1
0.5367217,0.3621030371414411,2.9081733366826743,0.9,1,0,1
0.50558275,0.23035535872615667,3.2854022188622483,0.8,2,0,2
0.41197908,0.5102346957047639,2.8798554875455857,0.9,0,0,0
0.37907174,0.26048817432141336,2.9738513896100454,0.9,0,1,-1
0.40072617,0.34969526572869886,3.0299535906627213,0.8,1,0,1
0.51293665,0.4853344156254065,3.048417948533475,0.8,2,2,0
0.37120548,0.48703179147560494,3.0480290317418888,0.8,0,1,-1
0.4253155,0.32246405622504226,2.921981709849717,0.9,1,0,1
0.50710475,0.2481621648711588,3.0077174691301485,0.9,1,0,1
0.5714767,0.15750034651638398,2.8215582974885987,0.9,0,0,0
0.4483046,0.46175758468505307,3.0621735653919635,0.9,2,1,1
0.5039094,0.3898905791459965,3.2065465788090854,0.8,1,0,1
0.42118454,0.4127553020218033,2.927607301917491,0.9,0,1,-1
0.5046852,0.25569042004685666,3.0513050676011337,0.7,2,0,2
0.5616039,0.34278200268281156,2.9967916319816363,0.8,1,0,1
0.4598522,0.46786965510125544,4.011365041826379,0.1,0,2,-2
0.45552975,0.29128148170741913,3.060060000616806,0.9,0,0,0
0.36374402,0.43170112152928714,3.0621735653919635,0.9,0,1,-1
0.40043125,0.44312161206793016,3.046593564294938,0.8,0,1,-1
0.38662404,0.33495126910473494,2.9208322930948003,0.8,0,0,0
0.46758676,0.3807881703740821,3.0082222749239294,0.7,0,1,-1
0.5033325,0.5100432880684999,3.106921028278026,0.9,2,0,2
0.48916486,0.514287608270603,2.9621115312344486,0.9,0,1,-1
0.432047,0.46863706022345564,2.986350030255313,0.8,0,1,-1
0.42202133,0.3236197827279384,3.1301249653149705,0.7,1,0,1
0.4197335,0.37852509064933665,3.0607476884752547,0.8,2,1,1
0.44638413,0.26783770285787556,2.8876718403890336,0.9,2,0,2
0.4987852,0.4604867264592432,3.0665906526854374,0.9,0,1,-1
0.42128724,0.4273761379687874,2.9674384307249486,0.8,0,1,-1
0.43399554,0.3134721925999761,3.066532536373009,0.9,1,1,0
0.44942063,0.4152443576799905,3.2208049112519817,0.5,2,0,2
0.4639097,0.24268863344378372,2.728948870365158,0.9,0,1,-1
0.3459395,0.30303689582890553,3.0310053222938818,0.8,1,0,1
0.41073838,0.4753486891312549,3.0881020701914808,0.9,2,1,1
0.49506867,0.436480395217139,3.098135359873587,0.9,1,1,0
0.5523024,0.41308836981308533,2.8876718403890336,0.9,0,1,-1
0.43427363,0.32670649280325564,1.263809173883546,0.8,1,0,1
0.37816766,0.3825230271029561,1.2309595631140104,0.9,0,1,-1
0.5057322,0.2707422152715965,2.021782221599798,0.7,0,0,0
0.4538833,0.4158126563320995,-0.0,0.8,0,1,-1
0.41487268,0.4457088604729587,1.4197367178034825,0.9,1,1,0
0.46675533,0.2948198463488516,2.970033703884394,0.9,1,0,1
0.40676624,0.45310954325710817,3.10441119255554,0.9,1,1,0
0.42281455,0.43909847371655103,3.2089873002588005,0.8,2,0,2
0.4108358,0.5020326361203373,3.1849414762384405,0.9,0,0,0
0.4558074,0.3954326032335945,2.998966624432267,0.9,0,1,-1
0.43768176,0.36511371752275545,2.879506460812006,0.8,1,1,0
0.47902834,0.3946974737862598,3.172253928364927,0.9,0,0,0
0.48165858,0.3912040516995902,2.8512274809529563,0.8,0,2,-2
0.4538499,0.355467390789844,1.7233083338141042,0.9,0,3,-3
0.44189212,0.42809759240848455,1.4838317068446891,0.9,1,1,0
0.4500337,0.27183146730285346,3.0868856306966697,0.8,0,1,-1
0.3561927,0.3873314087049574,3.221317221838531,0.7,2,0,2
0.422217,0.5361451596919574,3.390208150573528,0.9,2,1,1
0.5380797,0.3728134317549097,3.1185612255936896,0.9,1,0,1
0.44538915,0.39055692585322965,3.0248341172403252,0.8,2,1,1
0.42746726,0.4095280929604077,3.1542221846835226,0.8,0,1,-1
0.49705413,0.3858488799482361,3.16264411804726,0.9,0,0,0
0.36960006,0.3587474536208112,3.11756092427244,0.9,1,1,0
0.49050525,0.35130686110763554,3.1292830169449664,0.8,0,1,-1
0.3921205,0.3931750920345285,3.0,0.8,1,2,-1
0.5141141,0.3939759158116709,3.1651614754770674,0.9,1,0,1
0.5227921,0.32655630461069884,2.970033703884394,0.9,0,0,0
0.4458782,0.3858179875663707,2.970033703884394,0.9,1,0,1
0.43759415,0.3349059024914016,3.0607476884752547,0.8,1,0,1
0.5529595,0.2367727420567105,2.9982975702780195,0.9,0,1,-1
0.43191138,0.35918251536887136,2.927607301917491,0.9,2,0,2
0.4420004,0.393128480791606,3.0677583030124262,0.9,1,1,0
0.4744406,0.28159318200947003,3.069048439318099,0.9,1,0,1
0.5063979,0.5124466505420795,3.049735649670589,0.9,2,0,2
0.41796243,0.42087491000978877,3.172233675219988,0.8,1,0,1
0.23634663,0.46404874735622986,2.944452798531527,0.8,0,0,0
0.4198844,0.3267154330319134,2.921981709849717,0.9,0,1,-1
0.40432376,0.3789510181953316,3.01867904060296,0.9,0,0,0
0.3455099,0.3058548790876494,3.0247519850262554,0.8,0,2,-2
0.45805845,0.42236233991351513,2.927607301917491,0.9,1,0,1
0.4636782,0.4262048373909799,1.890920993589198,0.9,1,0,1
0.4313611,0.3380160144696914,1.2776134368191154,0.8,0,0,0
0.4306964,0.32253854975409246,2.4737494397552275,0.9,1,0,1
0.4439584,0.3967856117729857,1.7028195311147831,0.8,0,0,0
0.46680728,0.37906259200214776,2.0892446619882707,0.8,0,0,0
0.37125137,0.4385964942615798,3.437331127710754,0.5,1,0,1
0.5368285,0.33472374632520874,3.2835642938431207,0.8,3,0,3
0.48797366,0.4627893637768221,3.4432233498109186,0.8,1,0,1
0.41578925,0.38514317200472925,3.2684933307193536,0.9,1,0,1
0.4020244,0.38750407004602017,3.1644568338054815,0.8,0,1,-1
0.4440921,0.1918922066841308,3.120183935661208,0.7,1,0,1
0.4538101,0.3706736404814085,3.2877837199410704,0.6,1,1,0
0.30268162,0.3343084227575466,3.044394119358454,0.8,0,0,0
0.46853855,0.38993496520328963,3.0531291412734887,0.9,2,1,1
0.50553775,0.364099361433108,2.996791631981637,0.8,0,1,-1
0.33517283,0.2927409186856484,2.8876718403890336,0.9,1,0,1
0.4308318,0.39918226675382223,2.956623811079363,0.9,1,0,1
0.51752967,0.2794345289766702,3.0165283551431905,0.9,0,0,0
0.4926957,0.4409869302298133,3.1541297414562584,0.9,0,1,-1
0.46024945,0.48489092800315264,3.593094526554556,0.4,0,0,0
0.5236979,0.12767212411729326,3.12187240011629,0.9,0,0,0
0.47972324,0.3742809639221289,3.0980588507770146,0.9,2,0,2
0.43960473,0.4673619718918183,3.4058092136126814,0.4,1,0,1
0.47394478,0.3986242478422102,3.2308680976920545,0.7,1,0,1
0.38020298,0.3381169451480543,2.9681666405523326,0.9,1,0,1
0.5288524,0.307040557142461,2.9518387305144014,0.7,0,0,0
0.43979207,0.3570717194441806,2.8215582974885987,0.9,0,0,0
0.4514666,0.4390140360549533,2.9793394888389986,0.9,1,0,1
0.38653117,0.40703771052233234,2.8876718403890336,0.9,1,0,1
0.51552886,0.3757550449990609,2.921981709849717,0.9,0,2,-2
0.48676002,0.26143591810751865,2.9738513896100454,0.9,0,0,0
0.56707036,0.31939751796603905,2.8518089260943915,0.95,0,0,0
0.5184299,0.4309643589891005,2.8921748610432805,0.9,0,0,0
0.42143595,0.40890339418727933,3.4037016960573485,0.5,1,0,1
0.29526237,0.4335397855610027,3.1867043459100253,0.8,1,1,0
0.4034747,0.43730171258853573,3.2479275134435857,0.8,0,2,-2
0.40713325,0.3778796679142087,3.1031239151827243,0.8,1,1,0
0.40489182,0.4322103823068976,3.5304930567574826,0.4,0,1,-1
0.4386917,0.4437331054746758,2.970650598647407,0.9,0,2,-2
0.46050358,0.4084247635370459,3.3964393446710157,0.6,2,0,2
0.5049118,0.5082689846015886,2.5440240964819507,0.9,1,0,1
0.277482,0.3863430029440972,-0.0,0.9,1,0,1
0.47817445,0.2850336511714531,1.54515313983491,0.9,2,0,2
0.22616473,0.4397390687538362,1.5656531116458186,0.7,0,1,-1
0.34598064,0.4162181132274616,-0.0,0.8,1,0,1
0.44050825,0.4858159301305407,3.3904542059314786,0.7,2,0,2
0.44324574,0.4816435170339101,3.7082285008025835,0.4,1,1,0
0.5380081,0.2698455854040071,3.227970006020158,0.9,0,0,0
0.4469019,0.3219378351303779,3.5792258015191027,0.5,3,0,3
0.4641038,0.4243721602155861,3.4256759364781253,0.6,0,0,0
0.4191126,0.4376848109425426,3.0887793473613607,0.8,0,3,-3
0.34469888,0.4970008986686255,3.1301249653149705,0.7,0,1,-1
0.48917058,0.4719589130291213,3.0817892437588923,0.8,1,1,0
0.46816579,0.38876850671913815,3.0,0.8,0,0,0
0.36518463,0.40611009046189306,2.8311845963584887,0.8,0,0,0
0.48892018,0.392531587164426,3.2788779772147723,0.9,2,0,2
0.39199105,0.36155050297623653,3.157938460451349,0.8,3,0,3
0.47257915,0.41419095273018425,3.1327921551984077,0.7,0,0,0
0.5375788,0.33801943373701504,3.3572958738405703,0.8,1,1,0
0.3064066,0.40375603324430004,3.703465189601647,0.3,0,2,-2
0.37882614,0.42726040289011513,3.0,0.8,0,0,0
0.46803898,0.46403788370350857,3.1618827187141427,0.8,1,0,1
0.50703067,0.44293626429719124,3.6373245652770887,0.3,0,4,-4
0.48200977,0.40452259927336864,3.0808978136193588,0.8,1,0,1
0.4716482,0.49237690443820836,3.521232011101715,0.9,0,2,-2
0.42837828,0.39535018183442644,2.8690954395801547,0.9,0,0,0
0.45097423,0.3561736672964237,2.956623811079363,0.9,0,1,-1
0.34994662,0.43867275246139015,2.8690954395801547,0.9,0,1,-1
0.337062,0.4315608763433573,3.284434343932502,0.7,1,0,1
0.4756538,0.4108484579332877,3.169925001442312,0.8,3,0,3
0.28346425,0.4667011738693989,1.4197367178034825,0.9,0,0,0
0.45917946,0.4032225076337826,2.525871146123145,0.8,3,1,2
0.5048341,0.4118119858505628,1.8248169862168617,0.9,1,2,-1
0.53618675,0.3608509124578413,1.8647869792568108,0.9,1,0,1
0.45931274,0.3531146758681143,1.4488156357251847,0.9,0,0,0
0.49036923,0.35850228451311056,2.927607301917491,0.9,2,0,2
0.42232606,0.3681119686003118,2.916499308617005,0.8,0,0,0
0.42504764,0.2500996062877229,2.9333760404085045,0.9,1,0,1
0.40211225,0.3610000750697103,3.069716848092721,0.8,1,0,1
0.43603492,0.35887992227190146,3.074409595714051,0.9,1,2,-1
0.53365034,0.4039800651705743,2.9071418462378227,0.9,0,0,0
0.44659474,0.4116513680544762,3.1990822953528215,0.7,0,2,-2
0.5739361,0.29467123184018235,3.23215889136457,0.8,0,0,0
0.37644777,0.27036631184077825,3.021240625180289,0.9,1,0,1
0.43182656,0.32488989061942847,3.2134552619472228,0.6,1,0,1
0.38061765,0.4797262788509697,2.7898980954642876,0.4,1,1,0
0.4295536,0.3151040064107247,0.9219280948873623,0.8,0,0,0
0.32483888,0.39541039045222837,1.1567796494470395,0.7,2,0,2
0.56755185,0.3949734344518486,2.7214130664659364,0.8,1,0,1
0.4476192,0.3109631969911235,2.2607845582978525,0.5,1,0,1
0.4156711,0.4063207101465413,2.9284391908277185,0.8,0,0,0
0.451316,0.47271007190466235,2.9470568984785412,0.7,0,0,0
0.45484322,0.29090403172474294,2.9793394888389986,0.9,1,0,1
0.4380105,0.39229321822442786,2.9674384307249486,0.8,1,2,-1
0.35816693,0.4393686677347576,2.7698895731171924,0.9,0,1,-1
0.44154307,0.4689186944058405,3.262692390839622,0.8,0,2,-2
0.3738392,0.3877894216388012,3.2300642887513145,0.9,1,2,-1
0.444954,0.4360792579111577,3.0161506484543548,0.8,1,0,1
0.44547662,0.3553649578140157,3.2981838236187406,0.8,1,1,0
0.46057647,0.41562256075647014,3.311350642589322,0.9,2,0,2
0.36063075,0.45469914912407083,2.9374380103147986,0.8,0,0,0
0.37747467,0.4355188794869402,2.867353772834994,0.9,1,0,1
0.52553064,0.4677389559624228,2.823490576469806,0.9,0,2,-2
0.5534863,0.13895178448249934,3.0510050526598267,0.9,0,0,0
0.5081084,0.4170460443020114,2.973851389610045,0.9,1,1,0
0.47603542,0.37073364978819456,2.9081733366826743,0.9,0,2,-2
0.40073785,0.4117850365105393,2.927607301917491,0.9,2,0,2
0.42233598,0.402287325558794,3.1329960298638024,0.8,1,1,0
0.42213982,0.32930540374792777,2.9219817098497165,0.9,1,0,1
0.52429605,0.40791975038378814,2.9793394888389986,0.9,2,2,0
0.42041558,0.4004044391911738,2.9747848238016035,0.9,2,0,2
0.35739148,0.35538653146878807,3.2536438905134655,0.8,4,0,4
0.40803704,0.30953670886674944,3.076056150235774,0.9,2,1,1
0.43116736,0.410812192877891,3.197883797818737,0.9,0,2,-2
0.46392143,0.3518347242321678,3.189529631552713,0.8,0,0,0
0.42008996,0.43941838150927454,3.9079379000543244,0.8,2,3,-1
0.40750095,0.4266900677102618,3.5456852465100925,0.7,0,3,-3
0.52154917,0.305873987360285,3.7892708507494195,0.9,2,2,0
0.53094584,0.31748875197502624,3.678010965618026,0.8,2,2,0
0.5324,0.440807890870593,3.882753354200901,0.9,2,2,0
0.41625735,0.3818854863310261,3.184183719779189,0.8,0,2,-2
0.35521916,0.4182620550909222,3.572469458770135,0.4,0,1,-1
0.4728801,0.42732432497912143,3.1343056219075245,0.9,0,1,-1
0.38102806,0.44746695864989433,3.09306920777189,0.9,1,0,1
0.4984401,0.35909920810727486,3.1372983996800583,0.8,0,1,-1
0.39071664,0.3901825540253098,3.0,0.8,0,0,0
0.46818334,0.3083362266651728,2.9414873698385327,0.9,1,1,0
0.46660855,0.27980281447355726,2.8515895533744873,0.9,1,0,1
0.4999086,0.4120810305120488,2.8001926034202227,0.9,1,0,1
0.39888874,0.3458213276473419,3.0,0.8,2,0,2
0.29702306,0.42313254130073,3.0,0.8,0,1,-1
0.4814776,0.385741485432413,2.8515895533744873,0.9,2,0,2
0.44680855,0.4462123496143338,3.0077174691301485,0.9,2,1,1
0.512001,0.3017606198318785,2.8876718403890336,0.9,0,0,0
0.45228082,0.39200957832406447,2.9400726873486542,0.8,0,0,0
0.5367486,0.43654064857210484,2.820046868677855,0.9,1,1,0
0.48474842,0.5143453314881212,2.820046868677855,0.9,0,0,0
0.4537359,0.29919942586176024,2.9081733366826743,0.9,0,0,0
0.45276913,0.35481700030255503,3.0977968115985957,0.8,0,1,-1
0.50299287,0.4245749486435637,2.8200468686778555,0.9,0,0,0
0.48485896,0.3647604716131753,3.5027361715940035,0.9,0,0,0
0.49396512,0.388423521151462,3.7198523585646037,0.6,3,0,3
0.5205368,0.35260197670781784,3.5564463532308377,0.8,2,0,2
0.40644634,0.3900308579653866,3.4669741750197085,0.9,0,1,-1
0.5269404,0.5170466809800902,3.4306409835272818,0.8,1,0,1
0.4371264,0.33877544689352135,3.034838803961721,0.9,0,1,-1
0.53745645,0.3704971703805941,3.1999583667609253,0.9,0,1,-1
0.56151634,0.30100612241387903,3.329986855772667,0.6,0,0,0
0.41604847,0.3815331471700675,3.0395247346217853,0.9,0,0,0
0.48511958,0.40086192238452056,2.9738513896100454,0.9,1,1,0
0.49324644,0.39656719532804835,3.2516291673878235,0.8,0,2,-2
0.45702326,0.4245487948641543,3.343465189601647,0.8,0,0,0
0.23794462,0.4215975120566257,2.9738513896100454,0.9,0,1,-1
0.44289196,0.33458379310325875,3.01383759610988,0.9,2,0,2
0.5002298,0.43406929651041504,3.359190968999685,0.8,0,2,-2
0.51377785,0.3515087853815822,2.728948870365158,0.9,0,1,-1
0.5321043,0.3605532925880452,2.776778210932318,0.9,0,0,0
0.38989377,0.28080517150545925,2.947056898478542,0.7,1,0,1
0.44131768,0.35415109351548657,2.8515895533744873,0.9,0,0,0
0.40114087,0.41980908972329206,2.941487369838532,0.9,1,0,1
0.47153747,0.30616585733701157,3.01867904060296,0.9,1,0,1
0.5040519,0.44490940328035267,2.8690954395801547,0.9,0,0,0
0.4917398,0.39680782052866387,3.00861201428621,0.9,1,0,1
0.36797324,0.379445931735314,3.113649565593694,0.8,0,0,0
0.64639974,0.2775227883312411,3.169925001442312,0.8,1,0,1
0.40867597,0.40005879330746497,2.9276073019174915,0.9,0,1,-1
0.43079937,0.4017469710194283,2.8798554875455857,0.9,0,0,0
0.5051748,0.41783632099790324,3.01867904060296,0.9,1,0,1
0.41250163,0.2920112187564726,2.927607301917491,0.9,1,1,0
0.43833783,0.39876570396526223,2.8798554875455857,0.9,0,0,0
0.44774115,0.39111697174555116,3.071000639694805,0.9,0,1,-1
0.44925395,0.4317979043427129,2.8876718403890336,0.9,0,1,-1
0.49021962,0.4837342505627923,2.9081733366826743,0.9,0,1,-1
0.45890903,0.48155718862244645,3.0239217461818537,0.8,0,1,-1
0.42555577,0.4412540884495999,3.0717350271381694,0.9,1,2,-1
0.5091955,0.30349359218091887,3.112771984641639,0.9,1,2,-1
0.42750362,0.43625146251805147,3.01867904060296,0.9,1,1,0
0.4478899,0.3200689697490372,3.016150648454355,0.8,0,1,-1
0.3813607,0.4384095787269502,2.973851389610045,0.9,1,0,1
0.40970352,0.4257639120578322,2.8798554875455857,0.9,1,0,1
0.4061255,0.36274331716867775,3.4465439389584365,0.5,0,2,-2
0.40348187,0.44018702998331005,3.6047039677121826,0.4,0,1,-1
0.40784383,0.4415667791977174,3.278735145214329,0.9,1,1,0
0.5259149,0.2682429652798317,3.2219280948873616,0.8,3,0,3
0.5302149,0.2509994763295073,3.0977968115985957,0.8,0,1,-1
0.49545684,0.37397961568133803,2.776778210932318,0.9,0,3,-3
0.5507997,0.38722155405505837,3.1999395656516976,0.8,0,1,-1
0.47265103,0.37710639543678065,3.0299535906627213,0.8,1,1,0
0.46035546,0.4195133568517154,2.9736746195753727,0.8,0,3,-3
0.40363002,0.427872740254798,2.9276073019174915,0.9,1,0,1
0.39940342,0.4475299341019754,2.4634582986483036,0.7,1,0,1
0.33233646,0.34776794324001065,1.764694686130739,0.9,1,0,1
0.47295514,0.2936394082716885,2.349598313565133,0.9,0,1,-1
0.5308472,0.3992769093082895,3.5389097655573916,0.8,2,0,2
0.3196424,0.4255780066062748,1.939353872167201,0.8,1,0,1
0.50555503,0.3183432715490146,2.8258789297920717,0.9,1,1,0
0.38409668,0.36817314220729663,2.908198827637824,0.7,0,0,0
0.41388142,0.4269211484028972,3.3339079033493024,0.9,2,1,1
0.50321597,0.3040827077176258,3.164963255596982,0.9,2,1,1
0.46691924,0.43330094777677103,3.355290694497954,0.9,1,1,0
0.5134701,0.3165478872287528,2.959452421681926,0.9,0,1,-1
0.49715093,0.3801793275684519,3.114369445886756,0.8,0,1,-1
0.49226353,0.39670416575325573,2.986159088827293,0.9,0,0,0
0.3596685,0.46563488264769015,2.8311845963584887,0.8,1,2,-1
0.5120439,0.4278174484575558,2.9276073019174915,0.9,0,1,-1
0.49583268,0.4056414160863339,3.257500413502067,0.5,0,1,-1
0.47272018,0.41378001623993715,2.9471692352590324,0.9,1,1,0
0.40699536,0.3538102667908563,2.610577243331642,0.4,1,0,1
0.5143875,0.357948378666483,2.653811355748633,0.6,1,2,-1
0.5044496,0.40694272714172264,2.926108500731241,0.8,0,0,0
0.5125368,0.18596276480113025,3.0159001013526616,0.9,0,0,0
0.5215048,0.15273591490704547,3.024090852510247,0.8,0,0,0
0.44762668,0.4150141823645665,3.267776023367674,0.9,1,2,-1
0.4689969,0.31133596072138847,3.0621735653919635,0.9,0,0,0
0.44036052,0.31908284353056815,3.0172422014641866,0.9,1,0,1
0.39438462,0.4310017689093164,2.2346970025308774,0.8,0,1,-1
0.48748368,0.3642558512552873,0.9975025463691152,0.9,0,1,-1
0.39892924,0.4042987418478139,2.74068490178502,0.7,0,3,-3
0.48699552,0.48974501982016844,2.4220460141423743,0.9,1,1,0
0.43396065,0.400957028784654,1.54515313983491,0.9,0,0,0
0.32241744,0.41841557229820725,1.9196905740496966,0.8,1,0,1
0.5544019,0.35693428252234133,1.8370206542387149,0.9,0,0,0
0.48300624,0.3189185284297612,1.930019153691655,0.8,0,1,-1
0.51803553,0.38754586500674804,1.54515313983491,0.9,0,1,-1
0.38833755,0.34903540966501906,1.5128876215181604,0.9,0,2,-2
0.48906747,0.3661510427213707,2.8798554875455857,0.9,0,1,-1
0.4341,0.365576389297055,2.9793394888389986,0.9,0,0,0
0.4915187,0.3602689948258913,2.921981709849717,0.9,0,0,0
0.4435035,0.42024779821268304,3.3875366162267735,0.6,1,0,1
0.48603356,0.427384196667398,3.1063568479084016,0.8,1,1,0
0.42277214,0.4688622176209732,3.847835829556724,0.8,2,1,1
0.3371676,0.32592807126508977,3.398209786412639,0.8,2,0,2
0.25065717,0.47231744571154644,4.087462841250339,0.05,0,0,0
0.4132569,0.3493796047006518,3.3955933144511468,0.9,1,0,1
0.4654405,0.36885217201430615,3.341761023656137,0.8,2,0,2
0.5092785,0.41731798233843215,3.158771962352736,0.9,0,2,-2
0.44454435,0.4782121990329001,2.8798554875455857,0.9,1,0,1
0.41553876,0.449037051971587,3.1632046194268697,0.7,1,0,1
0.4953326,0.3297560234075337,2.823490576469806,0.9,2,0,2
0.46143413,0.26813626695833737,2.9284391908277185,0.8,0,0,0
0.33264863,0.34672817723723137,2.885174447128411,0.8,0,0,0
0.49416146,0.23768468231858708,3.0717350271381694,0.9,0,0,0
0.5349686,0.19750488328847152,3.147194987260238,0.8,0,0,0
0.42137352,0.35844140218326764,3.105388542207534,0.8,1,0,1
0.31063598,0.36202724477086223,3.155399311574896,0.8,0,1,-1
0.56622785,0.1647524055130901,2.9876013115120563,0.8,0,0,0
0.48028877,0.3940674963184141,2.776778210932318,0.9,1,1,0
0.4418703,0.3467232664623728,3.080897813619359,0.8,0,0,0
0.5011318,0.42820555847067965,3.839477400186531,0.5,2,1,1
0.36141124,0.296087479464045,3.4955749604956083,0.4,2,0,2
0.5295547,0.4402275146165265,3.3535536223749385,0.9,0,0,0
0.5350987,0.36744864388526777,3.4016116971969317,0.8,0,0,0
0.4779355,0.3114030798827648,3.4058092136126814,0.8,0,0,0
0.3737868,0.43769114949953086,3.5970680603545775,0.7,0,0,0
0.47136977,0.4096006021382188,3.4518411137950773,0.8,2,0,2
0.46782848,0.4948722171312548,2.921981709849717,0.9,1,0,1
0.5491245,0.16628613225165242,3.066532536373009,0.9,0,0,0
0.51287675,0.3200703599089219,2.986350030255313,0.8,0,1,-1
0.416426,0.3166708483193158,3.008390508961134,0.9,1,1,0
0.4834472,0.31933080150421955,2.8876718403890336,0.9,1,2,-1
0.40820703,0.35082095861981544,2.8876718403890336,0.9,0,1,-1
0.45466235,0.36736414737152845,2.9793394888389986,0.9,1,1,0
0.40228608,0.39048648272235736,3.071469601464286,0.8,1,1,0
0.46262226,0.2949744182603007,3.02544195406668,0.9,1,0,1
0.40169194,0.3313177812665946,2.8515895533744873,0.9,0,0,0
0.40157074,0.46659062493907866,3.3091483413036538,0.7,0,4,-4
0.39979827,0.44551398788174346,3.6037016960573487,0.5,0,1,-1
0.546458,0.4353736804014515,3.187907291846956,0.9,0,1,-1
0.45670915,0.4672465627178567,3.1339198250586535,0.7,1,0,1
0.48579434,0.4806243116794093,3.299916668269236,0.9,1,1,0
0.45048007,0.33369900165125344,2.921981709849717,0.9,0,0,0
0.38582066,0.4124367284875638,3.062492496646604,0.9,2,1,1
0.52237886,0.2719946774908836,3.0934363291449176,0.9,0,0,0
0.31042573,0.4554318571359653,3.3055827189670937,0.6,1,1,0
0.41855183,0.2831875845817234,2.921981709849717,0.9,1,1,0
0.37532413,0.35467521040931105,2.941487369838532,0.9,1,1,0
0.4655675,0.3618327942187122,3.2230064577540403,0.9,0,0,0
0.45962992,0.4229055658248762,3.1660679480934477,0.9,0,0,0
0.45573953,0.3264207600049918,3.3177183155065926,0.8,1,0,1
0.50505924,0.4076874551528074,3.0212406251802895,0.9,0,1,-1
0.3425948,0.29266960911225093,2.8876718403890336,0.9,1,1,0
0.40751824,0.44915365094964804,3.4227750662613374,0.5,1,1,0
0.5058434,0.3779748586336506,3.1986790169594217,0.8,2,0,2
0.5513189,0.3441779023067508,3.066532536373009,0.9,0,1,-1
0.50911033,0.3262284695575537,3.1069210282780264,0.9,1,0,1
0.4288906,0.44390550933851936,1.906037310819747,0.9,0,3,-3
0.5071257,0.35535204966618744,1.925796479454646,0.9,1,0,1
0.350096,0.44647447021662395,0.9798687566511528,0.7,1,1,0
0.52088046,0.3313902128837045,2.259470570797252,0.8,1,0,1
0.40943837,0.42281668290691377,-0.0,0.7,0,1,-1
0.52003074,0.3917041755962576,2.776778210932318,0.9,0,0,0
0.42833215,0.44338189095084807,3.06885165542957,0.9,1,1,0
0.47513556,0.36906048425929106,2.909368063943885,0.8,1,1,0
0.35459173,0.4549238791338154,3.225185279715573,0.6,2,0,2
0.4999694,0.38226063355008094,3.0082222749239294,0.7,2,0,2
0.49529225,0.417697357507816,3.5307902846351276,0.8,1,3,-2
0.5468368,0.1487212753962211,2.3927249051134325,0.8,1,0,1
0.512938,0.4431391741685586,2.9921803921882,0.9,2,0,2
0.45468178,0.42036072309324657,3.2675327466955326,0.8,0,1,-1
0.36312172,0.4234490091755945,3.3060202622092554,0.5,2,1,1
0.4151237,0.36527516101416874,2.8798554875455857,0.9,1,1,0
0.51872855,0.3856770932658113,2.947056898478542,0.7,0,1,-1
0.45312688,0.32898265183163855,3.1618827187141427,0.8,3,0,3
0.28910565,0.27517867581845873,2.986350030255313,0.8,0,2,-2
0.5687178,0.337933368194782,2.8851204539117536,0.8,0,0,0
0.36509773,0.3636597875620465,2.8798554875455857,0.9,0,2,-2
0.40642983,0.44120776317498905,3.01867904060296,0.9,1,1,0
0.46920976,0.3871316188236772,2.9830749314332756,0.8,1,0,1
0.519401,0.457825632038895,3.029551963400665,0.9,0,0,0
0.37022677,0.32232915817091295,2.9276073019174915,0.9,0,2,-2
0.2798275,0.4838073716136055,3.149367000911631,0.7,1,2,-1
0.36821437,0.35611034748513426,2.8851204539117536,0.8,1,0,1
0.39804783,0.4552102770959267,3.039563256665049,0.9,0,2,-2
0.31311083,0.3061858730206748,2.9982975702780195,0.9,1,0,1
0.5068021,0.3468013983412502,2.823490576469806,0.9,0,1,-1
0.3370962,0.47639201931563674,3.0299535906627217,0.8,0,0,0
0.58643496,0.13478803531204675,2.975630002882161,0.9,0,0,0
0.54252064,0.4088445869142652,2.8791474648822764,0.9,0,1,-1
0.43835717,0.4885929764140356,3.246064616054321,0.6,0,0,0
0.36804405,0.41762381165198864,3.169925001442312,0.8,0,0,0
0.47237885,0.317255179273373,3.0239217461818537,0.8,1,0,1
0.27127036,0.4451264002843274,2.927607301917491,0.9,0,0,0
0.4723343,0.4265196697855571,2.9725513464956443,0.9,0,2,-2
0.4109629,0.43137738562097094,3.048240715894243,0.8,0,0,0
0.46480379,0.39717790548112886,3.084586642298108,0.8,3,0,3
0.42193496,0.35255766010167555,3.239353872167201,0.7,1,1,0
0.43540668,0.43263379364099075,3.01867904060296,0.9,0,0,0
0.4850136,0.3919532742921066,3.168110317878818,0.9,2,1,1
0.30353507,0.3833818227761653,3.1632046194268697,0.7,0,1,-1
0.4106452,0.41681700026708496,3.225186429663008,0.8,0,1,-1
0.4772045,0.36830624119321875,2.885174447128411,0.8,0,1,-1
0.46381378,0.4050385768433582,2.8851204539117536,0.8,0,1,-1
0.39338416,0.35847032677076696,2.851589553374487,0.9,0,1,-1
0.4222043,0.35872708593729036,2.8766291673878226,0.8,0,0,0
0.40882015,0.41309558421425785,2.921981709849717,0.9,0,0,0
0.46247345,0.3151744516558016,2.9689250793612647,0.9,0,0,0
0.5022581,0.3983871829244406,3.108515414334331,0.9,1,0,1
0.43868026,0.48888213821470655,3.2825111102459354,0.7,0,1,-1
0.56386775,0.3391133151139094,3.3923174227787602,0.8,2,1,1
0.4408725,0.3919356370787988,3.3187972239850483,0.6,1,2,-1
0.52104306,0.27036607319507766,3.5168756957665637,0.8,2,0,2
0.55158234,0.3612406596520389,3.599581770147835,0.9,1,0,1
0.24815206,0.5205069049894647,3.943465189601647,0.3,0,1,-1
0.40383556,0.35825710526859794,3.5612412609169977,0.9,0,0,0
0.44196075,0.4422866624610582,3.7027996519202575,0.7,0,1,-1
0.49230266,0.35806317585094616,3.1075660766889937,0.9,1,0,1
0.52282083,0.2750781804343257,2.9414873698385327,0.9,1,1,0
0.4551412,0.41326878400505435,3.1462863706621045,0.8,1,1,0
0.48679027,0.35263990269966194,3.0212406251802895,0.9,1,2,-1
0.51246685,0.39284864221599797,2.941487369838532,0.9,1,1,0
0.41437232,0.3258756638619444,2.8798554875455857,0.9,0,0,0
0.48906288,0.46497774996365576,2.776778210932318,0.9,2,0,2
0.42553684,0.2866294665670925,2.8876718403890336,0.9,1,0,1
0.41214085,0.4684291928582203,3.0517979113984244,0.8,0,1,-1
0.43573952,0.4564429636587317,3.1301249653149705,0.7,0,1,-1
0.4490486,0.48590194348485966,1.940285958670631,0.9,0,1,-1
0.3817744,0.312183213752051,1.0,0.5,0,0,0
0.5119182,0.3824835063815318,2.273315807696889,0.9,1,1,0
0.46219748,0.44490080672083865,1.9798687566511526,0.7,1,0,1
0.4714441,0.3236941523252012,1.983049533286676,0.7,0,1,-1
0.3939631,0.5047899098005142,3.2882313751251355,0.8,1,2,-1
0.45044446,0.390938002650111,2.867353772834994,0.9,0,1,-1
0.44442868,0.3914120447709686,3.1895094697016404,0.9,0,0,0
0.53197074,0.40511089420786817,3.285183330851169,0.8,1,0,1
0.46636018,0.3930765994012795,3.202904337188607,0.7,0,2,-2
0.43173087,0.38663154505131425,3.640223928941852,0.4,1,0,1
0.28995565,0.46340029467021937,3.168110317878818,0.9,1,0,1
0.38164312,0.4856429929052742,3.5602763383680345,0.4,0,0,0
0.51144755,0.474079681717001,3.6010810682147087,0.4,1,2,-1
0.43167594,0.2613118261017173,3.196435084781667,0.9,1,1,0
0.4583989,0.37053376238471686,2.8001926034202227,0.9,0,1,-1
0.5440752,0.28377568138879683,2.8798554875455857,0.9,1,1,0
0.46363842,0.3712822008313289,2.928439190827718,0.8,0,0,0
0.3540925,0.3860380520059196,2.916499308617005,0.8,1,0,1
0.48442364,0.345562068303426,2.776778210932318,0.9,0,0,0
0.45083863,0.3719364117527033,3.4461839308116464,0.9,2,1,1
0.48662022,0.45139197268905606,3.7173358371354928,0.8,1,2,-1
0.4942277,0.45517187549333626,3.511481746364164,0.9,1,1,0
0.52039135,0.32511656631591623,3.6385226293731425,0.9,3,0,3
0.43170533,0.43723163165092793,3.592896608419108,0.8,2,0,2
0.39917877,0.3573950513692194,2.916499308617005,0.8,0,2,-2
0.4273393,0.38475870825372027,3.4797236358992207,0.4,2,0,2
0.5094055,0.38459402322833935,3.1565803937280443,0.8,0,0,0
0.47116747,0.4671760327335156,3.1183319070241815,0.7,2,1,1
0.5369772,0.33655883544576237,3.325741058947207,0.7,1,0,1
0.54045874,0.4136399380683612,2.4495044744353107,0.9,2,1,1
0.5280277,0.35885402670092753,1.9141701112307734,0.8,0,0,0
0.3746995,0.45760608808053616,1.4958242288403436,0.7,0,1,-1
0.44576764,0.4959510414719599,1.495538029919111,0.9,2,0,2
0.37268344,0.4753004045941656,1.456564762130954,0.8,0,0,0
0.43855,0.4474802370043091,2.0822921890824144,0.9,2,0,2
0.38404804,0.36053425031849096,2.244517204030301,0.9,1,1,0
0.45422566,0.3631120586937057,2.2355917460279313,0.9,0,1,-1
0.45036367,0.35637360385459355,1.8077635764171942,0.8,1,0,1
0.43633243,0.4428255185894346,0.9940302114769565,0.6,0,1,-1
0.5633251,0.4136653385470036,2.963856189774724,0.8,0,1,-1
0.4486736,0.34859644159281294,2.822683189255492,0.9,0,1,-1
0.56770223,0.37578060811848024,3.110558948466222,0.9,1,1,0
0.46887237,0.4051610328363209,3.25208496496181,0.8,0,1,-1
0.37518796,0.3911861494974212,3.0575063969967093,0.8,1,1,0
0.45348987,0.3674090997095382,3.097282871372788,0.8,0,2,-2
0.4689804,0.3821923103340293,2.867353772834993,0.9,1,2,-1
0.41406068,0.34540309208241166,3.0607476884752542,0.8,0,1,-1
0.4802224,0.3523242101322346,3.1372517869479233,0.9,1,0,1
0.25108683,0.3566359773872795,3.378688570451097,0.6,3,0,3
0.46130943,0.3191219625328475,2.04597512699001,0.9,0,0,0
0.54703826,0.39102843295672235,1.5644050517413437,0.9,1,0,1
0.26554215,0.4749608325122067,1.4591479170272446,0.6,0,1,-1
0.37295794,0.47443468380795517,0.8453509366224364,0.8,0,1,-1
0.44137463,0.4329645727672735,1.4466479595102752,0.9,1,0,1
0.49237412,0.37575823907971145,2.9654249843125933,0.9,0,0,0
0.43332437,0.3822889783461438,3.0057586753048295,0.8,1,0,1
0.4458399,0.3705069496020361,2.9300191536916556,0.8,0,0,0
0.40204942,0.3988869016088982,3.3104765148471316,0.5,0,2,-2
0.36230287,0.3469356974491296,3.367443242772312,0.6,1,1,0
0.33492187,0.5119336896025279,2.8798554875455857,0.9,0,0,0
0.4516758,0.4267757472708187,2.903133254723745,0.9,1,1,0
0.35828334,0.39793887123730215,4.087462841250339,0.05,0,1,-1
0.5677149,0.3036952346875332,2.8851204539117536,0.8,0,1,-1
0.38809204,0.45802449348976526,3.310476514847132,0.5,1,1,0
0.41370696,0.2710487364917504,2.9598683972678446,0.95,1,0,1
0.44719115,0.26479830224560713,2.9439791689648587,0.9,0,1,-1
0.52038145,0.41548407141920796,3.2068757064432885,0.9,1,0,1
0.43766972,0.2943788867407176,3.187396439045674,0.8,1,0,1
0.50051945,0.34024243255137376,2.9665429890303194,0.8,0,0,0
0.45954174,0.38985561082192166,3.224254326922531,0.9,0,0,0
0.47126544,0.310091522972672,2.9887268553590705,0.9,0,0,0
0.49460945,0.42065088174212706,2.94581083186133,0.9,0,0,0
0.47870338,0.37694894393428935,3.01867904060296,0.9,0,1,-1
0.40345442,0.42554919942129943,3.1974353069794286,0.7,2,0,2
0.5057856,0.3685874907127308,3.0575063969967093,0.8,1,1,0
0.46245286,0.44405649437944766,3.0624924966466036,0.9,1,2,-1
0.45202544,0.31395332362821965,3.076866340087097,0.9,2,0,2
0.40285933,0.3724685231285627,3.1410091508178666,0.8,0,0,0
0.45172748,0.3496953391395031,2.934661076610322,0.9,1,1,0
0.47763678,0.4639491864419951,3.199613324645288,0.8,1,0,1
0.49092647,0.3573856465520383,2.823490576469806,0.9,1,0,1
0.35948095,0.4886802441782956,3.028991962451992,0.8,0,2,-2
0.48520547,0.32987739622692464,2.885174447128411,0.8,1,1,0
0.53858894,0.4249906005317426,3.0315513539183025,0.9,0,0,0
0.52234244,0.3208370456228207,3.3317141503029433,0.9,1,1,0
0.5709457,0.4251969467707659,3.7998737308597996,0.6,3,1,2
0.5172818,0.3653950393853968,3.3196623932707676,0.8,1,0,1
0.48115525,0.1737270023598459,3.118331907024181,0.7,0,0,0
0.4913937,0.41158719508287767,3.417051443618833,0.9,3,0,3
0.57783514,0.1751117946082609,3.079710276317337,0.9,0,0,0
0.47405586,0.3385166628164696,3.060960189603338,0.8,0,1,-1
0.46533856,0.42522312400015183,3.084586642298108,0.8,1,0,1
0.29715595,0.3241115768865376,3.139470570797252,0.8,2,0,2
0.46442753,0.39181167214618995,3.147191429566854,0.8,1,0,1
0.4279998,0.407983574272742,3.3355594735171765,0.9,2,0,2
0.38577384,0.45329651745189387,3.3637132757501895,0.8,2,0,2
0.364719,0.2620613605514986,3.260421209521994,0.8,2,1,1
0.1861419,0.45265191967224544,3.1702295713931177,0.7,0,1,-1
0.40007186,0.5202602976492711,3.5923142370125563,0.9,2,2,0
0.34282017,0.32871830784638384,2.885174447128411,0.8,2,1,1
0.4845568,0.4352530084370582,2.8798554875455857,0.9,0,1,-1
0.470935,0.3040857656354214,3.02544195406668,0.9,1,0,1
0.35562143,0.471950026711086,2.9674384307249486,0.8,0,1,-1
0.45436108,0.4358272132540377,3.0683275401971946,0.9,0,0,0
0.39623562,0.44277074365849506,1.5058231002082847,0.7,0,1,-1
0.4469467,0.45643676876019224,1.5466316153937778,0.8,1,1,0
0.44316033,0.512356075580792,2.954434002924965,0.5,1,1,0
0.49301532,0.42403119324044525,0.9402859586706311,0.9,1,1,0
0.49786195,0.40547652756391056,1.5394910703001345,0.9,2,0,2
0.39762157,0.315769606716137,2.8851204539117536,0.8,1,0,1
0.46101764,0.43382808722880545,2.822683189255492,0.9,0,2,-2
0.5168943,0.4772201365448898,2.728948870365158,0.9,0,0,0
0.3477789,0.4099069659973932,3.0339433670493876,0.7,1,1,0
0.47226512,0.3415288444607897,2.927607301917491,0.9,0,0,0
0.4940057,0.3079448456813437,2.9081733366826743,0.9,0,1,-1
0.43203676,0.5075717977036001,3.0668829917422458,0.7,1,0,1
0.51111484,0.43190006210779736,2.9793394888389986,0.9,0,1,-1
0.46366787,0.41107412774494906,3.090347275584621,0.7,0,1,-1
0.46834755,0.3876835540646336,3.084586642298108,0.8,1,0,1
0.34168446,0.4142317052604583,1.7841591278514222,0.5,0,0,0
0.43695602,0.4130281598698779,2.07732380242972,0.8,0,1,-1
0.43211475,0.37603515053826403,1.9155792582731421,0.8,0,2,-2
0.359631,0.4838979918633439,1.2870540281187268,0.9,0,0,0
0.4149925,0.46425258158112104,2.233269689515108,0.8,2,0,2
0.33155572,0.3842448363532635,2.776778210932318,0.9,0,0,0
0.42513993,0.2943250628809389,3.044801661238701,0.8,1,1,0
0.4836363,0.39034007447569996,2.9793394888389986,0.9,2,0,2
0.5068785,0.3545182667674429,2.8798554875455857,0.9,0,1,-1
0.52000487,0.42030729483570506,2.9300191536916556,0.8,0,0,0
0.39397022,0.3939944781200161,2.823490576469806,0.9,1,0,1
0.5557701,0.39074659035536136,2.9481174211304033,0.9,1,1,0
0.46155512,0.3313220102733676,2.9081733366826743,0.9,0,0,0
0.37633064,0.39154225689473565,3.3535339485774815,0.6,0,0,0
0.48678926,0.4765571452037597,3.0930692077718898,0.9,1,0,1
0.5004793,0.43101278826206313,2.8798554875455857,0.9,0,1,-1
0.43950722,0.45144079585605457,2.8798554875455857,0.9,0,0,0
0.55016345,0.36362648558810085,3.09306920777189,0.9,0,1,-1
0.63148063,0.2213056787808571,2.9736746195753727,0.8,1,0,1
0.45988563,0.29344908609607395,3.106603137064475,0.8,0,1,-1
0.3624319,0.3334679597937295,3.039259108777986,0.9,0,0,0
0.32935712,0.43067661657143086,3.1974168451037093,0.9,3,0,3
0.43083104,0.41602650803762337,3.09306920777189,0.9,1,1,0
0.5053078,0.3987528992900984,3.037291337009859,0.8,1,1,0
0.42426807,0.35759221271849867,3.1490856596359014,0.9,0,0,0
0.44924313,0.38487717800234034,2.249276966815201,0.8,1,0,1
0.46209857,0.46300352524015176,3.506007504271355,0.9,1,0,1
0.47723466,0.3280305109284281,1.5243166733459836,0.9,1,0,1
0.40848464,0.3487227810247069,3.1246648195337086,0.7,1,1,0
0.40824643,0.41452018203891117,2.655050539417775,0.6,0,4,-4
0.46831855,0.43078866480537126,3.0,0.8,0,2,-2
0.52133375,0.39391493139635325,3.01867904060296,0.9,2,0,2
0.4264418,0.45622886617963315,2.7421465905391478,0.8,2,0,2
0.39606085,0.2579192218244721,3.0887793473613607,0.8,1,0,1
0.32164392,0.4440317470633361,2.8311845963584887,0.8,1,1,0
0.4773546,0.43250425720264907,2.4677266293116094,0.9,1,1,0
0.39824036,0.41123498317552426,2.151363669197544,0.8,2,1,1
0.38634494,0.3787310920891396,2.39830299511556,0.6,1,1,0
0.49086297,0.41394733486576324,2.4874280738530175,0.6,1,0,1
0.3978079,0.43911002055400594,1.8628214475995344,0.8,0,2,-2
0.37607852,0.47345862440726744,3.01867904060296,0.9,0,2,-2
0.4417745,0.3472815264495792,3.376721144561037,0.5,1,1,0
0.43985462,0.4688212662248568,3.5069541504536477,0.5,1,2,-1
0.5280936,0.33094972858442034,3.073681846204231,0.9,0,1,-1
0.45839185,0.37038504380891946,3.0723279884492234,0.8,0,1,-1
0.44660324,0.41270480538534,3.157827735781396,0.7,0,1,-1
0.43824178,0.35118101747657837,3.1924876891689533,0.9,1,0,1
0.5200833,0.37980530938719065,3.1660607570033577,0.9,2,0,2
0.36872974,0.4928208230384479,2.885120453911753,0.8,0,0,0
0.52729535,0.4261082463959506,3.1527217381013255,0.9,0,1,-1
0.4469972,0.45010857046368463,1.8850931455708966,0.9,0,1,-1
0.43188354,0.3858859551085058,2.321127473337187,0.7,1,0,1
0.4693536,0.48765498035531774,2.011314688649721,0.9,0,2,-2
0.42741296,0.4680936464913542,2.169925001442312,0.8,0,1,-1
0.39650157,0.26349792719236315,1.1981174211304033,0.9,0,0,0
0.40963975,0.40794994321333555,2.8798554875455857,0.9,1,0,1
0.38416725,0.4419073302038669,3.231038391295044,0.5,0,0,0
0.25778335,0.48046681836236593,2.9081733366826743,0.9,2,0,2
0.5018568,0.4284845171710413,2.8851204539117536,0.8,1,0,1
0.44979602,0.44754359449279774,3.231038391295044,0.5,1,0,1
0.37216654,0.43685836213349455,2.8798554875455857,0.9,1,0,1
0.50647825,0.3216507223085427,2.8979148441348372,0.8,2,0,2
0.39714536,0.3420523760286853,2.8798554875455857,0.9,1,0,1
0.5075631,0.48760727568747103,3.0620730191784222,0.9,1,0,1
0.4579184,0.4632981134763655,3.10441119255554,0.9,1,1,0
0.4883969,0.4762120691213532,3.6552215288595127,0.3,0,2,-2
0.2541366,0.3572733742014037,1.5,0.2,1,2,-1
0.4897439,0.41699330873808016,3.180630667080125,0.9,0,1,-1
0.38222492,0.23210121003686088,3.252715278979705,0.6,0,0,0
0.49436748,0.37591692018525297,3.1127719846416393,0.9,1,0,1
0.28849757,0.3451146335283304,3.2393538721672006,0.7,0,0,0
0.346303,0.2994157094256277,3.113649565593694,0.8,0,0,0
0.4545547,0.3243619351631996,2.9276073019174915,0.9,0,0,0
0.5247738,0.3658895690433952,2.9208322930948,0.8,0,0,0
0.45232633,0.49515107402387337,3.6551351222687627,0.4,2,0,2
0.3386304,0.4520249838370971,2.985126524384736,0.8,0,1,-1
0.5516476,0.3396859661251875,3.0621735653919635,0.9,1,1,0
0.45884404,0.39426942055547515,3.0042169249474333,0.8,0,0,0
0.49419406,0.4569092610756119,3.133975800509341,0.9,0,0,0
0.27096745,0.4120298466277455,3.209282221599798,0.7,0,0,0
0.46997806,0.36897564154310863,2.9414873698385327,0.9,1,1,0
0.36679822,0.29015679138444267,2.9414873698385327,0.9,1,0,1
0.4607835,0.4181580758745241,3.028991962451992,0.8,1,0,1
0.5583236,0.23551499734951117,2.940072687348654,0.8,1,1,0
0.45496944,0.4342530057007897,3.0,0.8,0,0,0
0.3423373,0.4289602335790166,1.584962500721156,0.1,1,0,1
0.2840418,0.4890234803654505,-0.0,0.9,1,0,1
0.45403466,0.31365535734620537,1.6589797521242053,0.9,0,0,0
0.38123962,0.39856445061554785,2.0994705707972523,0.8,0,1,-1
0.54471534,0.3497175679247566,1.0,0.9,0,0,0
0.4141536,0.2952547261226806,3.0258724703050923,0.8,0,1,-1
0.5587198,0.3309204730131086,2.95314057292337,0.9,2,1,1
0.43419644,0.42527206528842304,3.1828381162981456,0.8,0,0,0
0.48205298,0.41934540685487987,2.964996414548017,0.9,0,0,0
0.39248082,0.4324308782933748,3.8100810205217304,0.3,0,0,0
0.41815245,0.2775027828029843,3.029551963400665,0.9,2,0,2
0.36215016,0.4014098508681482,3.2307743634037305,0.8,0,0,0
0.3804926,0.4589046163923281,3.0717350271381694,0.9,0,1,-1
0.51418024,0.4242243032632135,3.2857060841266947,0.8,0,1,-1
0.49405468,0.42391787021156974,3.154129741456258,0.9,1,0,1
0.51388687,0.3701767864702388,2.728948870365158,0.9,0,1,-1
0.48042586,0.35455279487829755,2.8798554875455857,0.9,1,1,0
0.39778367,0.4369106191159385,2.7688538376159997,1.0,0,1,-1
0.41372532,0.4541949781312316,2.8798554875455857,0.9,1,1,0
0.50124294,0.5090984739448459,2.908173336682674,0.9,1,0,1
0.5249959,0.3758167682766744,3.406803438866068,0.9,2,0,2
0.46359432,0.45854571419872736,3.5438515265445463,0.8,1,1,0
0.38883975,0.4735919352660792,3.5185254090996034,0.9,0,1,-1
0.32144815,0.30225574813334605,3.096104175266962,0.8,0,1,-1
0.30355045,0.3413059792854981,3.736280045756848,0.7,1,0,1
0.4884544,0.2942095810559425,2.933376040408504,0.9,1,0,1
0.5860285,0.224933270777828,2.9830749314332756,0.8,0,0,0
0.50212204,0.35078969549030203,3.002707336492527,0.9,0,0,0
0.5041669,0.4303053966351161,2.937438010314799,0.8,0,1,-1
0.32883385,0.37262242190726313,3.5849625007211565,0.4,1,0,1
0.5457067,0.3475979965987128,3.6141901191254875,0.7,0,0,0
0.41270638,0.40748626336218374,3.481989934253446,0.8,0,0,0
0.43188956,0.34054719830599417,3.5307501784370423,0.9,0,1,-1
0.38846248,0.30362424772716556,3.4791976207401736,0.8,1,0,1
0.48571464,0.1632225728035634,3.5474337144373,0.8,0,0,0
0.5223362,0.23512387953551073,1.9056390622295662,0.3,1,0,1
0.47923902,0.40911182840222665,1.9367376372690066,1.0,0,2,-2
0.42834824,0.37932496004581184,1.897317260669707,0.9,2,0,2
0.51548666,0.43645558811356683,2.2332696895151085,0.8,1,0,1
0.4091937,0.341291597148379,1.8221189251103274,1.0,1,1,0
0.5454311,0.3612533525954047,2.6084585933443494,0.9,1,1,0
0.38308135,0.5035615824364947,1.2776134368191154,0.8,0,0,0
0.5601449,0.40783353873400235,3.502258412694598,0.9,2,0,2
0.44639534,0.3724795141638654,2.097993162427139,0.9,0,0,0
0.59911555,0.23643850526970378,3.569702316978284,0.8,1,0,1
0.47806472,0.2834681666362661,2.921981709849717,0.9,1,0,1
0.3620171,0.3599980967651262,3.246603945047597,0.8,2,1,1
0.3889724,0.47473157259958554,3.1716678921229597,0.9,0,2,-2
0.40431187,0.4617665470498422,2.981714572986073,0.8,0,0,0
0.37989777,0.46866734166305024,3.0082222749239294,0.7,1,1,0
0.50368935,0.4686759762288349,2.291311219434223,0.9,1,2,-1
0.46475053,0.3982431045210202,2.56675782361466,0.9,1,0,1
0.52243173,0.19104111708816673,1.9437545839367454,0.9,0,0,0
0.44643334,0.3506996908029127,1.925796479454646,0.9,0,1,-1
0.42949829,0.49762886127067185,2.3009786743716325,0.6,1,0,1
0.4800607,0.4957296138101822,3.2462896106285717,0.8,1,3,-2
0.5159616,0.34367408494714957,3.039563256665049,0.9,0,1,-1
0.5217978,0.4324468166405158,2.946644739776095,0.9,1,0,1
0.49216935,0.40159949237030323,3.44716007463276,0.6,0,1,-1
0.44375747,0.3986435832599538,3.139174227036076,0.7,1,1,0
0.4344228,0.43653043508453,3.3625878702545697,0.8,0,2,-2
0.47782594,0.2475566044956603,3.194048439318099,0.9,1,0,1
0.5570939,0.4388259295188633,3.3048715108720566,0.9,2,0,2
0.4108221,0.3875977888819812,3.5159573209491746,0.5,0,0,0
0.515374,0.36668447313706015,3.4074863685844945,0.9,1,1,0
0.41474548,0.3109033397156162,2.7751070248348757,0.9,0,1,-1
0.45630977,0.41556515110237435,2.941487369838532,0.9,0,0,0
0.48525664,0.41793816439123793,3.1075660766889937,0.9,2,1,1
0.39548084,0.29423462210917056,3.120183935661208,0.7,1,1,0
0.41630596,0.343328499584515,3.1570914161644237,0.7,1,0,1
0.4856205,0.289021901094672,2.95311500557286,0.9,0,1,-1
0.5367245,0.3785456238033798,3.251185118172929,0.9,0,0,0
0.44010547,0.4069015699174465,3.1579384604513487,0.8,1,0,1
0.29965052,0.48223018101067167,3.1760090241692245,0.7,1,1,0
0.36305916,0.48033575589170746,3.754441845713347,0.3,0,1,-1
0.44893697,0.40564048670021774,3.01867904060296,0.9,0,1,-1
0.4705921,0.4515437958142962,3.145461844238322,0.9,0,1,-1
0.39534795,0.4009003681832422,3.088710641914682,0.8,1,0,1
0.2359638,0.4642522836000579,2.973851389610045,0.9,0,1,-1
0.47394672,0.34358793666452536,2.8976040654309387,0.9,0,0,0
0.4479096,0.3753789153409092,2.2730338862000163,0.9,2,1,1
0.44196004,0.31369731714277266,0.9612366047228759,0.8,1,0,1
0.32538617,0.4438635758629954,-0.0,0.9,0,0,0
0.5037066,0.45357155996365917,1.9784820284039006,0.8,0,1,-1
0.31216508,0.47254052434468646,0.8812908992306927,0.7,1,0,1
0.36297607,0.29041762209147537,3.0082278979304764,0.8,1,0,1
0.5194537,0.4071628703995476,3.2835642938431207,0.8,1,0,1
0.5433436,0.21694124525945632,3.663532754804255,0.4,2,0,2
0.49960387,0.3244179072143547,3.2098683589017414,0.9,0,0,0
0.5005089,0.47760345223717726,3.278479862494654,0.9,0,0,0
0.45500037,0.2002077034854247,2.823490576469806,0.9,1,0,1
0.4571513,0.4357237703664712,3.1224718779332505,0.8,0,0,0
0.5374588,0.44344114048898303,3.160474332860025,0.9,1,1,0
0.4233654,0.436043229488356,2.9318497041442493,0.9,0,1,-1
0.40180263,0.4137002827654018,3.1800810637956762,0.9,1,0,1
0.49243364,0.3576059415027113,2.8272085933443494,0.9,0,1,-1
0.4176185,0.3064352282135371,2.983871113218153,0.9,0,0,0
0.42554367,0.27714503283148345,2.867353772834994,0.9,0,1,-1
0.48098892,0.37979499520920496,3.0830039664751983,0.9,2,0,2
0.483735,0.37467999990030854,3.01867904060296,0.9,0,0,0
0.4031378,0.3900816869777093,3.643776391052357,0.4,1,0,1
0.6112971,0.21506841667657034,3.1136495655936938,0.8,1,0,1
0.43906367,0.4041594024684848,3.0131060113376824,0.9,2,0,2
0.4706646,0.23609218631611045,3.3332819103918467,0.6,2,0,2
0.34102836,0.4031014130379498,3.0,0.8,1,0,1
0.4710734,0.31736099158945724,3.162201868491445,0.8,0,0,0
0.43807113,0.4997707009077641,3.391201429374546,0.6,1,0,1
0.48919177,0.41912229876851226,3.206856711411078,0.9,0,1,-1
0.40171838,0.41240438019572695,3.0605405276741675,0.8,1,0,1
0.44274154,0.4903259020031733,3.1127719846416393,0.9,2,1,1
0.5700619,0.3448418511113296,3.0251129441647446,0.9,1,0,1
0.36261433,0.49206398343747487,3.0168205030977906,0.9,0,0,0
0.33584252,0.4374596683854147,3.422491668124445,0.6,1,2,-1
0.4555142,0.3646867664347728,3.1000306410769713,0.8,0,0,0
0.49724987,0.441211849051518,3.416530173029466,0.7,1,2,-1
0.29378083,0.3243937401909309,3.16100727900131,0.7,1,2,-1
0.5065956,0.4576065164690278,3.1618827187141427,0.8,0,0,0
0.48535636,0.4558754521954173,3.0980588507770146,0.9,0,2,-2
0.5407512,0.36385880943208104,3.1874247322167517,0.7,0,1,-1
0.5438031,0.37539084167721903,3.0080950024529067,0.9,2,0,2
0.39728215,0.45463878319104684,3.028991962451992,0.8,1,0,1
0.4885234,0.441622393536868,3.104718713542952,0.9,2,0,2
0.45571694,0.39870242620108354,2.728948870365158,0.9,1,0,1
0.46544334,0.4129185371403301,3.1897496101421017,0.7,0,0,0
0.3676149,0.358436709993515,3.028991962451992,0.8,1,0,1
0.31316233,0.31349204700389177,2.8798554875455857,0.9,0,2,-2
0.40260714,0.48755257340764935,2.8798554875455857,0.9,0,0,0
0.46189567,0.4014411448483429,2.9793394888389986,0.9,0,0,0
0.51590586,0.36969745224744005,2.8798554875455857,0.9,0,0,0
0.4178955,0.40326773961252294,3.2234836238387423,0.7,1,2,-1
0.49376845,0.2359633834570968,3.110519005760029,0.8,1,0,1
0.3843655,0.3506007900021721,3.327913287443188,0.8,2,2,0
0.46245152,0.24237952101923088,3.238182083022845,0.8,1,0,1
0.4113062,0.34732752401717687,3.4580741274541933,0.7,1,1,0
0.47422305,0.411676897982327,3.4598683589017414,0.9,0,3,-3
0.5317963,0.3704495779773217,2.969393857166959,0.8,2,1,1
0.49481142,0.41204444218774483,2.9887268553590705,0.9,0,0,0
0.3909939,0.2474793066020787,3.0621735653919635,0.9,2,0,2
0.38201097,0.402676149166069,2.9738513896100454,0.9,0,3,-3
0.4933397,0.45280811437269,2.867353772834994,0.9,0,1,-1
0.4689165,0.40838268261454563,2.9793394888389986,0.9,1,1,0
0.36764735,0.38534962959992514,2.986350030255313,0.8,0,2,-2
0.4493976,0.3297831995649726,2.8798554875455857,0.9,0,2,-2
0.5577911,0.2916157904682836,3.066532536373009,0.9,1,1,0
0.45565316,0.38550410558170717,2.728948870365158,0.9,0,0,0
0.5211872,0.3892844095285086,2.8272085933443494,0.9,0,1,-1
0.43966922,0.29617086617357685,2.998966624432267,0.9,2,0,2
0.39875793,0.4466082692610653,3.0621735653919635,0.9,1,1,0
0.5620188,0.39425593643598283,2.9738513896100454,0.9,1,0,1
0.5078518,0.42015318793031126,2.872253928364927,0.9,0,1,-1
0.48004025,0.4087251357949688,2.716623811079363,0.9,1,2,-1
0.46748844,0.2991108452645585,3.541743520601859,0.8,0,1,-1
0.5370501,0.42650612926976994,3.321443405776081,0.9,1,0,1
0.49154538,0.31849300550169285,3.4026330613931544,0.9,3,0,3
0.54248446,0.3911458080934017,3.7360069464476564,0.6,0,1,-1
0.44557145,0.3925562846101849,3.0484759836622013,0.8,0,0,0
0.41388512,0.3924298675048852,3.1136495655936938,0.8,0,1,-1
0.42368594,0.3016961002481335,3.0,0.9,1,0,1
0.44513032,0.4412891631951121,3.179087540813927,0.8,0,0,0
0.5324593,0.3205954307899198,2.975630002882161,0.9,0,0,0
0.4251919,0.29833645410647414,3.0315513539183025,0.9,0,1,-1
0.23933277,0.4216245958850873,4.037401197654112,0.1,1,1,0
0.52231866,0.38793718827654095,2.9529350195059805,0.9,0,1,-1
0.4084035,0.3288307375617741,2.927607301917491,0.9,0,1,-1
0.4117263,0.3468809171441772,3.0,0.8,1,1,0
0.52119714,0.26672792514210675,2.966069019879687,0.95,0,0,0
0.51500344,0.4693919891651977,3.010770866158963,0.95,1,0,1
0.5241851,0.4324285281867475,2.910850294564907,0.9,0,0,0
0.30263457,0.43170528234465194,2.9276073019174915,0.9,1,0,1
0.49502647,0.37266910540258236,2.8192219629871325,1.0,0,0,0
0.46559247,0.3344038319421647,2.9276073019174915,0.9,0,1,-1
0.4957653,0.3739470900848686,2.9596061838776087,0.9,2,0,2
0.4578093,0.4930258078560975,3.01867904060296,0.9,0,0,0
0.41946617,0.4644883908163962,2.9738513896100454,0.9,0,0,0
0.45525637,0.3423200768582433,2.9986681079564357,0.9,0,0,0
0.3778308,0.42515443107660267,2.223829217379574,0.9,0,3,-3
0.48530197,0.4243032509118671,1.4577174691301482,0.9,0,0,0
0.4707109,0.27049154955043786,2.2946292138445554,0.7,1,0,1
0.499233,0.47384405591111567,1.971335285306981,0.5,2,3,-1
0.51894194,0.31724530716357335,1.419556298571613,0.7,1,1,0
0.5125256,0.31823099986575126,3.194615882860904,0.9,2,0,2
0.45443958,0.49781634251133366,3.25501797894518,0.9,1,0,1
0.47401428,0.4092477258589468,3.1703498292835013,0.9,1,1,0
0.50658715,0.3674003181742777,3.391452546404096,0.9,2,0,2
0.5355165,0.38244570658484434,3.147244096364702,0.8,2,0,2
0.46782154,0.32368390228893995,3.1087813061987757,0.8,0,1,-1
0.4340373,0.4208237621640148,3.009372702905613,0.8,1,0,1
0.44999424,0.36197068312686564,3.0621735653919635,0.9,0,1,-1
0.445218,0.43145696633653735,3.039259108777986,0.9,1,1,0
0.4327508,0.36408395166247237,2.95311500557286,0.9,1,0,1
0.42338127,0.4663402211668399,2.973851389610045,0.9,1,1,0
0.5123393,0.43546438497122203,2.8798554875455857,0.9,0,1,-1
0.4176802,0.4325382155245252,3.4748917178498937,0.5,2,0,2
0.47265044,0.4437302803881047,3.444773835029478,0.5,0,3,-3
0.4921639,0.3155648631304565,3.3052961878146676,0.9,0,1,-1
0.3381902,0.30458440733756154,2.9738513896100454,0.9,0,0,0
0.4226447,0.3732755522150741,3.1029334343823503,0.8,1,1,0
0.37872514,0.33307786290749825,3.0322682296173897,0.8,0,1,-1
0.4562227,0.44912180004127644,3.185739435775333,0.8,1,0,1
0.44690254,0.27651363283255437,3.1800303216184083,0.7,0,1,-1
0.533869,0.2066479563404356,3.259141984247902,0.7,1,0,1
0.22537042,0.4022108467358719,2.9208322930948003,0.8,1,2,-1
0.5240472,0.29501697274276373,3.0476138037241434,0.9,0,0,0
0.4308117,0.34924001011063716,3.0510050526598267,0.9,2,0,2
0.46540654,0.41283774698193876,3.2343669797786117,0.7,0,1,-1
0.4130327,0.38054778882637763,2.9793394888389986,0.9,0,2,-2
0.4725009,0.3659306521165397,2.9793394888389986,0.9,1,2,-1
0.49488223,0.3936113330139635,3.0621735653919635,0.9,1,0,1
0.48981336,0.3320249325472961,3.066532536373009,0.9,1,0,1
0.4415911,0.37237921139582125,3.0480290317418888,0.8,0,3,-3
0.36320713,0.41026560222609953,2.8798554875455857,0.9,0,0,0
0.4908677,0.19713188159475278,2.941487369838532,0.9,0,0,0
0.49500203,0.3780086758328366,2.9333760404085045,0.9,0,0,0
0.4786964,0.3950555936732536,3.1410091508178666,0.8,1,0,1
0.48991343,0.5291649248785628,3.393636625190374,0.9,3,0,3
0.44803947,0.37622776130143787,3.084139395501338,0.95,1,2,-1
0.46787247,0.5137701638606371,3.313581276423612,0.7,0,0,0
0.45853516,0.39206051355266275,3.1779080269349547,0.9,1,1,0
0.4712496,0.4065216658068072,3.4052672169218288,0.8,0,0,0
0.5368044,0.3556892532164614,2.923856189774724,0.8,0,0,0
0.48627368,0.468374596891826,4.004886164091842,0.1,1,1,0
0.48285508,0.454006612535282,2.867353772834994,0.9,0,0,0
0.5047878,0.3246127311947717,3.024090852510247,0.8,1,2,-1
0.42274228,0.42086910580493014,2.8766291673878235,0.8,1,0,1
0.5074627,0.4267982094578353,3.305708449473619,0.5,2,0,2
0.46073112,0.35053587731286545,2.9081733366826743,0.9,0,0,0
0.52535665,0.31453601510344464,3.098934050081714,0.8,0,2,-2
0.3827895,0.32865017796593365,3.0212406251802895,0.9,0,0,0
0.525291,0.3306421560745798,3.1234415598182985,0.8,0,0,0
0.44964486,0.3494953982433583,3.2062389286533897,0.8,0,0,0
0.44533756,0.3847439275351134,3.2958611506429425,0.9,3,0,3
0.43684983,0.44676881651211947,3.6746433738670676,0.8,2,1,1
0.47299752,0.2722021869255338,3.5032207175885888,0.9,1,0,1
0.56799066,0.3568211009222206,3.6081341615990583,0.9,2,1,1
0.40303048,0.40756411092032974,3.6837834090041013,0.7,0,2,-2
0.44268623,0.5045098158894532,2.8798554875455857,0.9,1,0,1
0.45256698,0.28052904460662204,2.9674384307249486,0.8,0,0,0
0.47670376,0.3418144279206521,2.822683189255492,0.9,0,0,0
0.41942784,0.35549788951610267,2.934661076610322,0.9,0,0,0
0.4700463,0.4433205778808769,2.8798554875455857,0.9,0,1,-1
0.4285371,0.37111716781790743,3.0640917816300157,0.8,1,2,-1
0.48811778,0.33640536771465246,2.956623811079363,0.9,1,0,1
0.40081462,0.3892036800854984,3.276991787330122,0.7,2,1,1
0.3887531,0.3056079680518446,3.0,0.8,0,0,0
0.45385364,0.43216807312528827,3.224254326922531,0.9,1,1,0
0.40987557,0.42385475549897267,3.0717350271381694,0.9,0,0,0
0.48608157,0.3631252339705512,3.0575063969967093,0.8,0,1,-1
0.47807002,0.4191036388150509,3.4393959783200674,0.9,0,1,-1
0.38464725,0.3784657025055525,3.326360407952694,0.6,2,0,2
0.45701253,0.3484029240556262,3.2469742072484777,0.8,0,0,0
0.4849144,0.4300580034914632,3.0027073364925276,0.9,1,0,1
0.51948416,0.47618721666063746,3.0367291555082163,0.9,1,1,0
0.38962954,0.4232741853129922,2.8851204539117536,0.8,0,1,-1
0.48647225,0.45005717067489265,3.014091089055424,0.8,1,3,-2
0.37007824,0.5380270729299768,3.6818808028034025,0.4,1,0,1
0.40111518,0.4889816768508472,3.361824013512149,0.6,0,1,-1
0.4954559,0.432575180284442,3.0212406251802895,0.9,2,0,2
0.44136077,0.3637369143329041,3.245766986265912,0.9,1,1,0
0.49016696,0.29602766665474467,3.257367497088128,0.8,1,0,1
0.45188862,0.38427395806144016,3.1454618442383224,0.9,0,1,-1
0.46477306,0.270505425162841,3.2887549139935035,0.8,1,0,1
0.50704163,0.34284632844269247,3.129283016944966,0.8,0,1,-1
0.50957125,0.5013769432657547,3.5435054826014594,0.9,2,0,2
0.42608494,0.2556594635787307,3.1147869792568117,0.9,0,1,-1
0.49940166,0.40649807408793287,3.166212137812171,0.8,0,1,-1
0.4508038,0.47167097659292834,2.9738513896100445,0.9,1,2,-1
0.4592289,0.385585646089932,2.820046868677855,0.9,0,1,-1
0.469523,0.40554004620303336,3.01867904060296,0.9,0,0,0
0.54287505,0.3358395903068361,2.8921748610432805,0.9,0,0,0
0.39547625,0.42245880207547726,4.004886164091843,0.1,1,1,0
0.5051996,0.41137031571535687,2.3149798205164815,0.9,1,0,1
0.51393014,0.3702596793770127,1.5451531398349103,0.9,0,0,0
0.5150435,0.3869942003527293,2.2959585933443494,0.9,1,1,0
0.50207764,0.421132263107391,1.5128876215181604,0.9,0,1,-1
0.5876351,0.38343839130400187,1.7349112826910293,0.9,1,0,1
0.4908129,0.4749864187520663,3.1497388086555613,0.9,0,1,-1
0.40033868,0.36852496056635564,3.178835601191852,0.9,1,0,1
0.45155957,0.442283546732604,3.093347709865425,0.9,0,1,-1
0.498801,0.3853479461366791,3.265887850220526,0.9,1,0,1
0.5297216,0.39566106002447693,3.1349375429725486,0.8,2,0,2
0.5464082,0.49326945406838213,1.574331785544523,0.9,1,0,1
0.47149286,0.42126000812457404,1.9926140680171258,0.8,0,2,-2
0.43052778,0.485423848226594,1.9542823944388743,0.9,2,1,1
0.3855235,0.248924290555826,1.495538029919111,0.9,1,0,1
0.3536271,0.42413637782761443,1.522189872165821,0.8,0,2,-2
0.4356741,0.24118250191013882,2.2908770663513964,0.8,2,0,2
0.49979275,0.38607220977928663,2.484418915838048,0.9,2,0,2
0.367572,0.45315305072090567,-0.0,0.0,1,0,1
0.38012654,0.2318330049211435,0.9182958340544896,0.8,0,0,0
0.4811449,0.4315012574553681,1.4466479595102752,0.9,1,2,-1
0.46302915,0.21481651184649286,2.823490576469806,0.9,2,0,2
0.49155125,0.4596370090604951,3.2080986635018056,0.9,2,1,1
0.4483976,0.3149775395430847,2.963856189774724,0.8,0,0,0
0.525132,0.43743727182987163,3.510490261929989,0.8,1,1,0
0.46856698,0.4311122595428722,3.2596692352590324,0.9,0,2,-2
0.44121143,0.3045182280743887,3.0239217461818537,0.8,1,1,0
0.51500344,0.4693919891651977,2.994265488771674,0.9,0,3,-3
0.42693532,0.4345645727886645,2.8798554875455857,0.9,0,1,-1
0.45792556,0.4181951135344959,2.908173336682674,0.9,0,1,-1
0.56823575,0.34791288818719546,3.156580393728044,0.8,0,0,0
0.44639492,0.36081420145703935,2.728948870365158,0.9,1,1,0
0.4494831,0.392162853772124,3.0537914051260895,0.9,0,1,-1
0.45131585,0.4135471257445568,3.0878288332531665,0.9,1,1,0
0.4476573,0.45614720544059656,2.872253928364927,0.9,0,0,0
0.5422871,0.3443662442178358,3.0586427376315712,0.9,0,0,0
0.5230822,0.3644984215517284,3.0511668959682736,0.95,1,1,0
0.48313567,0.3890358398939547,3.186172265951837,0.95,1,2,-1
0.38814285,0.4288578713010896,3.209867121904036,0.8,1,1,0
0.3053908,0.39765408213499687,3.4331245020025687,0.5,2,1,1
0.5123467,0.3461332474393052,3.195250506612449,0.95,2,1,1
0.3896198,0.3871333938740552,2.214022152632502,0.8,2,1,1
0.4220152,0.4274706206815092,2.1943429682921884,0.9,0,1,-1
0.42625603,0.36401899233971874,1.4294732983598408,0.7,1,1,0
0.3932977,0.3755531963086335,1.456564762130954,0.8,1,1,0
0.33756578,0.44093762913103696,1.902683189255492,0.9,1,0,1
0.4519329,0.4373453773610348,3.203351523351409,0.9,3,0,3
0.5777979,0.3695336941055453,3.0848493346818877,0.9,1,2,-1
0.43611768,0.4344374068290846,3.288027268680221,0.9,0,0,0
0.30882728,0.44908731366002513,3.1512475831098588,0.8,3,0,3
0.39259538,0.2931335321245113,3.4030168200631845,0.8,2,0,2
0.41490313,0.3053749793496413,2.9318497041442484,0.9,0,0,0
0.429984,0.3674253285633429,3.2521346130174726,0.8,0,1,-1
0.38685966,0.4139861863959984,2.8798554875455857,0.9,1,1,0
0.4824583,0.43032771094718536,3.01867904060296,0.9,1,0,1
0.41651803,0.39122060036421397,2.8690954395801547,0.9,1,2,-1
0.47053683,0.2753451104553387,3.1370730104262714,0.8,0,0,0
0.28146455,0.3115726391190805,0.9852281360342514,0.4,0,0,0
0.45426822,0.36716822689214473,3.015183155365317,0.9,1,0,1
0.4213399,0.23164924117128716,3.0989340500817137,0.8,0,0,0
0.39345062,0.34262760357151845,3.016150648454355,0.8,0,0,0
0.49839318,0.393187296842187,2.8272085933443494,0.9,0,0,0
0.38121676,0.4246762499197942,3.796217602590056,0.3,0,2,-2
0.44851935,0.29672843332014875,2.8955933144511468,0.9,0,0,0
0.3621856,0.39366397904094086,3.1761673177098713,0.8,2,1,1
0.49019757,0.16689898276793436,2.981714572986073,0.8,0,0,0
0.42048377,0.3599172480747175,3.1489444208309094,0.6,1,0,1
0.414869,0.3383556202795747,3.064198871213577,0.8,0,0,0
0.4731186,0.29916838619165453,3.1059444262010523,0.7,2,0,2
0.46045223,0.37227591779660707,3.139470570797252,0.8,1,0,1
0.3463559,0.47220312851253504,3.0082278979304764,0.8,3,0,3
0.3850456,0.4380305145648962,0.9967916319816367,0.8,0,0,0
0.5225413,0.3711241215183632,1.5588718484453603,0.8,0,0,0
0.4708191,0.37805787416768283,0.9612366047228759,0.8,1,0,1
0.50343657,0.38116780143007517,2.2214197986853934,0.9,0,0,0
0.4665634,0.45840129479787567,-0.0,0.7,0,1,-1
0.44893935,0.1408585104097827,1.4056390622295662,0.4,1,0,1
0.5062828,0.2985133374492535,2.121276357834812,0.7,2,0,2
0.38215294,0.4362420801760352,0.9182958340544896,0.6,1,1,0
0.41699004,0.427434317603596,0.8904916402194913,0.9,1,0,1
0.4566608,0.4428264896875017,0.9612366047228759,0.8,0,0,0
0.49919727,0.3949230022933355,3.4919702248710145,0.8,1,0,1
0.46246457,0.385549008395857,3.4533947588441634,0.8,2,0,2
0.4478051,0.3801865271231795,3.2936606896881857,0.8,1,0,1
0.47394702,0.29453678722269633,3.4044677871028313,0.8,0,0,0
0.4617406,0.42438923969710207,3.3968287305089753,0.9,0,0,0
0.5033573,0.39849561649984744,3.1996133246452882,0.8,1,1,0
0.41909474,0.45522810483965126,2.8851204539117536,0.8,0,4,-4
0.5182622,0.4316512177929641,2.998966624432267,0.9,1,0,1
0.47753257,0.40781397056569335,2.908173336682674,0.9,0,0,0
0.52608824,0.35579383124400493,3.1187205286913593,0.9,2,0,2
0.46148404,0.3962891191504938,2.9747848238016035,0.9,0,0,0
0.41368583,0.3629807208375829,3.0723279884492234,0.8,0,2,-2
0.4937984,0.483572533944978,3.398209786412639,0.8,1,0,1
0.52766895,0.3181170211744644,3.3471717035530753,0.6,1,0,1
0.50385344,0.3615802523606731,3.024090852510247,0.8,0,0,0
0.40669563,0.3894811432134299,3.187099340069819,0.8,0,1,-1
0.5366582,0.4552087768125765,3.168925079361265,0.9,1,0,1
0.39142108,0.3908466090744223,2.9830749314332756,0.8,0,0,0
0.44521728,0.2751375229145346,3.172233675219988,0.8,0,0,0
0.48604262,0.42010493507234836,3.09117192688693,0.9,2,1,1
0.41848403,0.5194829118421964,3.3692725790365925,0.5,2,0,2
0.5574658,0.3388799893116342,3.1150827585690295,0.8,2,1,1
0.35932177,0.3987757516545763,3.113649565593694,0.8,0,0,0
0.5347476,0.3434565501195804,3.01867904060296,0.9,0,1,-1
0.55187494,0.35956033975929386,3.449065917291543,0.6,0,0,0
0.51317304,0.382734921587132,3.039259108777986,0.9,0,1,-1
0.41550988,0.36288184370091253,3.01867904060296,0.9,0,0,0
0.32530567,0.4422914231481867,3.623516641218015,0.4,1,0,1
0.5047213,0.2491610602835317,3.189275070710713,0.8,1,0,1
0.51195425,0.30219006584411207,2.9532289446393953,0.9,0,0,0
0.46435848,0.3541356929472898,2.998476941855876,0.9,1,0,1
0.5018178,0.3135186659949604,3.1412304772574884,0.8,1,0,1
0.5463559,0.21551713644004694,3.4692407821722844,0.6,3,0,3
0.4781378,0.3823104464345251,3.3348486136508466,0.7,1,2,-1
0.46736872,0.3796556172776803,2.9982975702780195,0.9,0,0,0
0.47629356,0.38622424386113147,2.921981709849717,0.9,1,0,1
0.37148738,0.4746416267331888,3.1565803937280443,0.8,0,2,-2
0.4211258,0.4085361206751122,2.9665429890303194,0.8,1,1,0
0.43447348,0.25333437073565696,3.0607476884752547,0.8,3,0,3
0.5253446,0.33376013447475505,3.0123511323638086,0.9,0,0,0
0.5087303,0.37736342649678944,3.3935953724537105,0.8,0,2,-2
0.42778796,0.30184001944555316,3.09306920777189,0.9,0,0,0
0.39809418,0.2774641441448959,3.2229074943218805,0.8,2,0,2
0.49753818,0.3985851160390315,3.1856987807516512,0.8,0,1,-1
0.3906244,0.3429175455065362,3.187907291846956,0.9,1,0,1
0.48887524,0.4089518213625462,2.9532289446393953,0.9,0,0,0
0.4625774,0.44433324594796886,3.01867904060296,0.9,1,0,1
0.43293163,0.4433402908936713,2.7751070248348753,0.9,0,0,0
0.45036644,0.44305308429459445,2.927607301917491,0.9,0,0,0
0.35724854,0.3317349533181781,2.95311500557286,0.9,1,0,1
0.5284381,0.4292138439716124,3.516414575264606,0.6,3,0,3
0.5229087,0.3201856461819549,3.212214824273633,0.8,1,0,1
0.4770148,0.3536309346759391,3.441422288988841,0.7,0,0,0
0.46898067,0.455193845146079,3.5005135088555694,0.8,2,1,1
0.49414298,0.3250876363340165,3.22656666858975,0.8,0,1,-1
0.5057,0.36000486365676587,2.972551346495644,0.9,0,0,0
0.5476677,0.36159229300103923,2.776778210932318,0.9,0,1,-1
0.35892135,0.402412746476889,3.072930304900479,0.8,0,0,0
0.49438363,0.3692449247914819,2.921981709849717,0.9,1,0,1
0.54170376,0.3464410849936395,2.9793394888389986,0.9,2,0,2
0.56219584,0.2622445848799799,3.187487313922642,0.8,0,2,-2
0.41802967,0.3416593853987241,3.261842188131012,0.8,0,2,-2
0.39951298,0.26683094872240387,3.2052854990035753,0.9,2,0,2
0.4281393,0.3322233474014564,3.246105317974972,0.9,0,2,-2
0.48551714,0.3439530764674263,3.328169685589631,0.8,0,0,0
0.3810041,0.3512720244614402,2.8798554875455857,0.9,1,0,1
0.49660924,0.4161764527984803,2.823490576469806,0.9,0,1,-1
0.4901814,0.4244803856905732,2.9333760404085045,0.9,1,2,-1
0.39763945,0.48882831100241086,2.823490576469806,0.9,0,0,0
0.43718314,0.4653525683399545,3.120183935661208,0.7,0,1,-1
0.4814219,0.4466183763998246,2.9674384307249486,0.8,0,2,-2
0.5285408,0.3968352674293624,3.3642842151451164,0.9,2,0,2
0.54553926,0.32373497793621947,3.0123511323638086,0.9,0,2,-2
0.22812702,0.52504674223285,-0.0,0.0,0,0,0
0.49230266,0.45200765040669194,3.0443941193584525,0.8,0,0,0
0.5402646,0.4114665309347033,2.9566238110793632,0.9,1,0,1
0.49331498,0.3036772933904515,3.074409595714051,0.9,0,0,0
0.44329548,0.4335635710936746,3.1541297414562584,0.9,1,1,0
0.42980367,0.4051537881743232,3.459491160199154,0.6,0,0,0
0.43083888,0.38048394037426325,3.119101681754248,0.8,0,3,-3
0.5412717,0.3886929992810774,2.970033703884394,0.9,0,0,0
0.33201036,0.37183393575693996,3.1426643555488485,0.8,2,0,2
0.46735469,0.4302672641038907,3.555061862733482,0.5,2,0,2
0.5427814,0.24681359846063267,3.006051959488611,0.9,1,0,1
0.29785264,0.3933666321728304,3.186728394849167,0.7,1,3,-2
0.4265839,0.47032716763391647,3.5026831892554924,0.9,0,1,-1
0.37753636,0.3171487385523259,3.4956573285181993,0.9,0,2,-2
0.48128983,0.3716824900502946,3.0668757280617505,0.9,0,2,-2
0.47464645,0.4156394734878142,3.1911696599160075,0.9,1,0,1
0.41009772,0.41533126174760143,2.986159088827293,0.9,0,0,0
0.37314773,0.4004505954063768,3.0443941193584534,0.8,0,2,-2
0.43539086,0.3765886335146558,2.8766291673878235,0.8,1,0,1
0.53928834,0.34832639410517985,3.1369174431620035,0.9,0,0,0
0.38971862,0.49959177125930043,3.342318519591885,0.5,2,0,2
0.49838677,0.34750667662434553,3.0975106926909186,0.8,0,1,-1
0.5410395,0.3214142944088527,3.005758675304829,0.8,0,0,0
0.47522694,0.4360772697581583,3.01867904060296,0.9,0,0,0
0.47536254,0.40632397678116106,3.1185077804617443,0.8,1,0,1
0.44026053,0.5011265825004777,3.403701696057348,0.5,0,1,-1
0.35956097,0.4594249700743957,3.6644977792004614,0.4,0,1,-1
0.49272934,0.3333389002955529,3.1163777241571666,0.9,0,1,-1
0.45478305,0.3017756690738973,2.97765944295582,0.9,0,0,0
0.42957348,0.40302860359571563,3.133975800509341,0.9,1,0,1
0.5416636,0.4716480354668362,2.9276073019174915,0.9,1,1,0
0.47794592,0.32446542016229796,3.1682958340544896,0.8,0,1,-1
0.43414575,0.4102088540390567,3.1241170321625655,0.9,1,0,1
0.48654246,0.40035053097664236,3.328303191089748,0.8,0,0,0
0.53329974,0.41519513280385884,3.2708005401768867,0.8,0,1,-1
0.47026145,0.3852671782361393,3.2998008763572906,0.8,0,0,0
0.40681675,0.4244472153758596,3.293660689688186,0.8,1,1,0
0.47184545,0.3946255303911534,2.776778210932318,0.9,0,0,0
0.40212286,0.2607119251574462,2.823490576469806,0.9,0,0,0
0.46845856,0.4435880584875984,2.916499308617005,0.8,0,1,-1
0.3769515,0.49179872150015846,2.885120453911753,0.8,0,0,0
0.38501918,0.3504042481435502,2.927607301917491,0.9,0,1,-1
0.35700196,0.4844585531600321,3.3729663772279657,0.7,1,0,1
0.44700265,0.3478808321804164,3.2921281906631488,0.9,1,0,1
0.39674386,0.4252051422758465,3.2821541667976777,0.8,1,0,1
0.4136274,0.47802806311625856,3.574087797403416,0.6,3,0,3
0.41365376,0.34648599880310277,3.4177475871708656,0.7,0,0,0
0.4593866,0.45537616699691696,3.194488241254928,0.9,1,0,1
0.4579548,0.4387623459895693,3.2321588913645702,0.8,0,0,0
0.36493978,0.4857646066299598,3.01867904060296,0.9,1,0,1
0.49906912,0.42402687648084464,3.263860599046817,0.8,2,0,2
0.49008638,0.3719335679295118,3.112771984641639,0.9,2,1,1
0.53321743,0.411654174408115,2.9081733366826743,0.9,0,0,0
0.42832536,0.3965779181604856,2.9309976104852558,0.9,0,0,0
0.4307068,0.40910236116956467,2.908173336682674,0.9,2,2,0
0.49463555,0.3404171267298457,2.9793394888389986,0.9,0,2,-2
0.42595714,0.47372012387369866,2.8001926034202227,0.9,1,0,1
0.4940562,0.3433597422496153,2.916499308617005,0.8,1,1,0
0.4001214,0.43723385087650873,2.8798554875455857,0.9,0,1,-1
0.518182,0.42873016194008656,3.0564252782683865,0.9,0,1,-1
0.46368176,0.4255817718528231,3.028991962451992,0.8,1,0,1
0.42412427,0.3930618926563787,2.851589553374487,0.9,0,0,0
0.49648786,0.3974661452317035,3.1944806448504592,0.5,0,0,0
0.49879658,0.47637127989908035,3.0350849518197793,0.8,0,1,-1
0.43944153,0.3231266711538797,3.0454501601528428,0.9,0,2,-2
0.36546928,0.36989119722031155,3.205748619272193,0.6,3,0,3
0.33859485,0.3704255877737412,3.1958884184482677,0.7,0,0,0
0.52814966,0.43928263428813047,3.066532536373009,0.9,0,1,-1
0.32520977,0.34388842372679873,3.287172336425959,0.9,1,2,-1
0.48029003,0.38154877923095754,3.16588826627712,0.9,1,1,0
0.40440384,0.47635296923523596,3.4422026140575763,0.6,1,0,1
0.3926084,0.4424353099295962,3.122326012508174,0.9,0,2,-2
0.48692322,0.44529011234589894,2.8001926034202227,0.9,0,1,-1
0.4463835,0.401133946088319,3.345719283930527,0.5,2,0,2
0.46296424,0.22620227209533414,3.408549096875309,0.5,0,0,0
0.51993483,0.37879091732802483,3.10441119255554,0.9,0,2,-2
0.53874296,0.455044883608257,3.0931254962522603,0.9,0,0,0
0.43842423,0.4523411779155946,2.985643642664531,0.9,1,0,1
0.4850811,0.39095544669873267,3.116829256496732,0.8,0,2,-2
0.44843432,0.45130321593095185,3.12172123104524,0.8,1,1,0
0.4810975,0.3621774199605407,2.3590795706241745,0.8,1,1,0
0.49951708,0.3128085300082179,2.2712968237546782,0.9,0,1,-1
0.4858798,0.4053201288483019,3.565220061384714,0.7,1,1,0
0.44069687,0.280830878526572,2.28331032843395,0.7,0,0,0
0.36948547,0.4534928890117319,3.598349098128234,0.9,0,0,0
0.38716614,0.3164270867594175,2.794306132920968,0.9,2,0,2
0.48633426,0.38216263737806816,3.546287891082477,0.9,0,2,-2
0.48810562,0.42321353664157246,2.867619351090583,0.9,0,0,0
0.4105553,0.4042045334173667,2.9276073019174915,0.9,0,0,0
0.5122,0.39286872657170163,2.9654387473416093,0.8,1,0,1
0.5308176,0.32757880226173075,2.9736746195753727,0.8,1,0,1
0.42797473,0.3466174483744503,4.021928094887363,0.1,2,0,2
0.5011182,0.39029149053392254,3.4227750662613374,1.0,1,1,0
0.43915805,0.3944797252612192,2.9747848238016035,0.9,1,0,1
0.47194877,0.39654113503287836,3.542482693809727,0.9,1,1,0
0.48153296,0.44317971077255364,3.313274833774978,0.8,1,1,0
0.52789325,0.36963473196251756,3.1951597655573916,0.8,0,0,0
0.5170075,0.4072983600704564,2.9995063428987474,0.8,1,0,1
0.4305049,0.3550090292782824,2.776778210932318,0.9,0,0,0
0.51615924,0.5021123663626688,3.145813294758474,0.9,2,0,2
0.3645334,0.3189949799943142,2.776778210932318,0.9,0,0,0
0.4909221,0.4635395347366068,3.214133891204432,0.9,0,0,0
0.50718385,0.4176219178216567,3.4518411137950777,0.8,0,2,-2
0.4292572,0.4578907284759821,3.6977968115985953,0.7,3,0,3
0.5192674,0.39026496441477804,3.614155671336406,0.9,2,0,2
0.4931615,0.39363216304533877,3.478094888169261,1.0,1,1,0
0.5100711,0.3598840871230029,3.534567094075591,0.9,0,0,0
0.5006898,0.3572297670426918,3.171958967988681,0.9,0,0,0
0.5421598,0.28422307044034834,2.921981709849717,0.9,1,0,1
0.51070356,0.35174198735854484,2.8515895533744873,0.9,0,1,-1
0.38029537,0.3595251030082957,3.044801661238701,0.8,1,0,1
0.5174996,0.35648887813030844,3.0012676603712727,0.9,1,1,0
0.47823632,0.46128243611769804,3.16264411804726,0.9,0,0,0
0.35302734,0.31118229402888875,2.7373008763572906,0.8,1,0,1
0.40150517,0.3692169748480058,2.603157986872599,0.9,0,2,-2
0.48901296,0.40874635844503426,3.111634520749335,0.8,2,0,2
0.47331116,0.4067366973063282,2.8230679822736606,0.8,1,0,1
0.41054562,0.40787880860904435,1.9322381921018905,0.9,2,1,1
0.55039525,0.4159844284822287,2.3043218651896593,0.8,0,0,0
0.3918219,0.3493195283323736,1.5574319619297041,0.8,1,0,1
0.33765292,0.43919820773772045,-0.0,0.9,0,0,0
0.41246518,0.3997079043860951,2.2961796919474975,0.8,1,1,0
0.37409008,0.4181107587265316,2.0049355947431313,0.9,2,0,2
0.40805262,0.40073623845775985,2.4464393446710155,0.3,0,0,0
0.42753315,0.3399054393738311,2.4234651896016475,0.8,1,0,1
0.20740187,0.46042984354154987,1.8423709931771086,0.3,0,1,-1
0.5213811,0.4740643837131125,3.6789347039237965,0.5,1,2,-1
0.42595378,0.37750266574815,3.071928094887362,0.8,1,0,1
0.2247161,0.4521011496079132,3.7622673906514943,0.3,0,1,-1
0.41900828,0.3651838202260516,2.9654249843125933,0.9,0,0,0
0.38896024,0.3824235939320617,3.0881020701914808,0.9,1,1,0
0.56140876,0.3347361672505912,3.036108018978108,0.8,0,0,0
0.53752387,0.43922055260548953,2.207518749639422,0.9,1,1,0
0.5639206,0.30962935251897783,2.5166775832212607,0.9,1,0,1
0.40728337,0.2107269076754084,1.2639334294856335,0.8,1,0,1
0.39603478,0.3904443679462524,2.584962500721156,0.9,0,0,0
0.4796602,0.39549031913118454,2.3068905956085186,0.8,0,0,0
0.5503459,0.4321258677825129,3.2243944454059856,0.9,2,0,2
0.4688523,0.3960380082692718,2.3908636968570445,0.9,0,1,-1
0.49864304,0.4807291175100668,3.3940502466255755,0.8,2,1,1
0.50617236,0.29929274744143,3.274264591493146,0.9,1,0,1
0.3312136,0.37513090295712603,2.4980098366246715,0.9,1,0,1
0.47796926,0.2893059889718998,2.9738513896100454,0.9,1,0,1
0.37998727,0.4364707517750507,2.927607301917491,0.9,1,1,0
0.35461646,0.27046013104966493,3.2135132560090716,0.8,1,1,0
0.36774406,0.43637480004302537,2.9738513896100454,0.9,0,0,0
0.50240296,0.2580752981704859,3.2516188243689137,0.8,1,0,1
0.40290174,0.41262369112040603,3.2266976899842077,0.7,2,1,1
0.3952762,0.31399066761973105,2.9982975702780195,0.9,0,1,-1
0.49890298,0.18789518799952745,2.9530822987655223,0.9,0,0,0
0.32775047,0.3159670596337572,3.264091440102983,0.7,2,0,2
0.4631857,0.4138307625607617,3.270461844238322,0.9,2,1,1
0.38754964,0.3788791965658974,2.6800065310334285,0.8,0,0,0
0.43315682,0.3311755071019876,2.618633046516737,0.9,1,0,1
0.4311117,0.4644152609855327,2.3151277160800037,0.9,0,1,-1
0.45383456,0.44957898537677066,2.843234531726864,0.9,1,1,0
0.45639783,0.38503139626868715,2.6480898459737485,0.8,1,0,1
0.5022017,0.41334601478500954,3.0027073364925276,0.9,0,1,-1
0.428144,0.4334073882959789,3.1862781244591325,0.9,0,1,-1
0.5498768,0.3811323025788105,2.9689250793612643,0.9,0,1,-1
0.50033647,0.32995448672269606,2.9532289446393953,0.9,0,0,0
0.5118944,0.3526140458965847,2.956623811079363,0.9,0,0,0
0.39575657,0.33307385241836707,-0.0,0.7,0,1,-1
0.49710828,0.36702392494378755,0.9886994082884976,0.9,0,1,-1
0.39574578,0.36140776508717065,-0.0,0.8,1,0,1
0.50713396,0.18818443669204837,0.9967916319816367,0.8,1,0,1
0.46801284,0.3015980303632918,-0.0,0.9,1,0,1
0.39093658,0.4536443928054834,3.132574458143994,0.9,0,2,-2
0.36652523,0.48826861637204216,3.4773821716009112,0.5,1,1,0
0.42549488,0.3271030052103179,2.919842454881336,0.9,0,2,-2
0.33271712,0.42007897918071735,2.776778210932318,0.9,0,0,0
0.46914738,0.4824645367129404,3.312907291846955,0.9,1,0,1
0.5071151,0.34641152746526394,3.1599319082833484,0.9,1,0,1
0.54102165,0.34963359626449375,2.386842188131012,0.8,1,0,1
0.38929406,0.4284412766618637,2.712116826819509,0.9,1,1,0
0.59812015,0.37170554129692024,2.4264025411052232,0.9,0,2,-2
0.46454352,0.3691689705890915,2.1609640474436813,0.5,2,0,2
0.4741497,0.24439343292127294,3.247927513443585,0.8,2,0,2
0.45644826,0.34985957477378304,2.876629167387823,0.8,1,0,1
0.49870968,0.42104656179131206,3.10441119255554,0.9,1,2,-1
0.51699245,0.45096525706359314,3.0977968115985957,0.8,0,0,0
0.44850937,0.468971048403954,3.1026831892554925,0.9,2,0,2
0.42697102,0.493159578781653,2.986350030255313,0.8,0,0,0
0.5465378,0.3855099917527465,3.1651614754770674,0.9,1,1,0
0.4857991,0.3431313460848145,2.8678930955604414,0.9,1,0,1
0.47356465,0.3520802386670729,2.9982975702780195,0.9,0,0,0
0.5451437,0.2662370747209748,3.3309950738774643,0.7,1,0,1
0.50950986,0.35966997753267643,2.8798554875455857,0.9,0,0,0
0.46719846,0.3608570419376961,2.8798554875455857,0.9,1,0,1
0.4651113,0.2829285493352205,2.776051810693209,0.9,0,0,0
0.5264701,0.37600478820711913,2.9793394888389986,0.9,1,0,1
0.47240436,0.3860499425992087,2.9081733366826743,0.9,0,2,-2
0.51293015,0.5073328183217144,3.4929990957531984,0.8,1,1,0
0.4888821,0.35024717259613497,3.4757233507887557,0.9,2,1,1
0.5155117,0.29070978337343123,2.8564580163268327,0.9,1,0,1
0.435861,0.22386010786068145,2.195461844238322,0.9,1,0,1
0.38427776,0.22546304707876336,2.0931147203787517,0.9,0,1,-1
0.53817195,0.4333317880371475,3.542822578720659,0.9,1,1,0
0.4365127,0.41083413344455144,3.4643340317924087,0.9,0,0,0
0.31422746,0.40207910618959347,2.4579981528670425,0.8,0,2,-2
0.5775282,0.275425513036906,2.486793021302403,0.7,1,0,1
0.48959202,0.4604633166843461,3.8831727088441372,0.6,1,1,0
0.4591205,0.4483400147321833,3.01867904060296,0.9,0,0,0
0.37484628,0.3460063991788044,2.913452314834227,0.9,1,1,0
0.46595123,0.3695173826193059,2.944452798531527,0.8,1,0,1
0.3802524,0.3537232893732854,2.8851204539117536,0.8,0,1,-1
0.40053967,0.38050225340733607,3.0575063969967093,0.8,1,0,1
0.38983974,0.3479598374048443,2.8311845963584887,0.8,1,0,1
0.45548755,0.38603551017621696,3.021240625180289,0.9,0,2,-2
0.39918077,0.34081215693308226,2.9725513464956443,0.9,0,1,-1
0.45864642,0.30452270712179696,3.1812763696025814,0.6,1,0,1
0.4041781,0.4340351268749256,3.3841629406108393,0.7,0,2,-2
0.38539237,0.34317938590425934,3.1941805008986184,0.7,1,1,0
0.50382096,0.39855742286642826,3.297286578452893,0.8,3,0,3
0.3636699,0.43127859423317666,3.01867904060296,0.9,2,0,2
0.43097723,0.25179309485832446,3.1542221846835226,0.8,0,0,0
0.3485366,0.4604940307998131,3.0732850846298447,0.9,0,0,0
0.43347812,0.3929771286240515,2.885174447128411,0.8,1,0,1
0.39013278,0.3467631043759024,2.879147464882276,0.9,0,0,0
0.50153816,0.38327648642357187,2.8876718403890336,0.9,1,0,1
0.46091813,0.5190890846285365,3.0680843243447153,0.8,0,2,-2
0.4591443,0.46559492444404665,3.0697168480927206,0.8,1,0,1
0.49188507,0.34461451341329524,2.951520744125928,0.95,1,1,0
0.43701795,0.4502331662952544,3.4170124404827007,0.6,1,2,-1
0.3951345,0.34455299397275024,3.038197365331599,0.9,0,1,-1
0.5434275,0.3655100987457797,3.2170784422227063,0.8,1,1,0
0.53999394,0.3376785575583764,3.1577242704168778,0.95,1,1,0
0.5676162,0.3415005078777733,2.871602261409798,0.9,0,1,-1
0.4937221,0.3804626904114169,2.7356059943815483,0.9,3,0,3
0.47500855,0.38501823522347256,2.2758361633051267,0.9,1,3,-2
0.40371394,0.4176748793391415,2.6023037954930768,0.5,0,1,-1
0.49252963,0.35836746060008307,2.55829757027802,0.9,0,0,0
0.40839165,0.4634093181710988,2.1117374334224666,0.8,0,1,-1
0.46022892,0.36640654527822425,2.427451764440781,0.8,1,1,0
0.4335534,0.3033116952134368,2.176994582649833,0.9,0,0,0
0.45279178,0.3112196796802024,1.949082295352821,0.8,2,1,1
0.48554888,0.44482748627217694,1.89682043644058,0.7,3,0,3
0.44896325,0.34520134508899025,3.1897647968711222,0.7,1,0,1
0.4381883,0.4461003803632021,3.0212406251802895,0.9,2,0,2
0.39151454,0.34583367950816873,2.823490576469806,0.9,0,0,0
0.47605026,0.4200438696189014,3.175379830870068,0.9,1,2,-1
0.36191148,0.3708711433156558,3.1508515593560134,0.8,0,0,0
0.44157183,0.40216623311328403,3.066615216738451,0.8,0,2,-2
0.51661617,0.4139785540733335,3.848805252013559,0.3,2,2,0
0.46385837,0.4605211110238749,3.348206782360889,0.9,0,0,0
0.48423478,0.5043945744604232,3.5013978254341027,0.6,1,0,1
0.32974955,0.3791764290395834,3.0816395759291515,0.8,0,0,0
0.48941255,0.40455190299070215,3.51767238961449,0.8,0,1,-1
0.27644438,0.36591435474264083,3.242173456494686,0.9,1,0,1
0.37706155,0.44334876470593026,3.40194695925137,0.6,2,1,1
0.52087164,0.2113831483340699,3.3422712172485785,0.9,0,0,0
0.484179,0.36177990576077906,3.1981430954195105,0.9,1,0,1
0.4064798,0.4552289446840281,3.3689859724291176,0.8,1,0,1
0.40876672,0.4501307890195371,3.0396393540109368,0.9,0,0,0
0.43626118,0.3501476170816302,3.1498189887885686,0.9,0,0,0
0.48930845,0.4715720527180091,3.984404289585819,0.2,1,1,0
0.4852281,0.380026761462343,3.2234651896016473,0.8,0,0,0
0.46021476,0.4428517540240045,1.4806821149663847,0.8,2,0,2
0.35908166,0.47960581404046077,2.1477110700184037,0.9,0,0,0
0.5399614,0.3779059627287433,2.2730898459737485,0.8,1,2,-1
0.5465969,0.2359787479835123,0.9967916319816367,0.8,2,0,2
0.44465706,0.30331566544999594,1.5221898721658211,0.8,2,0,2
0.392577,0.41419129552508177,2.823490576469806,0.9,0,1,-1
0.46243677,0.4645509629181453,3.0212406251802895,0.9,0,0,0
0.51637095,0.4290716736843989,2.8876718403890336,0.9,1,1,0
0.3397525,0.46862645104415324,2.8798554875455857,0.9,0,1,-1
0.32531062,0.39554946782844536,3.1761673177098713,0.8,2,0,2
0.47560492,0.41736563640645086,3.051135453623291,0.9,1,0,1
0.42553535,0.4182961113722937,2.823490576469806,0.9,0,1,-1
0.4487635,0.4731869873639905,3.078425538506326,0.9,1,0,1
0.44396466,0.43351943666404047,3.0816395759291515,0.8,2,0,2
0.48901713,0.3743332289679484,3.455058359002454,0.8,0,1,-1
0.40656862,0.35281449221063127,2.8851204539117536,0.8,1,1,0
0.41648608,0.35146405054133334,2.872253928364927,0.9,0,2,-2
0.46029258,0.3816528443503671,2.9333760404085045,0.9,0,1,-1
0.43980426,0.42072351414580916,2.8851204539117536,0.8,0,1,-1
0.4224157,0.4498273776968283,2.8311845963584887,0.8,1,2,-1
0.41446114,0.5071604794326543,2.8876718403890336,0.9,0,1,-1
0.46957728,0.42046009911910426,3.066532536373009,0.9,1,2,-1
0.5171119,0.4122473185944,3.1078257489462002,0.8,2,0,2
0.377014,0.3866844111590432,2.8798554875455857,0.9,0,0,0
0.43192306,0.4094946692355981,3.0350849518197793,0.8,0,0,0
0.42281488,0.36707440905631683,2.776778210932318,0.9,0,0,0
0.42264146,0.3675928243049441,2.9276073019174915,0.9,1,0,1
0.42627332,0.3722623537748488,3.0443941193584534,0.8,0,0,0
0.40914094,0.37182044467388903,2.9738513896100454,0.9,0,1,-1
0.5157471,0.3715906875623456,2.910850294564907,0.9,0,0,0
0.43144026,0.43827871846201166,3.1299920995885406,0.7,3,0,3
0.4906258,0.3418299692456075,3.0204258899649186,0.9,0,2,-2
0.3852237,0.4571093322687359,2.863826390090816,0.9,0,0,0
0.46158051,0.41527936053379266,2.97765944295582,0.9,1,0,1
0.32217014,0.45990126710540286,3.1632046194268693,0.7,0,1,-1
0.5384845,0.36288459339665813,3.036108018978108,0.8,1,0,1
0.39584178,0.36419975032138874,3.144125936700019,0.8,1,2,-1
0.51788336,0.3674642115346473,3.060012149061901,0.9,1,0,1
0.28117836,0.4817085712988032,3.293589322324447,0.8,0,1,-1
0.377197,0.44555682060897445,3.252493395914098,0.6,0,0,0
0.47846493,0.31056802020322777,2.963134910393311,0.9,1,1,0
0.42166507,0.3059200078481819,2.8798554875455857,0.9,0,0,0
0.47732133,0.33279676528475227,3.357552004618084,0.8,0,0,0
0.49600044,0.4250382791047744,3.1070829018568715,0.8,2,1,1
0.5212586,0.377068699878206,3.3281462159250306,0.7,0,0,0
0.31336823,0.4086991229950954,2.8798554875455857,0.9,0,0,0
0.44950703,0.4418562472151031,2.910850294564907,0.9,0,1,-1
0.46671012,0.3661340069829628,3.1292830169449664,0.8,1,3,-2
0.47193232,0.42314918535945945,3.01867904060296,0.9,0,1,-1
0.39267313,0.4969967575248982,2.973851389610045,0.9,0,0,0
0.47438243,0.3232436824663695,3.094703356816393,0.9,1,0,1
0.51516104,0.36492711001661227,3.1511894468399486,0.7,1,0,1
0.4704076,0.3445580134441134,3.2691520510866527,0.8,1,1,0
0.50653,0.33056430894237837,3.1454618442383224,0.9,1,1,0
0.44491613,0.4362246272731767,3.1147869792568117,0.9,1,1,0
0.3431331,0.4514112523990121,2.9631349103933107,0.9,1,1,0
0.49467045,0.30570964904116465,2.9793394888389986,0.9,2,0,2
0.45198697,0.32803688267762565,3.02544195406668,0.9,0,1,-1
0.3188258,0.3474356221186055,2.973851389610045,0.9,0,1,-1
0.40082288,0.4305495919438854,2.970033703884394,0.9,1,0,1
0.26628184,0.4657181651290809,3.028991962451992,0.8,1,0,1
0.4628899,0.33641715311909914,3.206874366527373,0.8,0,1,-1
0.47453794,0.43704077506072225,3.158985359393507,0.9,1,0,1
0.4463426,0.35172114206370125,2.963134910393311,0.9,1,1,0
0.20816708,0.41704284444594975,-0.0,0.0,0,1,-1
0.39065158,0.4467382437615782,2.986350030255313,0.8,0,0,0
0.39748687,0.48994083662139165,3.0212406251802895,0.9,2,0,2
0.44896385,0.3635903467866332,3.2534343861887853,0.8,0,1,-1
0.49650314,0.2635710847722297,3.1748008439762248,0.8,3,0,3
0.50275064,0.4513689061811886,3.4569978167749946,0.6,0,1,-1
0.51087606,0.4157987653852607,2.728948870365158,0.9,2,0,2
0.5469654,0.3700136102106589,2.9532908525815538,0.9,1,0,1
0.3493579,0.39854193306932906,3.123980662663408,0.7,0,2,-2
0.52332646,0.31262242244781707,3.243873443559006,0.9,2,1,1
0.46230534,0.4731779442419261,3.108515414334331,0.9,0,1,-1
0.4108332,0.3720467136984413,2.95311500557286,0.9,0,0,0
0.49298447,0.4456402833098895,3.158771962352736,0.9,1,1,0
0.37854064,0.2971729039692861,2.9081733366826743,0.9,0,1,-1
0.48485288,0.46513120825948173,2.8851204539117536,0.8,1,0,1
0.46556744,0.4079387245269316,3.153607965926459,0.8,1,0,1
0.5106444,0.3372039787598935,3.0057586753048295,0.8,2,0,2
0.39243466,0.4261372224815847,2.916499308617005,0.8,0,2,-2
0.381762,0.3707542876225579,2.9982975702780195,0.9,0,0,0
0.52705014,0.49126058112555837,2.9738513896100454,0.9,0,0,0
0.3692855,0.4386233470051684,2.927607301917491,0.9,1,0,1
0.5235549,0.5117247526138028,3.320246390539789,0.95,2,2,0
0.40074348,0.3269918388936134,3.01867904060296,0.9,0,0,0
0.39723262,0.34028164573858666,3.3377968115985954,0.7,0,0,0
0.45509717,0.4530380384799779,3.3835441704583236,0.6,4,1,3
0.3844813,0.4473349355420622,3.1681103178788184,0.9,1,1,0
0.55241436,0.41521829597806637,2.208102070191481,0.9,2,0,2
0.47816327,0.43329129393220894,2.2873887470624528,0.8,2,1,1
0.47305694,0.4236599776930731,0.9182958340544896,0.6,2,0,2
0.40239403,0.45483471221386473,-0.0,0.9,1,0,1
0.43231216,0.47153862012301817,2.551778485298134,0.6,2,0,2
0.45395458,0.3103648391687006,3.098934050081714,0.8,0,1,-1
0.5142012,0.4477555263045711,3.12187240011629,0.9,0,1,-1
0.40908074,0.3335731892455305,3.0212406251802895,0.9,1,0,1
0.3575978,0.4424322514232105,3.1489444208309094,0.6,0,1,-1
0.45664135,0.34252104720828364,2.9414873698385327,0.9,0,0,0
0.3821315,0.30168138050340226,3.158771962352736,0.9,2,1,1
0.43327567,0.3470670977794577,3.066532536373009,0.9,0,0,0
0.37038684,0.49543871863323047,3.158771962352736,0.9,0,0,0
0.4153715,0.3185427837114679,3.1069210282780264,0.9,1,1,0
0.4797391,0.4308727268066085,2.9284391908277185,0.8,0,0,0
0.45884913,0.4259114472516013,2.306165963672501,0.8,1,1,0
0.37436703,0.40089667753764674,0.9402859586706311,0.9,0,0,0
0.44912356,0.4363794916078107,1.9493835776503416,0.9,2,0,2
0.40042618,0.4567595101596858,0.9612366047228759,0.8,0,0,0
0.45215255,0.2896275559023549,1.5243166733459836,0.9,0,0,0
0.537688,0.3716955601335416,3.0251129441647446,0.9,0,1,-1
0.5446636,0.4312725598143011,2.970033703884394,0.9,0,0,0
0.37504956,0.39344011935253437,2.9674384307249486,0.8,1,0,1
0.356388,0.3047650581001223,2.95311500557286,0.9,0,1,-1
0.47691151,0.16961273271134847,2.9967879635555583,0.9,0,0,0
0.38613933,0.4231701816194328,2.885120453911753,0.8,1,0,1
0.39664626,0.36179900910322105,3.0239217461818537,0.8,1,0,1
0.5669868,0.34210671007082044,2.8272085933443494,0.9,0,0,0
0.43100366,0.2985368886405884,2.8876718403890336,0.9,1,0,1
0.5029829,0.5111697769875455,3.1944806448504592,0.5,2,0,2
0.48308682,0.3759233525148905,3.0027073364925276,0.9,2,0,2
0.4158904,0.5115350312982708,3.33198056664107,0.7,1,1,0
0.38357064,0.4397647404509018,3.01867904060296,0.9,0,1,-1
0.48089895,0.3935848274683262,3.087462841250339,0.8,0,0,0
0.42147973,0.3460348580390123,3.0250332886094076,0.9,1,0,1
0.4661695,0.3826261126591103,3.5385938341352348,0.9,3,0,3
0.48804224,0.35398083466208563,3.514334031792409,0.9,1,1,0
0.47784126,0.3611989722617276,3.653383231894439,0.9,0,1,-1
0.46244666,0.4316595801227402,3.499581770147835,0.9,0,0,0
0.399922,0.3763777153527953,3.4784939036661573,0.8,1,0,1
0.49557942,0.43072645562848505,2.2219302374077636,0.9,0,2,-2
0.51815253,0.40262259957864055,2.14528132270004,0.9,0,0,0
0.4649326,0.3128202468248934,1.495538029919111,0.9,0,0,0
0.3197734,0.4654718064900546,0.9182958340544896,0.2,1,0,1
0.37001026,0.43255068890108167,0.8112781244591328,0.9,1,0,1
0.43225014,0.4750702441189491,2.776778210932318,0.9,0,0,0
0.3897442,0.34896056033944456,2.9725513464956443,0.9,0,1,-1
0.45548615,0.2957304161476908,2.99829757027802,0.9,0,1,-1
0.50192744,0.3858545430114271,3.1570914161644237,0.7,1,0,1
0.38202536,0.46480801857029025,3.230804075965595,0.6,0,1,-1
0.44389656,0.40278387312008523,2.1336606896881856,0.8,2,0,2
0.3916799,0.40869338903025704,0.8112781244591328,0.9,1,0,1
0.4224531,0.19782367275387683,2.221930237407763,0.9,1,0,1
0.39289516,0.43097412531794566,1.9258641224711837,0.9,0,1,-1
0.47618794,0.38933178433045545,1.850564432903234,0.9,0,2,-2
0.49579468,0.23799209074548103,3.2621897583544115,0.7,1,0,1
0.40788662,0.4020731064324561,3.0564252782683865,0.9,1,0,1
0.4275379,0.43315683457304727,3.1560712042637746,0.9,1,1,0
0.518362,0.4028962762529156,3.447829166358714,0.9,1,0,1
0.507446,0.31961776203933695,3.5751192554198186,0.8,1,0,1
0.35310966,0.4532427404067946,2.17403586834798,0.9,0,0,0
0.4512563,0.40435915663004357,0.9182958340544896,0.8,1,1,0
0.38214782,0.4295977693608779,1.816340113853408,0.8,1,0,1
0.3476718,0.3012323178483371,1.799015670655122,0.9,1,1,0
0.39243764,0.3868226477040779,1.3346791410515946,0.8,0,2,-2
0.40375832,0.48592812011288017,2.998966624432267,0.9,0,1,-1
0.43197343,0.46889063727951485,3.471354487013929,0.4,0,4,-4
0.38687384,0.452191608264659,2.878826242000038,1.0,1,0,1
0.5529384,0.2895975900814029,3.0890288038043776,0.9,1,0,1
0.49760208,0.37280755089840867,3.021240625180289,0.9,1,0,1
0.46581638,0.2905049584626789,3.066532536373009,0.9,0,1,-1
0.4790847,0.4078285811806953,2.823490576469806,0.9,0,1,-1
0.46763164,0.38715515956928204,3.0234651896016467,0.8,1,1,0
0.471977,0.3178148847245388,3.023465189601647,0.8,2,0,2
0.505956,0.4188176373404468,3.09117192688693,0.9,1,1,0
0.39855325,0.4314201263193653,2.728948870365158,0.9,1,0,1
0.37002593,0.31236821386586805,3.028991962451992,0.8,2,0,2
0.45324352,0.4199778539409062,3.0887793473613607,0.8,1,0,1
0.38417912,0.4435161728247253,3.0530201924480456,0.7,1,3,-2
0.48567367,0.448060396279704,3.1751231351134606,0.8,3,1,2
0.4426756,0.4877679034430733,0.9967916319816367,0.8,0,1,-1
0.52398324,0.42247164675522164,0.9975025463691152,0.9,1,0,1
0.52547306,0.3645269846887531,-0.0,0.9,1,0,1
0.44358045,0.38837710861292024,-0.0,0.8,0,0,0
0.36379117,0.43341140420439894,-0.0,0.9,0,2,-2
0.4215479,0.3544105818054157,3.284687228152946,0.7,0,2,-2
0.5423346,0.44772681567532496,3.1331986454232545,0.9,1,1,0
0.4085403,0.4100580868954009,2.944452798531527,0.8,0,1,-1
0.5271391,0.3770547557218927,3.003386107558156,0.9,0,1,-1
0.47437775,0.16714646995991866,3.1133134149256456,0.9,0,0,0
0.53817606,0.4274041354468074,2.9481174211304033,0.9,0,1,-1
0.44645497,0.4350625332692073,3.20945336562895,0.8,0,1,-1
0.2864648,0.4808164619498702,2.9276073019174915,0.9,1,1,0
0.28273135,0.4398128761705898,2.9911148500551854,0.7,2,0,2
0.49245986,0.39551524169604885,3.093174364200242,0.7,1,1,0
0.38239682,0.43347334116776026,2.8798554875455857,0.9,1,0,1
0.48936722,0.3650406542008691,2.8876718403890336,0.9,1,0,1
0.44899353,0.5045125169303496,2.887671840389033,0.9,0,0,0
0.43594688,0.36447526008233666,2.908173336682674,0.9,1,0,1
0.45856395,0.2820199865927023,2.823490576469806,0.9,0,0,0
0.43983006,0.44674616231865455,1.575114591410657,0.8,0,2,-2
0.402085,0.38535916505133866,1.55887184844536,0.8,0,2,-2
0.52947354,0.19284743893009987,1.5451531398349103,0.9,0,0,0
0.41143528,0.36433099707154554,1.5440240964819507,0.9,1,0,1
0.49971828,0.38403193512744854,2.272881446481777,0.9,1,0,1
0.45739546,0.4017687268174233,3.358519762996342,0.4,0,0,0
0.4638279,0.47692195105821006,3.5105488611988225,0.5,1,1,0
0.5297562,0.3202735015364969,3.1468057258371105,0.9,0,2,-2
0.38741103,0.4191806976596892,3.372920503656105,0.6,1,0,1
0.43632463,0.39181676962973694,3.5724694587701356,0.4,0,2,-2
0.3895794,0.44623866156546277,2.9631349103933107,0.9,0,1,-1
0.44582108,0.44043032162208784,3.8743527795406036,0.3,1,1,0
0.34729508,0.35149125464971126,3.13075120300984,0.9,1,0,1
0.36829802,0.28327771275377267,3.10441119255554,0.9,0,0,0
0.50660837,0.14609339063755153,3.0545171212383533,0.9,0,0,0
0.46758682,0.3722039487253681,3.259141984247902,0.7,1,0,1
0.56651735,0.32330240529133514,2.941487369838532,0.9,2,0,2
0.4281139,0.3459609678386883,2.941487369838532,0.9,1,0,1
0.4795684,0.4943444765984127,3.032944020615957,0.9,2,1,1
0.47776327,0.37558045195453094,3.060540527674168,0.8,0,0,0
0.5269902,0.32232567322376027,3.0621735653919635,0.9,2,0,2
0.3492658,0.4633875021133176,3.515319531114783,0.4,1,0,1
0.47964162,0.3829529134623182,2.9738513896100454,0.9,1,0,1
0.37899962,0.4314337288945511,3.1405219626825924,0.7,2,1,1
0.5176535,0.37799029901029035,3.053129141273489,0.9,0,2,-2
0.41511124,0.45755223467389483,3.2695743359515355,0.7,2,0,2
0.39068836,0.40693877226555714,3.2890179898186576,0.5,1,0,1
0.4846345,0.31191344892790007,3.130669697064914,0.9,0,0,0
0.50882876,0.40762459689768427,3.271649277440385,0.9,2,1,1
0.41315106,0.37825299305127313,3.4748917178498937,0.5,1,0,1
0.5389294,0.30943922538183155,2.820046868677855,0.9,0,0,0
0.4728161,0.4773736028424653,3.2395194589398195,0.9,0,0,0
0.44907707,0.4382962147121761,2.867353772834994,0.9,1,0,1
0.34501848,0.2987815698191131,3.8279097821439696,0.2,1,1,0
0.25232115,0.3468330070875931,3.0,0.8,2,1,1
0.39076847,0.4760683545269244,3.2299853096640385,0.8,1,1,0
0.3430105,0.30610276114329593,3.110519005760029,0.8,0,2,-2
0.4266193,0.48078112170335574,3.209867121904036,0.8,1,1,0
0.41557068,0.41022054045821954,3.2900183205873907,0.9,1,1,0
0.48320284,0.40964737023353054,3.229907204122701,0.9,1,1,0
0.50109285,0.4145501157843718,3.3505619639971616,0.8,1,0,1
0.55675864,0.3802401925165461,3.4015807250946204,0.8,2,0,2
0.44928777,0.3122930016486102,3.329096420318027,0.8,0,0,0
0.5143718,0.3236995595403238,3.1220127943984863,0.9,0,0,0
0.4776534,0.1313704648980547,3.3464393446710154,0.6,0,0,0
0.46547437,0.4278844411034913,2.9333760404085045,0.9,1,1,0
0.42119336,0.45297216970177634,3.0212406251802895,0.9,1,0,1
0.46531144,0.4570738055491864,2.8876718403890336,0.9,0,1,-1
0.49925885,0.3814150182986176,3.0677583030124262,0.9,0,0,0
0.2931894,0.4272813232592832,3.141009150817866,0.8,1,1,0
0.5397634,0.21845166247489303,3.028777501355446,0.8,2,0,2
0.4883174,0.24182555761023358,4.021928094887363,0.1,2,0,2
0.5210822,0.3259125031627163,2.9287798125002267,0.9,0,0,0
0.4220449,0.38671841987910893,3.2674806181983573,0.8,1,2,-1
0.54063445,0.38381845454352304,3.282152829261993,0.7,0,1,-1
0.438338,0.30118449064536484,3.0395632566650486,0.9,0,1,-1
0.43114197,0.3649454768805464,3.051005052659827,0.9,0,0,0
0.5276739,0.4583600425419676,3.114159445145515,0.9,1,0,1
0.4352353,0.4199333327230641,3.113470694388588,0.9,0,0,0
0.36643708,0.32882401498710706,3.044394119358454,0.8,2,0,2
0.52638716,0.3829736690104191,3.174818968598168,0.9,1,0,1
0.44991195,0.43359940390572943,3.0874628412503395,0.8,1,1,0
0.41378674,0.4430920759121586,3.530688591810774,0.4,1,1,0
0.4713779,0.412419412940734,3.257003730296175,0.9,2,0,2
0.55505884,0.3722927100087299,3.135185078834526,0.9,0,0,0
0.37744772,0.2704118820200228,3.202904337188607,0.7,1,0,1
0.3789305,0.44448830341756984,3.184183719779189,0.8,1,1,0
0.43286082,0.4475780925854681,3.093347709865425,0.9,0,0,0
0.27071896,0.3573348806739615,3.029551963400665,0.9,1,1,0
0.51150054,0.2941453338824074,3.0295519634006656,0.9,1,0,1
0.46172196,0.3495254778206079,1.7763318528003076,0.9,0,1,-1
0.41711482,0.4332161613711662,1.9690255736436506,0.8,0,1,-1
0.49932,0.40310568619446147,1.574331785544523,0.9,0,0,0
0.4020348,0.49011973892490024,0.9402859586706311,0.9,0,2,-2
0.30732214,0.49320464240311235,0.9612366047228759,0.8,0,0,0
0.35009357,0.3686658090353252,2.9276073019174915,0.9,0,0,0
0.49350086,0.397844679114437,3.039259108777986,0.9,1,1,0
0.45172116,0.36522252974514446,3.0090791697250667,0.9,1,0,1
0.5012863,0.37657655345231644,2.8690954395801547,0.9,1,1,0
0.43935513,0.380355082455356,2.986159088827293,0.9,1,0,1
0.52512336,0.2865286024687246,3.172373546361635,0.9,0,0,0
0.5418082,0.4000917212744572,3.439008203972761,0.9,1,1,0
0.46188965,0.3368447650593835,3.09306920777189,0.9,0,1,-1
0.46143708,0.21417417740807662,3.2833269376860605,0.6,0,0,0
0.28979886,0.3332449644776831,3.128331049767103,0.9,0,1,-1
0.4847907,0.41601456578825174,1.5022202538208598,0.9,0,0,0
0.41760728,0.4062646850817028,1.8394910703001344,0.9,2,1,1
0.3847283,0.471935185987646,1.5243166733459836,0.9,1,1,0
0.3776737,0.4617472175320546,1.5545851693377997,0.5,0,1,-1
0.4466714,0.3130794501009464,0.9402859586706311,0.9,0,0,0
0.4198774,0.43147779872656844,3.0497356496705885,0.9,1,1,0
0.50283194,0.33671025019308737,1.949082295352821,0.8,0,1,-1
0.465712,0.376554877301355,3.0489189051411554,0.7,2,1,1
0.34693497,0.34203962359458934,1.3792804872910602,0.9,0,0,0
0.55912894,0.4694662275300132,2.769992620089421,0.9,0,0,0
0.38778713,0.4859720325358718,3.028991962451992,0.8,2,1,1
0.46820745,0.32292647764327154,2.776778210932318,0.9,0,0,0
0.5179838,0.3393490533006678,2.823490576469806,0.9,1,1,0
0.4466572,0.41175686530606864,2.8955933144511468,0.9,0,0,0
0.4471437,0.3464882649630162,3.0677583030124267,0.9,3,0,3
0.43434086,0.39968003941034974,3.124838756202054,0.8,0,0,0
0.49556693,0.472449964214379,3.2704265780462896,0.8,1,0,1
0.478593,0.42159722332578525,3.167951197198645,0.9,2,1,1
0.47665727,0.3214758212600203,3.2078171342683954,0.7,0,0,0
0.4766467,0.43250625498921513,3.245766986265912,0.9,2,0,2
0.38808724,0.16405683563081225,1.8262452584026092,0.5,1,0,1
0.41677663,0.36925871190717646,2.3433546214047736,0.9,1,0,1
0.43384296,0.38263935484479217,2.5202442071537563,0.9,1,0,1
0.48004058,0.42924116508471344,2.385793200164783,0.9,0,0,0
0.43626216,0.49643163759743475,2.8535700046203027,0.8,2,1,1
0.46479985,0.4183446623504123,3.2162292837980404,0.95,1,2,-1
0.5200378,0.4680369989921469,2.9414873698385313,0.9,0,2,-2
0.3649642,0.3026427551447157,2.9738513896100454,0.9,3,0,3
0.39709976,0.39840114735749727,3.772055208874201,0.3,2,1,1
0.4831257,0.3529458106217898,3.2226496052846496,0.8,0,0,0
0.44859257,0.372587394186504,3.0621735653919635,0.9,2,0,2
0.5009361,0.3920576521719177,3.07173502713817,0.9,0,1,-1
0.51305985,0.432418916076107,3.01867904060296,0.9,0,1,-1
0.4482434,0.44170427083787134,2.822683189255492,0.9,0,1,-1
0.49112165,0.4502633733031981,3.174800876357291,0.8,1,1,0
0.35994017,0.3626975892403529,3.048417948533475,0.8,1,0,1
0.5252739,0.29608456806606887,3.1521668463418413,0.9,1,0,1
0.5028241,0.34202531006620507,2.9532289446393953,0.9,0,0,0
0.4672588,0.4026747125998367,3.09306920777189,0.9,0,1,-1
0.40018693,0.42096638472832437,3.0612818628783893,1.0,0,1,-1
0.49056542,0.32808649636257414,2.96543874734161,0.8,1,0,1
0.44821614,0.420618182287646,3.456377081261809,0.9,3,2,1
0.4049506,0.38849119614252764,3.087464172602364,0.9,1,1,0
0.3609243,0.2418334444799969,3.2575004135020675,0.6,0,0,0
0.31685352,0.40386144472851865,3.270028285938553,0.7,2,0,2
0.5418034,0.38494755701829203,3.257156270479918,0.8,1,0,1
0.5024611,0.3715058005907092,2.928439190827718,0.8,1,1,0
0.45650834,0.3135432611373797,3.125,0.8,1,1,0
0.4138819,0.45111769672268176,3.306020262209256,0.6,3,0,3
0.45941937,0.37610172958030885,3.245692977248752,0.9,0,1,-1
0.42594856,0.289695156733343,3.183426859110066,0.9,1,0,1
0.36089313,0.47051039427729846,3.026280481683624,0.9,0,0,0
0.5075513,0.3525084484107386,3.1979374278139554,0.9,0,1,-1
0.36574844,0.5017620648287942,3.2524933959140974,0.6,0,2,-2
0.49818885,0.31672899368459406,2.9414873698385327,0.9,0,1,-1
0.47500402,0.4050006256369016,3.2831565207100213,0.9,0,0,0
0.459313,0.3926210131688517,3.473878736940757,0.9,0,0,0
0.49712887,0.28655086575862354,3.664824803136319,0.7,3,0,3
0.3758186,0.5487837950923263,3.7467659855385196,0.5,0,1,-1
0.44659942,0.4733729532758712,3.6140411886335957,0.8,2,0,2
0.49164388,0.4315440201996771,3.0080950024529067,0.9,1,1,0
0.4685594,0.4271688639027302,2.9414873698385327,0.9,0,1,-1
0.5063382,0.2611109472515065,3.031551353918302,0.9,1,0,1
0.48671684,0.3378128219654783,3.1532470324098187,0.8,0,0,0
0.4093325,0.42195499435611644,3.114159445145515,0.9,1,1,0
0.49155244,0.3506074037450212,2.728948870365158,0.9,0,0,0
0.47053164,0.33528224894303216,2.8798554875455857,0.9,0,2,-2
0.49408326,0.4417320859195942,2.8876718403890336,0.9,0,1,-1
0.40665802,0.4143293123531544,2.8798554875455857,0.9,0,0,0
0.4521953,0.3787567524760399,3.0239217461818537,0.8,1,2,-1
0.38581285,0.408892735634028,2.9793394888389986,0.9,1,0,1
0.5618303,0.27514923750636755,3.091278140845936,0.9,0,0,0
0.47220308,0.4929291095939199,3.3107494209151334,0.9,1,0,1
0.57875246,0.3620500510488212,3.2018952746668075,0.9,0,0,0
0.48138323,0.4046171714960784,3.01867904060296,0.9,1,0,1
0.41612303,0.44281186533312217,3.247210311338979,0.7,0,1,-1
0.46105316,0.32546670637402,3.4076473657870663,0.6,1,0,1
0.374608,0.3713884761331358,3.3323755402527975,0.8,0,0,0
0.40411946,0.34774791837331037,3.1841837197791887,0.8,0,0,0
0.47514275,0.4074534277909383,3.10441119255554,0.9,0,1,-1
0.41365135,0.4149395999556991,2.9967879635555583,0.9,1,1,0
0.45806634,0.36461026813816616,2.823490576469806,0.9,0,0,0
0.40695924,0.32433433405887485,2.8791474648822764,0.9,1,1,0
0.55453837,0.37344024628435624,2.921981709849717,0.9,0,2,-2
0.47980797,0.37261380417116013,2.99829757027802,0.9,1,0,1
0.31859034,0.18270028840604938,2.908173336682674,0.9,2,0,2
0.43193275,0.36813356645363376,3.0,0.8,1,0,1
0.3253756,0.329333937651259,3.0607476884752547,0.8,1,2,-1
0.5604589,0.4311228828180273,3.144037784178728,0.6,0,1,-1
0.48292607,0.2965247052779009,2.9989666244322666,0.9,2,0,2
0.4322579,0.47042187036482175,3.10441119255554,0.9,0,0,0
0.45257694,0.43154386263887284,3.028372373542688,0.9,1,1,0
0.3737977,0.4023535993583308,3.179339845973749,0.8,0,2,-2
0.20429789,0.4169831073430334,2.9967879635555583,0.9,0,0,0
0.4048416,0.36592352809996315,3.0636173049981066,0.8,1,0,1
0.5560464,0.2479761097824546,3.1719432140908523,0.9,1,1,0
0.38596267,0.199738727450704,3.451818244392327,0.4,1,0,1
0.6246116,0.2680551767576799,3.6408949888144946,0.8,1,1,0
0.3764139,0.3090150551861977,3.1055872616982603,0.9,0,2,-2
0.5493383,0.43785486435410415,3.770923023554504,0.7,1,2,-1
0.48733532,0.3609685433978257,2.9630496653289224,0.9,1,0,1
0.59687334,0.3642232711759731,2.996791631981637,0.8,0,2,-2
0.47652924,0.3611196393124476,2.8798554875455857,0.9,0,1,-1
0.5066507,0.3465769502052414,2.8798554875455857,0.9,0,0,0
0.41999745,0.40156389374957224,3.209282221599798,0.7,1,0,1
0.33178416,0.3116939771260319,3.005758675304829,0.8,0,0,0
0.30523652,0.37323255841117803,3.10441119255554,0.9,1,0,1
0.4742037,0.42876922742633183,3.056425278268386,0.9,1,1,0
0.4540902,0.42797770936555934,3.2608560173645147,0.7,0,1,-1
0.43800527,0.44644443621070146,3.016150648454355,0.8,0,0,0
0.45085037,0.3830609267333702,3.2068570640942187,0.9,1,1,0
0.4162497,0.4705257661487408,3.247927513443585,0.8,0,1,-1
0.59499097,0.3546056975970501,2.9793394888389986,0.9,2,0,2
0.4286389,0.4783468018994637,3.3968287325429554,0.9,3,1,2
0.44859275,0.46243217713353796,3.531244834723281,0.7,2,1,1
0.54290515,0.4447342807122374,3.0464877462766293,0.9,3,0,3
0.33862206,0.3585515618191201,0.9864267287308426,0.7,0,1,-1
0.5640268,0.3403921218357601,2.9300191536916556,0.8,0,0,0
0.5274021,0.46190395617913943,2.9738513896100454,0.9,0,0,0
0.47810563,0.37140934268652803,3.3632869239960552,0.5,1,0,1
0.458625,0.31518310412267037,3.01867904060296,0.9,1,0,1
0.44348222,0.38023936724197815,3.0621735653919635,0.9,0,0,0
0.4405523,0.41840335987768096,2.956623811079363,0.9,0,0,0
0.48894268,0.2945127717255817,2.8690954395801547,0.9,0,1,-1
0.49146178,0.30146245315841186,3.170229571393118,0.7,1,0,1
0.3128439,0.4363188750215368,2.9861590888272933,0.9,1,0,1
0.41862538,0.3968211850857605,3.2749996326448536,0.8,1,1,0
0.37560713,0.46881700172334434,3.754441845713347,0.3,0,0,0
0.43224698,0.3323019652724173,3.2577560641285177,0.8,1,0,1
0.53639907,0.29888146823606654,3.0661089398374806,0.8,0,0,0
0.4896687,0.272643715139827,2.879147464882276,0.9,1,0,1
0.42680785,0.31476753512466743,2.933376040408504,0.9,0,0,0
0.5328776,0.35841005980023916,2.8515895533744877,0.9,1,0,1
0.4411887,0.41640779278591955,2.9863500302553123,0.8,0,0,0
0.4191535,0.4056546254500999,2.8798554875455857,0.9,0,1,-1
0.5544069,0.4439560730552284,2.9279576058808714,0.9,3,1,2
0.4517359,0.46426449411024107,3.3665933001129487,0.5,1,0,1
0.46462616,0.3624010224752483,2.888418890473722,0.9,1,0,1
0.41052055,0.3684356621293657,2.499559613660465,0.9,2,0,2
0.44204047,0.30478601231156405,2.4688702187432865,0.9,0,1,-1
0.48929211,0.3168054490772757,3.01867904060296,0.9,1,1,0
0.41244817,0.3548878157018097,2.9738513896100454,0.9,1,0,1
0.4462146,0.4131107035163377,3.051005052659827,0.9,1,0,1
0.4298346,0.3740488473798867,3.02322500208334,0.8,0,0,0
0.5518752,0.40347664722982696,3.0081483051885383,0.9,1,0,1
0.508404,0.3706583704207135,3.074409595714051,0.9,2,0,2
0.4440184,0.3215668267247602,3.009372702905613,0.8,1,2,-1
0.38395035,0.3366990903668661,2.7751070248348757,0.9,1,0,1
0.4798261,0.37540369608555646,2.99829757027802,0.9,1,1,0
0.49261415,0.32530766424290086,2.867353772834993,0.9,0,0,0
0.3507922,0.37176572879294933,-0.0,0.1,1,1,0
0.48661217,0.4257257554958078,2.410762106246821,0.9,0,1,-1
0.55801755,0.4489569096918912,1.7322216637616483,0.9,0,1,-1
0.5380536,0.2802951223155063,1.8732214356139145,0.8,2,0,2
0.5051916,0.32240499037767495,1.4294732983598408,0.7,0,2,-2
0.33853713,0.4220713963531197,3.2280729963885095,0.8,0,3,-3
0.47178036,0.5081349906029856,4.087462841250339,0.1,0,1,-1
0.5162394,0.3876008871813314,3.208408714297722,0.8,2,0,2
0.468218,0.42623656094367174,3.4545370254383507,0.7,1,2,-1
0.40866506,0.41826803845787786,3.139470570797252,0.8,1,1,0
0.4400741,0.5072882974344961,3.5763523635787307,0.7,1,1,0
0.38671738,0.41016997549767936,3.4209844471786575,0.9,3,1,2
0.5403726,0.4079823055456734,3.550257998878879,0.9,0,2,-2
0.4366527,0.3494800415851299,3.4026330613931544,0.9,2,0,2
0.4734651,0.4233521084734285,3.4349313821388194,0.9,0,0,0
0.43813846,0.4065694623691882,2.9518387305144014,0.7,0,0,0
0.33418265,0.33571552181753134,2.9531150055728603,0.9,1,0,1
0.36404347,0.4545596151404249,2.9982975702780195,0.9,1,0,1
0.42371222,0.3802431496351852,3.1610269264660533,0.9,4,0,4
0.4926634,0.3528005805471376,3.1978907223310395,0.7,1,1,0
0.48304757,0.43458873598804204,3.1071159756412006,0.8,0,1,-1
0.36801708,0.3721762376308326,3.209282221599798,0.7,1,0,1
0.4601473,0.36630212743349105,2.937438010314799,0.8,0,1,-1
0.4410665,0.3346035676833401,2.9638561897747246,0.8,0,1,-1
0.41249016,0.3679193666446634,3.186392934223819,0.8,1,1,0
0.5444619,0.37473489657312353,3.1648928117980155,0.9,2,0,2
0.46543792,0.39955331805994504,3.03585777591828,0.9,1,0,1
0.41385254,0.4367112018874331,3.368633046516737,0.9,1,1,0
0.46998253,0.4654233379862647,3.373264386620615,0.7,2,0,2
0.33577672,0.3990565818549277,3.044394119358454,0.8,2,0,2
0.45585078,0.4703882075685996,2.660607931404737,0.9,0,1,-1
0.33702534,0.37417786601079317,2.281193931169619,0.8,0,0,0
0.44257066,0.42332584108618,2.9212028482295294,0.8,2,1,1
0.38711604,0.3445266071258281,1.5461796919474975,0.7,0,0,0
0.44969356,0.3555655173002068,2.5110804962442783,0.8,2,2,0
0.54095066,0.39316379065841617,3.2275854392122225,0.9,2,3,-1
0.35427296,0.4069726645591707,2.776778210932318,0.9,0,1,-1
0.29185835,0.4794636523626514,3.3822912796384696,0.5,0,0,0
0.40228847,0.39167745699341483,3.028991962451992,0.8,0,1,-1
0.44625935,0.4540465199197931,3.1914280318460246,0.8,1,0,1
0.41006663,0.4537377867156414,3.203952922310504,0.8,1,1,0
0.34218353,0.34590883805401235,2.9738513896100454,0.9,0,1,-1
0.43267754,0.314699227284117,3.0723089141751645,0.7,0,1,-1
0.40687945,0.4713612347714893,3.537123184438122,0.9,2,2,0
0.33524632,0.53166949669559,3.1632046194268697,0.7,2,0,2
0.50221056,0.44985078103896176,3.4486577971427086,0.8,0,1,-1
0.40897864,0.3780930607715962,2.368102070191481,0.9,3,0,3
0.48676285,0.3157265004027687,2.481714572986073,0.8,0,0,0
0.44673175,0.3895357104613631,1.5058762556041068,0.9,0,0,0
0.45083636,0.36782074692856465,2.5498535134190368,0.9,2,1,1
0.46650788,0.37968015128378985,3.2503353249637836,0.9,0,1,-1
0.5076116,0.43010388992560933,3.0,0.8,0,0,0
0.5327287,0.356472489945064,3.2701857853695238,0.9,1,1,0
0.5068266,0.4049618739065137,3.266431544481697,0.9,1,0,1
0.34216362,0.27334659025137253,3.143414353855064,0.8,1,1,0
0.49468789,0.4353246480389322,3.4510159879684355,0.9,0,0,0
0.41167736,0.4499152674715198,3.5788023624917784,0.8,1,1,0
0.4028779,0.3703718839714721,3.3498975810546985,0.9,1,2,-1
0.49199474,0.4163349943309099,3.5864688842391836,0.7,0,1,-1
0.47882664,0.4193729978613924,3.3153441185717374,0.9,0,0,0
0.48783523,0.41472906584481806,3.1281658735933164,0.9,1,1,0
0.54973906,0.3588234029836898,3.4762545447568036,0.9,2,0,2
0.40069607,0.46374643416930644,3.578864088188098,0.8,0,1,-1
0.38243848,0.3261745222669272,2.5468465893424046,0.8,2,0,2
0.49780244,0.49380821917080586,3.255681110025267,0.7,1,1,0
0.50995547,0.3524017011358563,3.174800876357291,0.8,1,1,0
0.4354289,0.32334788559716265,3.2893862051248206,0.8,0,0,0
0.5234851,0.36063279107815566,2.9876013115120563,0.8,1,0,1
0.37114415,0.38482436208086096,3.2389012566026305,0.8,1,0,1
0.48590985,0.24510516960288656,3.2364179212198256,0.9,1,0,1
0.41015068,0.3234278119573833,2.6394725269414905,0.9,1,0,1
0.45139357,0.3177815292287085,1.3520301017579528,0.9,1,1,0
0.3926428,0.37970858317905654,2.1803373810675706,0.9,2,1,1
0.42975697,0.46085387568074837,2.186704345910025,0.4,1,0,1
0.46835136,0.3189348191548628,2.5836169753972325,0.8,0,0,0
0.4658068,0.4361400996629155,3.0114932034009665,0.7,0,2,-2
0.4207728,0.4039649192796174,3.196199998970891,0.9,0,1,-1
0.42764714,0.3550645339234862,3.2612517532044247,0.7,0,0,0
0.48016822,0.46250923694630186,3.2389012566026305,0.8,0,0,0
0.5252821,0.45180000418721944,3.480090318263435,0.6,1,0,1
0.4196309,0.3860656988730087,3.0090791697250663,0.9,0,1,-1
0.5505771,0.2621245149459585,3.1814339422243743,0.7,2,0,2
0.536592,0.21016244252741778,3.165753087212096,0.8,0,0,0
0.35883927,0.2958027908992029,2.927607301917491,0.9,0,0,0
0.42669,0.38592960946455723,3.147091011626145,0.9,2,0,2
0.5290131,0.39285124395286264,3.0621735653919635,0.9,0,1,-1
0.3409475,0.4550049287126181,4.058813890331201,0.1,1,1,0
0.46906114,0.3873084272340412,2.8200468686778555,0.9,0,0,0
0.4282539,0.4359339254804872,2.8798554875455857,0.9,1,0,1
0.42101055,0.39378154653337255,2.9276073019174915,0.9,0,0,0
0.42809278,0.19530907374586354,2.9942654887716738,0.9,0,1,-1
0.44140542,0.34732111397345994,2.8512809122619043,0.9,1,0,1
0.50848174,0.3791269998477591,3.156580393728044,0.8,0,1,-1
0.4483946,0.26771563818307653,3.1944806448504592,0.5,1,2,-1
0.48424214,0.3368991787579821,2.998966624432267,0.9,0,0,0
0.3850817,0.4709113331537927,3.0532359131272915,0.8,0,2,-2
0.2583647,0.3513313275944379,1.5294283316328894,0.8,2,0,2
0.28743443,0.43065876448878715,1.9609640474436814,0.5,2,0,2
0.39435482,0.4498557071920643,3.208884070537636,0.5,1,2,-1
0.26682937,0.42148398169805884,2.331164445867128,0.9,0,0,0
0.31750736,0.3264979007778437,-0.0,0.9,0,1,-1
0.48704764,0.40149499051164284,1.8016094970590273,0.8,1,0,1
0.3915442,0.4173327538453261,0.9182958340544896,0.8,2,1,1
0.4263308,0.4384566511496702,1.582683189255492,0.9,0,0,0
0.5437301,0.3549834795675307,2.248471333066727,0.9,1,1,0
0.5288703,0.38088640546216296,2.5268725024894367,0.9,3,0,3
0.38022235,0.43247551060587286,0.9975025463691152,0.9,2,0,2
0.5700839,0.46770926690688824,1.9462840235787549,0.9,0,1,-1
0.3157381,0.3858279842098949,1.55887184844536,0.8,1,0,1
0.41979313,0.2953839833451744,2.562806847436231,0.7,1,0,1
0.44492775,0.3212986141855043,2.867353772834993,0.9,0,1,-1
0.44755214,0.479031424761939,2.9738513896100445,0.9,1,0,1
0.5014602,0.328793262979,2.776778210932318,0.9,0,1,-1
0.42971638,0.3893460170075983,3.0,0.8,0,1,-1
0.44462615,0.4311122555771694,2.8515895533744864,0.9,1,2,-1
0.5616834,0.34971258731034377,3.0315513539183017,0.9,1,0,1
0.51475936,0.4420241741149401,3.130750178437043,0.9,1,0,1
0.4051687,0.4063200252461151,3.2473344554552277,0.7,1,1,0
0.46293366,0.34988653409929743,3.2479275134435857,0.8,0,0,0
0.5128238,0.264888985845781,2.9532289446393953,0.9,0,0,0
0.42969808,0.30215285955683163,2.776778210932318,0.9,0,0,0
0.47844067,0.3499950679103404,3.384130175908043,0.9,1,4,-3
0.5563028,0.3528010127690316,3.066532536373009,0.9,1,0,1
0.34201586,0.39570990556450936,2.728948870365158,0.9,0,0,0
0.49735954,0.44932625085012506,3.300861826271802,0.7,2,1,1
0.45193085,0.4065796027534205,2.9728488200423993,0.9,0,1,-1
0.4700377,0.34305253892871207,3.1968547548534594,0.7,2,0,2
0.47896063,0.44919261164597307,3.2146807736734906,0.7,2,1,1
0.51863664,0.3882348520278901,2.7688538376159997,1.0,0,0,0
0.41037986,0.4212621476503658,3.1069367321753214,0.8,0,0,0
0.5337589,0.372032836983089,2.776778210932318,0.9,1,0,1
0.39587766,0.3351791944767187,3.192211020728361,0.8,1,0,1
0.33117366,0.5113225474182774,2.9738513896100454,0.9,0,0,0
0.3457903,0.5052193202213359,2.8311845963584887,0.8,0,0,0
0.41167304,0.4138767458253034,2.9081733366826743,0.9,0,0,0
0.5001675,0.48543734102289227,2.9532289446393953,0.9,0,1,-1
0.42081502,0.39084983645698373,2.927607301917491,0.9,0,1,-1
0.4539518,0.34923687868049447,3.0510050526598267,0.9,0,0,0
0.49015307,0.37339897600789596,3.0531291412734887,0.9,0,0,0
0.49564266,0.3243939913838064,2.776778210932318,0.9,0,0,0
0.4428057,0.4740531287534229,3.0464877462766298,0.9,0,1,-1
0.5147121,0.3127976628071267,3.142570123880665,0.9,0,1,-1
0.39673057,0.37451275797079037,3.041802358285447,0.9,1,0,1
0.4789498,0.40797832378595306,3.397915538049927,0.8,1,0,1
0.55708045,0.3131027229490848,3.192024663059815,0.8,2,0,2
0.5020937,0.39831261312973937,2.776778210932318,0.9,0,1,-1
0.44736576,0.3046023124401418,2.8798554875455857,0.9,0,0,0
0.46756774,0.33830451674025575,2.776778210932318,0.9,1,1,0
0.49224064,0.3655960570739524,2.8798554875455857,0.9,1,1,0
0.40366367,0.446114209633586,2.8798554875455857,0.9,1,0,1
0.42143372,0.42111512255100214,3.147191429566854,0.8,1,2,-1
0.48570567,0.3217032692704579,2.933376040408504,0.9,1,0,1
0.5391999,0.18007934029229378,2.9530822987655223,0.9,0,0,0
0.44636953,0.4008344641558396,3.159925042339052,0.8,0,1,-1
0.3829011,0.39406988279628985,3.0685409330566378,0.8,0,1,-1
0.33684808,0.314238917535467,3.0685409330566378,0.8,1,0,1
0.4281597,0.5049304852030795,2.851280912261904,0.9,0,0,0
0.38902476,0.3708841619560206,2.8512809122619043,0.9,0,1,-1
0.36292344,0.3016557061018159,3.0,0.8,2,0,2
0.44456914,0.16258693779475777,2.8798554875455857,0.9,2,0,2
0.43931475,0.38645873821136933,3.209282221599798,0.7,0,0,0
0.1923819,0.471802733371254,-0.0,0.7,0,0,0
0.5266297,0.38090230564600885,2.6900616179453083,0.9,1,1,0
0.30932254,0.3443122320148503,1.965596230357602,0.6,1,0,1
0.30915156,0.42458976382653013,0.8658566174572236,0.9,1,0,1
0.49208632,0.3581969890668706,2.9284391908277185,0.8,0,0,0
0.34333038,0.4509897287972594,3.0,0.8,0,0,0
0.4675064,0.4873666208990676,3.1944806448504592,0.5,1,1,0
0.5638776,0.35846803456821447,2.867353772834994,0.9,0,1,-1
0.38308075,0.2821623924603008,3.2688538376159997,0.5,1,2,-1
0.35745835,0.4202544460748125,2.8766291673878235,0.8,0,1,-1
0.4619596,0.4061851854818848,3.048918905141155,0.8,2,1,1
0.39782012,0.4108877345531353,3.015183155365317,0.9,2,0,2
0.38903767,0.3710059352866797,2.872253928364927,0.9,0,1,-1
0.44837773,0.39362763065687956,2.8710072021284696,1.0,0,1,-1
0.44887733,0.48890046631895895,2.885120453911753,0.8,1,0,1
0.3976828,0.4165629395939028,3.3133553368373936,0.9,3,1,2
0.52865326,0.37868891756531786,3.113248785942744,0.8,1,1,0
0.544757,0.4817139166425038,3.246439344671016,0.8,1,2,-1
0.46890923,0.3562966989856379,3.208333333333334,0.9,1,0,1
0.48034418,0.4108442752041496,3.005758675304829,0.8,0,0,0
0.38309678,0.40328363096279185,2.944452798531527,0.8,1,0,1
0.45105788,0.37592512378219906,3.1853898088629227,0.9,1,0,1
0.41280496,0.42406449828029597,3.2527021654271744,0.7,1,1,0
0.35951167,0.484457409867388,3.8518232255517657,0.4,0,2,-2
0.36076623,0.35351114955016966,2.776778210932318,0.9,1,0,1
0.44704998,0.4206673464260578,2.961613586335022,0.9,0,1,-1
0.38690844,0.31694137646802506,3.0350849518197793,0.8,0,2,-2
0.43713233,0.3204964027424489,2.8798554875455857,0.9,0,0,0
0.41700992,0.47482917932928276,2.776778210932318,0.9,0,0,0
0.52344686,0.3846692232489785,3.128109287502072,0.9,0,0,0
0.5524549,0.34272729292939397,2.776778210932318,0.9,0,1,-1
0.39292485,0.3179506937866117,3.270778209874187,0.6,2,0,2
0.47453228,0.418203025075149,3.1029334343823503,0.8,1,0,1
0.4203678,0.3747277041850271,3.191667885886625,0.8,0,0,0
0.39229965,0.3528564094728556,3.1105092934584895,0.9,1,0,1
0.43196687,0.46206809129749854,3.3380599898565113,0.7,3,0,3
0.5308684,0.41531908400412065,3.2845605790804164,0.8,0,1,-1
0.5083682,0.25726149984741925,3.2037233263065397,0.8,2,0,2
0.49853677,0.41754796726857096,3.4722813032116013,0.6,1,1,0
0.47527167,0.3103196500602645,3.112771984641639,0.9,1,0,1
0.4695221,0.27414147342577483,3.0000000000000004,0.9,0,1,-1
0.512215,0.2649223696799728,2.9458108318613303,0.9,1,1,0
0.539968,0.3959224527332668,3.1539968630805593,0.9,2,0,2
0.35931605,0.2573087326035747,3.0,0.8,2,0,2
0.4747081,0.2472154594777028,2.908173336682674,0.9,1,0,1
0.4877413,0.42874855006681195,2.921981709849717,0.9,1,0,1
0.3391499,0.4421984853456426,2.8327899219603223,1.0,1,1,0
0.40364277,0.42359784640036025,3.1493670009116306,0.7,1,0,1
0.4861932,0.32583886384569766,2.8876718403890336,0.9,1,0,1
0.45146838,0.23840998827580323,2.776778210932318,0.9,0,0,0
0.32939473,0.43452177396835523,3.0,0.8,0,2,-2
0.4403658,0.27528439046968456,2.8798554875455857,0.9,1,0,1
0.51246816,0.37766586022003423,2.996100545893142,0.8,2,1,1
0.38183036,0.26851052282157556,2.776778210932318,0.9,0,0,0
0.4169103,0.46855019533769987,3.428899132478995,0.9,2,1,1
0.43164426,0.357339077599796,3.0172422014641866,0.9,1,0,1
0.5428243,0.4260023829020437,3.19175337328425,0.9,1,0,1
0.259786,0.5153193086600786,3.1702295713931177,0.7,0,0,0
0.4808328,0.2927385342648141,3.5506551812150384,0.4,2,0,2
0.5996491,0.20960900817114833,3.577931774428822,0.7,2,0,2
0.47584665,0.4089797894183969,3.586285968921013,0.5,2,1,1
0.46929687,0.4184586210192941,3.3124876891689534,0.9,2,0,2
0.4881348,0.4809019258255186,3.346844436574365,0.9,2,1,1
0.524402,0.384620175230644,3.5415301730294653,0.7,2,1,1
0.44588727,0.3572224680725238,2.8512809122619043,0.9,1,0,1
0.4707436,0.41330777790643375,3.1208389387454223,0.9,0,2,-2
0.4480385,0.40455437334094374,3.0755907949568435,0.8,0,1,-1
0.5082692,0.372661028498163,3.087462841250339,0.8,0,1,-1
0.429556,0.3640887021686095,3.2473344554552273,0.7,0,1,-1
0.39841077,0.2652606684129157,2.9738513896100454,0.9,0,0,0
0.4161716,0.2912929340717954,3.006051959488611,0.9,1,0,1
0.4853691,0.3804487042320734,3.31208837876494,0.8,1,0,1
0.37482396,0.4156649690873926,2.947056898478542,0.7,0,1,-1
0.43803197,0.36232886199735315,3.2602773025861262,0.8,2,0,2
0.49640504,0.3522670286404258,3.0797102763173374,0.9,1,0,1
0.22080229,0.4117774325386823,3.0530201924480456,0.7,2,0,2
0.40433636,0.4531325664679652,3.0290382064198607,0.8,0,0,0
0.4490219,0.28354740388903676,3.132574458143994,0.9,1,0,1
0.50919783,0.3693630586840494,2.9333760404085045,0.9,0,0,0
0.49239203,0.4428150247500943,3.276752104751866,0.8,1,0,1
0.5330059,0.2696410156347363,3.407523983904096,0.7,2,0,2
0.45352006,0.408858940955131,3.2068570640942182,0.9,0,2,-2
0.46916404,0.44859707645429786,3.3259240555827074,0.9,1,0,1
0.4364422,0.4604666179423817,3.3654219428812175,0.9,2,1,1
0.44457313,0.43626755622883406,2.921981709849717,0.9,0,1,-1
0.34958974,0.42881687646649297,3.098135359873587,0.9,1,1,0
0.38869137,0.45957765849669324,3.220804911251982,0.5,0,1,-1
0.43765125,0.4374859350360028,3.3935720258911806,0.9,0,1,-1
0.5127959,0.33986193537190623,3.1387139508171114,0.8,1,1,0
0.5318279,0.3573600095095197,3.1927080223858475,0.8,1,0,1
0.4210213,0.42603644112851796,2.970650598647407,0.9,0,0,0
0.4203973,0.32898941974082846,3.2000658187184476,0.8,0,0,0
0.48708838,0.36548574998887107,3.1916388511252625,0.9,0,0,0
0.4345871,0.3496799254199864,3.129051150733861,0.9,0,0,0
0.40265667,0.2773886301891636,2.8851204539117536,0.8,0,0,0
0.4883466,0.4433070549798135,3.080590320298164,0.9,0,1,-1
0.57364565,0.2117463521554729,3.1292830169449664,0.8,1,0,1
0.53922427,0.40484426034981286,3.10441119255554,0.9,1,0,1
0.44272774,0.44671019923481464,4.087462841250339,0.1,1,0,1
0.45362064,0.39475511257914775,3.789898095464287,0.3,2,1,1
0.4178074,0.38057912672395333,3.6309850197851374,0.3,1,1,0
0.3801481,0.38049182496011563,3.48440655328462,0.5,0,2,-2
0.5410207,0.35710444518731943,3.4029642074407858,0.8,1,0,1
0.3388156,0.44930018493479684,3.095461844238322,0.9,0,0,0
0.39464033,0.46678006911311654,3.0184972736589533,0.7,0,0,0
0.4636236,0.3309512925084149,3.2914460711655216,0.5,0,2,-2
0.25196555,0.3997278998872993,3.080590320298164,0.9,1,0,1
0.44467843,0.3497984747201125,2.8311845963584887,0.8,0,1,-1
0.46483284,0.4214270633421555,2.8876718403890336,0.9,0,0,0
0.43441987,0.39095717250872636,2.776778210932318,0.9,1,0,1
0.41629827,0.44078664130597717,2.979339488838998,0.9,1,1,0
0.526722,0.3398426004718404,2.9793394888389986,0.9,0,2,-2
0.35696018,0.5275210193827399,3.1956394901972867,0.9,1,0,1
0.51619697,0.28828324440835185,2.9793394888389986,0.9,0,0,0
0.3216618,0.43152710010119194,3.016150648454355,0.8,0,1,-1
0.4105997,0.3510413281278402,2.823490576469806,0.9,1,0,1
0.4882304,0.3710719290708589,3.0621735653919635,0.9,1,1,0
0.40533763,0.4501944200981773,2.9131663031305894,0.9,2,0,2
0.34207213,0.469452659092341,2.867353772834994,0.9,1,1,0
0.41510066,0.2680009379051692,2.9081733366826743,0.9,0,0,0
0.42253798,0.34465513946277987,3.066532536373009,0.9,0,1,-1
0.44081098,0.45403550813648635,3.247761756743636,0.5,1,1,0
0.45770758,0.13646238203466612,3.090347275584621,0.7,1,0,1
0.46057346,0.43817264971680775,3.1069210282780264,0.9,0,0,0
0.44440424,0.3585410117858423,2.956623811079363,0.9,1,0,1
0.43174803,0.3209885994158543,2.921981709849717,0.9,1,1,0
0.5386317,0.4301849728791543,2.97765944295582,0.9,0,0,0
0.49104327,0.39537422169855674,2.8311845963584887,0.8,0,0,0
0.45128688,0.26890089590241373,3.029551963400665,0.9,1,0,1
0.50712395,0.293501794638202,2.9199770749417033,0.95,1,1,0
0.4155669,0.4827809878392017,3.141009150817866,0.8,0,2,-2
0.43520516,0.4379136651631355,3.071928094887362,0.8,0,2,-2
0.44999617,0.4304916314469703,3.207210311338979,0.7,0,1,-1
0.459537,0.38214901953929675,2.892509260861829,0.9,1,0,1
0.45788783,0.42984241156191616,2.986159088827293,0.9,0,0,0
0.33034897,0.3620357887716721,2.9982975702780195,0.9,2,1,1
0.40769276,0.39066489222990236,3.5506551812150384,0.4,2,1,1
0.38086173,0.4306394217963503,3.074409595714051,0.9,1,1,0
0.4886263,0.44299503880480223,3.1292830169449664,0.8,2,1,1
0.4967514,0.41353298014146356,3.257227840250121,0.8,1,0,1
0.39363107,0.41121818796411086,2.9131663031305894,0.9,0,1,-1
0.4928581,0.256064286570072,3.425675936478125,0.6,1,0,1
0.49876603,0.36463891578410323,3.2932958340544896,0.8,1,1,0
0.2164783,0.3933972700701034,3.016150648454355,0.8,0,1,-1
0.41228017,0.49768964644709873,2.2068997823028402,0.8,2,0,2
0.37880445,0.24867241275350316,1.9322381921018905,0.9,1,0,1
0.45610806,0.4167712497616974,1.7798299876761596,0.9,0,2,-2
0.4203198,0.4768166789938218,1.8778867313886054,0.9,1,0,1
0.48552483,0.21379743780152619,2.197247910343773,0.8,0,0,0
0.39652663,0.46544587338675136,3.7045348998193433,0.3,0,2,-2
0.51301277,0.3532459577165157,3.0852582268007804,0.8,0,1,-1
0.4558101,0.3054783770777588,3.4532433566073997,0.7,1,0,1
0.43565318,0.38527305465647305,3.2558534732678432,0.8,1,0,1
0.36678383,0.43307679989378006,3.071928094887362,0.8,0,1,-1
0.4306049,0.38552663637530005,2.8798554875455857,0.9,1,1,0
0.38541642,0.3263884051424854,2.8876718403890336,0.9,0,0,0
0.43381727,0.3696194739614686,2.8798554875455857,0.9,0,1,-1
0.41651645,0.48356926052701904,2.9081733366826743,0.9,0,1,-1
0.4234476,0.15775138714212808,2.986350030255313,0.8,0,0,0
0.48464677,0.29664480978242785,3.0869258344809207,0.9,1,1,0
0.5058966,0.3861900464801589,3.126789449156398,0.9,1,1,0
0.3988074,0.4140029837695939,3.1760090241692245,0.7,0,2,-2
0.40677628,0.3798073948256886,3.192464887814044,0.9,1,1,0
0.50170773,0.341400987058779,3.296770360702037,0.7,0,1,-1
0.54260725,0.39033478480882045,3.5355820479705753,0.8,1,1,0
0.41084695,0.4143649470371238,3.1681103178788184,0.9,0,2,-2
0.4801092,0.3014104209333026,3.0476138037241434,0.9,0,0,0
0.24723585,0.3986704288614517,3.147194987260238,0.8,1,0,1
0.41454533,0.4447920019942593,3.133975800509341,0.9,0,1,-1
0.4085534,0.3924489915628318,3.152721738101326,0.9,1,1,0
0.54855067,0.32216254417324053,3.083003966475199,0.9,2,0,2
0.4126264,0.35477947921909536,3.0931254962522607,0.9,0,0,0
0.5455398,0.3907320224387658,3.327078406900582,0.9,1,0,1
0.35515046,0.34167351585653344,3.0621735653919635,0.9,1,0,1
0.45995533,0.23713905319469492,3.185739435775333,0.8,1,1,0
0.34523556,0.48382491742094774,3.0485634360323997,0.9,1,0,1
0.4459865,0.3668763481575317,2.8925092608618286,0.9,1,0,1
0.49661297,0.3894402516302551,3.4074040660176426,0.6,1,1,0
0.38613334,0.4307794779757743,3.1632046194268697,0.7,0,1,-1
0.48811904,0.47271480780229946,2.9813597135246597,0.8,1,1,0
0.3805237,0.39635462674547706,3.129051150733861,0.9,2,0,2
0.37426072,0.491018323682063,3.4058092136126814,0.4,0,2,-2
0.2779899,0.33981345311038436,3.032944020615957,0.9,0,1,-1
0.5221104,0.3991572461356801,3.234483349258923,0.9,0,1,-1
0.48284313,0.4343992560460175,3.5026831892554924,0.9,0,0,0
0.39483455,0.5117957810356868,3.754441845713347,0.6,0,1,-1
0.4957741,0.3419573044819009,3.01867904060296,0.9,1,1,0
0.59165776,0.22417862856708703,2.822683189255492,0.9,2,0,2
0.38159683,0.3231196705124057,3.3741989184805288,0.6,1,0,1
0.2959261,0.5055922313611377,3.0595608142862893,0.8,0,1,-1
0.40965167,0.3703981814339408,3.1339198250586535,0.7,0,1,-1
0.46598348,0.32050910858802867,2.8876718403890336,0.9,0,1,-1
0.51232266,0.4603637246284477,3.01867904060296,0.9,1,0,1
0.45774525,0.4581056963188,2.776778210932318,0.9,0,0,0
0.39893815,0.27250182260910744,3.002707336492527,0.9,0,1,-1
0.4615605,0.3519806565597204,2.9284391908277185,0.8,0,0,0
0.5594055,0.39602808638595416,3.252134613017472,0.8,0,0,0
0.387632,0.46770681718936574,3.0817892437588927,0.8,1,0,1
0.43712544,0.39919831196334127,3.076056150235774,0.9,1,0,1
0.52773577,0.434570822751215,3.299606637312544,0.9,1,2,-1
0.51745087,0.4981368438340986,3.301312880666267,0.8,1,1,0
0.3761793,0.44582862118905225,3.2122028491557018,0.7,1,1,0
0.40482995,0.46602711714820183,3.274428717291281,0.7,0,2,-2
0.5776021,0.33482628365828904,3.254721860532486,0.8,0,0,0
0.48247063,0.3301161512702442,2.9725513464956443,0.9,2,0,2
0.49287358,0.42212610444917537,3.2736985574088133,0.9,1,2,-1
0.5142019,0.4252911089633495,2.9674384307249486,0.8,0,1,-1
0.42951587,0.44717995341019545,3.177042761638156,0.9,0,0,0
0.4619894,0.36940427351142224,3.1651614754770674,0.9,1,0,1
0.42166406,0.43178102011897174,2.1971597234241496,0.8,1,1,0
0.5607263,0.31710993512855834,1.54515313983491,0.9,0,0,0
0.43138057,0.3989065722937478,1.392147223664535,0.8,0,1,-1
0.5027501,0.29177267445090876,0.9709505944546687,0.9,0,0,0
0.3138756,0.4538030449828896,1.5461796919474975,0.7,1,2,-1
0.45310047,0.34048707055918087,2.776778210932318,0.9,0,0,0
0.49388036,0.48143802244394096,3.145461844238322,0.9,0,1,-1
0.5224013,0.27065330528025916,3.1292830169449664,0.8,1,0,1
0.5817745,0.39705538870339285,2.863826390090816,0.9,0,1,-1
0.4509559,0.38776448238930594,2.9638561897747246,0.8,0,0,0
0.35731775,0.41047607597140434,3.4465439389584365,0.5,1,2,-1
0.5060376,0.41388811190966573,3.1789539822410027,0.8,0,1,-1
0.56365293,0.3404706008096545,3.085274632722953,0.9,1,0,1
0.51505095,0.44217417193924335,2.762841868471255,1.0,1,1,0
0.47313184,0.45065369033249797,3.1004583306234355,0.8,1,1,0
0.4332342,0.39595456100654686,1.568316493272887,0.7,2,0,2
0.3647248,0.4232390974300748,2.1299471844774773,0.8,1,0,1
0.46842325,0.25223292341881903,2.219536123371173,0.9,0,1,-1
0.3801926,0.3988847411189217,1.3382689280764646,0.9,1,0,1
0.48906165,0.2751259890796728,0.9910760598382222,1.0,0,0,0
0.46318808,0.3803489788042317,3.0805903202981644,0.9,0,0,0
0.48443976,0.4163085752108762,2.9986681079564357,0.9,0,1,-1
0.4711749,0.40133023744257557,2.9081733366826743,0.9,2,0,2
0.5165229,0.34108525214746593,2.941487369838532,0.9,1,0,1
0.5158723,0.34622906959655236,3.073681846204231,0.9,1,1,0
0.39639354,0.36794957457914235,3.205370880726259,0.95,1,1,0
0.5369762,0.28618686579327707,3.1916388511252625,0.9,1,0,1
0.49547923,0.30764964402038886,3.202904337188607,0.7,1,1,0
0.4388091,0.4293860388705022,3.3307869718618126,0.8,3,0,3
0.45562994,0.31149865213855865,3.3364001518774242,0.7,1,0,1
0.43129632,0.39965155104512345,2.8798554875455857,0.9,0,1,-1
0.5053642,0.2824557546392693,2.996100545893142,0.8,2,1,1
0.44056347,0.38388221547519874,2.8876718403890336,0.9,1,1,0
0.43050566,0.45651738273997955,2.9725513464956443,0.9,0,0,0
0.47901356,0.4185800507312806,3.028991962451992,0.8,1,0,1
0.34049684,0.4138114378608766,3.0874628412503395,0.8,1,0,1
0.38569835,0.4074955045950624,3.066615216738451,0.8,1,1,0
0.4070113,0.40812866155950767,3.1487526365181733,0.8,1,0,1
0.5520787,0.3457299598131672,3.1512831202406133,0.9,0,1,-1
0.50182533,0.425892148807682,3.4465439389584365,0.5,0,0,0
0.45775852,0.44933211737116846,2.1981203125901443,0.9,1,0,1
0.39141902,0.26669363592146994,1.5485806065228545,0.5,0,1,-1
0.43199006,0.31753415076227814,2.08429531609601,0.8,0,3,-3
0.4118496,0.262578359737571,2.1283310497671026,0.9,3,0,3
0.43018833,0.4472465484707235,2.3219028921000993,0.9,1,0,1
0.34473598,0.41403346298365357,4.021928094887363,0.1,0,2,-2
0.48086137,0.41868967110466687,2.7751070248348753,0.9,0,0,0
0.23197795,0.4278279418061721,4.037401197654112,0.1,0,0,0
0.5319705,0.4305372089708115,2.776778210932318,0.9,0,0,0
0.37063596,0.40217481171059655,3.028991962451992,0.8,1,0,1
0.43769553,0.18374538712539995,2.9300191536916556,0.8,1,0,1
0.3612567,0.30617324735420204,2.941487369838532,0.9,1,0,1
0.52764577,0.4016345412577681,3.107566076688994,0.9,0,1,-1
0.37016144,0.3203724437572049,2.9333760404085045,0.9,1,2,-1
0.37882313,0.425549506007187,3.0887793473613607,0.8,0,1,-1
0.44525886,0.5111442818226566,3.426952245541038,0.9,0,2,-2
0.46405154,0.3632772295764197,2.768102070191481,0.9,1,1,0
0.43446797,0.2885828684336391,2.5887791855917497,0.6,0,0,0
0.48784366,0.4679046694001014,3.5042832915836284,0.7,1,0,1
0.5823881,0.34729230687439594,3.2168345321007523,0.9,2,0,2
0.4680125,0.40910354485641487,3.319049450414414,0.7,2,1,1
0.45863885,0.3718043811486692,3.1134218690860567,0.9,0,0,0
0.43330598,0.391642563574161,3.4172513221347036,0.5,2,0,2
0.35157827,0.5063712535541579,3.4939821538141276,0.6,2,1,1
0.50511307,0.43867594795641024,3.312356458082668,0.8,0,0,0
0.37005556,0.35128640300081965,0.8812908992306927,0.7,0,1,-1
0.46051806,0.3024786238041399,1.5243166733459836,0.9,0,1,-1
0.34810054,0.34955211015304544,1.5821930667351332,0.8,0,0,0
0.49919224,0.42095540851837765,1.4806821149663847,0.8,0,1,-1
0.3323685,0.438570199518763,-0.0,0.7,2,0,2
0.42563435,0.33852264433905405,2.990275022075664,0.8,2,0,2
0.46396908,0.38517101817309807,2.9414873698385327,0.9,0,0,0
0.37904155,0.4507274805050449,3.1699250014423126,0.8,0,1,-1
0.50081563,0.39799596576331087,3.016150648454355,0.8,1,1,0
0.44284117,0.45660033049768484,3.112771984641639,0.9,1,1,0
0.4777471,0.22664307727545308,2.9793394888389986,0.9,0,0,0
0.40475297,0.40525547484465607,2.986350030255313,0.8,0,2,-2
0.32540447,0.4061447106004684,2.8798554875455857,0.9,0,1,-1
0.44301274,0.4930259523780615,3.1852659125503666,0.9,1,1,0
0.37799698,0.4036143915217526,3.245447224305563,0.8,2,1,1
0.49366033,0.3791684073743883,2.998966624432267,0.9,1,0,1
0.1676345,0.490010155688395,-0.0,0.0,0,0,0
0.5220423,0.4242184910708854,2.921981709849717,0.9,0,3,-3
0.47995618,0.45400722477471606,3.2511851181729288,0.9,0,0,0
0.4004846,0.4402948968061848,3.0485634360323997,0.9,0,1,-1
0.4742561,0.43082231485837386,3.5414019001185686,0.8,0,1,-1
0.3988474,0.3193366635720554,2.4663523191330663,0.9,1,0,1
0.45014468,0.38650026453350333,2.5774287729134877,0.9,0,1,-1
0.34996375,0.41552206742623965,3.114161813322722,0.8,1,1,0
0.4968108,0.42232705628383527,3.699810460910166,0.8,2,2,0
0.4841954,0.457679456808093,3.239353872167201,0.7,1,0,1
0.48923916,0.29740525478243734,3.1147869792568117,0.9,2,0,2
0.44471073,0.4176350470879314,2.986159088827293,0.9,0,1,-1
0.37057957,0.42470336578656415,3.7962176025900565,0.3,0,0,0
0.51048404,0.3399828904277518,2.910850294564907,0.9,0,1,-1
0.4639365,0.4075814596307663,3.436011929036179,0.8,1,1,0
0.45341626,0.3584831796655008,2.7630741894285697,0.6,1,0,1
0.55521125,0.4051176235014763,3.592949440895038,0.9,2,1,1
0.45373777,0.4934071693950138,2.764694686130739,0.9,1,1,0
0.37629262,0.4313541707581861,3.5893634396310747,0.7,1,0,1
0.47114712,0.4079042730486484,3.4639683044483,0.9,1,2,-1
0.5459681,0.3657230875964656,3.1626878900165245,0.9,1,0,1
0.4883081,0.3605138209061512,3.2036241153337244,0.9,0,1,-1
0.48429596,0.3416303028616845,3.3551140003645257,0.6,0,1,-1
0.415797,0.3314769082395454,3.253020622143539,0.9,0,1,-1
0.54712427,0.15597781117794873,3.119830238004583,0.8,1,0,1
0.36688855,0.42827970374051344,3.4037016960573485,0.5,1,1,0
0.3976966,0.3954081025151637,3.0972997175517167,0.8,2,0,2
0.32630345,0.36769925288160576,3.238285393871726,0.7,1,1,0
0.47657996,0.30264091515838265,3.3680705051364423,0.8,1,0,1
0.42168552,0.43206722833016564,2.8798554875455857,0.9,1,0,1
0.37861642,0.36700225673611514,2.9531150055728603,0.9,0,1,-1
0.5136056,0.39401523287653123,2.934661076610322,0.9,0,1,-1
0.5177316,0.36880138895681736,2.9414873698385327,0.9,1,0,1
0.38872778,0.4845051216605536,3.569702316978283,0.4,0,0,0
0.41586244,0.3213973832532866,2.8798554875455857,0.9,0,1,-1
0.37008232,0.45746058594735767,2.823490576469806,0.9,0,0,0
0.38567322,0.35321121629350655,2.776778210932318,0.9,0,1,-1
0.33971786,0.439016492072072,4.058813890331201,0.1,0,2,-2
0.42145553,0.33655198479538667,2.8798554875455857,0.9,0,0,0
0.49063423,0.36405471990162896,2.776778210932318,0.9,0,0,0
0.39558545,0.437594604968841,2.947056898478542,0.7,0,0,0
0.44261846,0.29858287718983983,2.9725513464956443,0.9,1,0,1
0.33210197,0.36953991874717024,2.872253928364927,0.9,1,0,1
0.47408685,0.35283004167476756,3.0123511323638086,0.9,1,0,1
0.37857655,0.34732579166879785,2.908173336682674,0.9,0,0,0
0.3442887,0.4365297936670807,2.998966624432267,0.9,0,1,-1
0.5186328,0.45179666723080586,2.948186888885451,0.9,0,1,-1
0.4669577,0.415495155465103,2.999506342898748,0.8,0,1,-1
0.38111034,0.46985858659662116,2.9793394888389986,0.9,0,0,0
0.2922007,0.35798679871009953,3.664497779200461,0.4,0,1,-1
0.30327642,0.41279122232576,2.822683189255492,0.9,0,1,-1
0.49970168,0.37590538290524894,3.2068570640942182,0.9,2,0,2
0.4743676,0.38947650221444313,3.0621735653919635,0.9,1,0,1
0.30362794,0.37736414799447404,3.2885023057715044,0.7,1,1,0
0.53503746,0.4485576461351996,2.728948870365158,0.9,0,1,-1
0.49418437,0.4127256522589218,3.0939422602619,0.7,0,0,0
0.5336107,0.36100850197844286,2.776778210932318,0.9,0,0,0
0.48588893,0.3387036385623483,2.9081733366826743,0.9,0,1,-1
0.43416476,0.31958022719277795,2.8798554875455857,0.9,0,0,0
0.48740292,0.46963578337738837,3.5648022528116483,0.9,0,3,-3
0.48791713,0.15240843163018442,2.968665781917758,0.9,0,0,0
0.5329279,0.41620562126511657,3.6875685226869956,0.9,1,3,-2
0.48359504,0.30847006867804855,3.611585431837431,0.8,0,2,-2
0.42278,0.3424744859784646,3.488608500731241,0.8,2,0,2
0.35270613,0.46184082135247306,3.0621735653919635,0.9,1,0,1
0.29344663,0.41201990548132883,2.9982975702780195,0.9,1,0,1
0.492375,0.36950655614387806,3.016150648454355,0.8,0,1,-1
0.48858142,0.4009979520768719,2.9736746195753727,0.8,0,0,0
0.44765705,0.3802449519675985,3.186392934223819,0.8,1,0,1
0.45883754,0.3223841807707993,1.9155792582731421,0.8,0,0,0
0.4904943,0.2713617125746371,1.3663146570363984,0.9,0,0,0
0.47140437,0.4083464335421092,1.3663146570363984,0.9,1,0,1
0.3217646,0.4603756707743501,-0.0,0.7,0,0,0
0.45096225,0.4191239256613833,0.9886994082884976,0.9,0,0,0
0.4191149,0.42405960198968157,2.111761596285272,0.9,2,0,2
0.4344523,0.4313848279330945,2.3381418470791693,0.8,1,1,0
0.5535544,0.31587303575043973,2.107735252622104,0.6,1,0,1
0.43314454,0.2805616334504606,1.87101912087884,0.7,0,0,0
0.47609988,0.4158833451587199,2.0577174691301483,0.9,1,1,0
0.38915548,0.464347908102741,2.8798554875455857,0.9,1,1,0
0.38220942,0.3645484769916121,2.907141846237823,0.9,1,0,1
0.4875787,0.3906572368978268,2.9208322930948003,0.8,0,0,0
0.4514922,0.40730266483135885,3.07173502713817,0.9,1,1,0
0.51381516,0.35217965105866683,2.8976040654309387,0.9,1,1,0
0.2791458,0.3758682875510737,3.2634839052647813,0.7,1,1,0
0.33957016,0.41180279493438854,3.1128385445447777,0.9,0,1,-1
0.51250666,0.30878411926027005,2.822683189255492,0.9,0,0,0
0.42896834,0.4395198683531903,3.184764369649507,0.8,1,0,1
0.49232337,0.405943765876811,3.09306920777189,0.9,2,0,2
0.46561933,0.4169349684430332,3.007717469130148,0.9,3,0,3
0.5543471,0.4629602045315845,3.4469740544771916,0.9,2,2,0
0.430233,0.40493025675335304,3.1055161915432032,0.8,1,2,-1
0.5594886,0.416353493734333,3.511323537702986,0.6,1,0,1
0.43092266,0.3752658050891928,3.221317221838531,0.7,0,0,0
0.47484198,0.26117913230452455,2.9371242242355904,0.9,2,0,2
0.5350889,0.5070559412358897,2.822683189255492,0.9,2,0,2
0.5026468,0.45084768117215684,3.042912615435,0.9,0,0,0
0.4311021,0.36876595012979524,2.820046868677855,0.9,0,0,0
0.48794854,0.35741728830774294,3.0295519634006647,0.9,0,1,-1
0.47769237,0.3455948946159131,3.155672129520887,0.7,0,1,-1
0.36601126,0.4945629870104456,4.011365041826379,0.1,1,0,1
0.49614942,0.4293753111825269,2.9967916319816363,0.8,0,0,0
0.3952765,0.27461085787536216,2.867353772834994,0.9,0,1,-1
0.47384584,0.45228349330539963,2.9184186589242094,0.9,0,0,0
0.5887497,0.2845838933402276,3.3425586308323254,0.8,1,0,1
0.4717233,0.38407565897832785,3.263933429485633,0.8,1,0,1
0.37512413,0.3861171715344673,3.2421734564946854,0.9,0,1,-1
0.53601474,0.47630381037393876,3.705322312560388,0.7,2,1,1
0.43402863,0.44519414000490015,3.5065976592457884,0.9,2,0,2
0.35476422,0.45501122342127276,1.7169171866886992,0.9,0,0,0
0.36858287,0.3254461964440414,1.7177602521413333,0.9,1,1,0
0.46997863,0.2686430654844788,1.949082295352821,0.8,0,1,-1
0.2307685,0.4543243097502551,-0.0,0.8,0,2,-2
0.46864402,0.3284703146272865,0.9544340029249649,0.5,0,1,-1
0.44521806,0.34023349878572273,2.9967916319816363,0.8,1,2,-1
0.5136033,0.4132569244908178,3.131407607854671,0.6,1,0,1
0.42953056,0.3739511422903198,3.028991962451992,0.8,0,1,-1
0.52646124,0.17224487226445073,3.1209043504552723,0.7,0,0,0
0.32392085,0.442213262498969,2.776778210932318,0.9,0,0,0
0.40875828,0.4741299842925643,3.651321343363135,0.7,0,3,-3
0.476949,0.4648778327736584,3.3998737308597997,0.9,1,2,-1
0.43549338,0.15011765030764412,1.9698110652780971,0.9,0,0,0
0.44398013,0.35572830701554337,3.5612781244591325,0.9,2,2,0
0.48790675,0.4129961391019142,2.367744176688582,1.0,0,0,0
0.50615656,0.4523798492614227,3.138682032286192,0.8,1,1,0
0.51300025,0.3814124812167093,3.069048439318099,0.9,1,1,0
0.44113937,0.4611881130838178,3.40558726169826,0.9,1,0,1
0.5016946,0.32328000676842583,3.1135388697992608,0.8,1,0,1
0.37541324,0.46645203779639194,3.3263604079526936,0.6,1,1,0
0.52576566,0.39578162968651226,3.387907078129855,0.95,1,1,0
0.49384916,0.4027290661710788,3.5021722231837638,0.9,2,0,2
0.38237298,0.4014038123814099,2.3857000186160167,0.9,0,0,0
0.54030544,0.19866642358675196,3.6816337706835225,0.6,2,0,2
0.44819465,0.41731864254829937,3.5530229882707776,0.8,1,2,-1
0.46197343,0.3330656878013555,3.3336606896881857,0.8,1,0,1
0.49950624,0.3331802558158059,3.142645926098032,0.8,1,0,1
0.41624236,0.44358372407519003,3.1993319466079133,0.8,2,0,2
0.46664882,0.43022379320048176,3.2854022188622487,0.8,0,1,-1
0.44519597,0.33610397742366793,3.072140159802109,0.8,1,0,1
0.38484338,0.36514858067332945,3.161692071183751,0.7,1,1,0
0.42247432,0.39350716295980265,2.5405341093423695,0.8,2,0,2
0.3877044,0.36283450738042977,2.854817976948422,0.7,0,2,-2
0.41533974,0.40621203822522295,3.0314536459234778,0.9,1,0,1
0.34204975,0.5296372847623884,3.2057000654415844,0.7,0,1,-1
0.43089476,0.3618229858837327,3.305709150763405,0.8,1,1,0
0.48931164,0.4733010601939173,3.293686926968942,0.8,1,0,1
0.4526873,0.31238868867810204,3.1542221846835226,0.8,0,0,0
0.37699994,0.31778254376011594,3.4155815962845737,0.7,0,0,0
0.49822313,0.4084434813436636,3.2852659125503667,0.9,1,1,0
0.3364771,0.3920826480810443,3.0697168480927206,0.8,0,2,-2
0.30995142,0.4429920217365324,3.214438730983427,0.6,1,0,1
0.4987342,0.30617694422336517,3.0550212436162254,0.7,0,1,-1
0.42450017,0.4198670920872548,3.201460304875581,0.9,0,2,-2
0.5051601,0.3784199287308122,3.0787905160168654,0.8,1,1,0
0.5500959,0.2997477219861941,3.102824766548033,0.9,1,0,1
0.49511147,0.395012976706304,3.300476991695645,0.9,2,2,0
0.4991542,0.3890584055617551,3.1720966889958757,0.9,1,3,-2
0.21220754,0.39727255564525865,3.3692725790365925,0.5,0,1,-1
0.5253824,0.38284208264828834,3.015183155365317,0.9,1,0,1
0.33777636,0.42811929237191443,3.063617304998107,0.8,0,0,0
0.417303,0.23297550784742554,2.7751070248348757,0.9,0,0,0
0.5434506,0.41357471419051733,3.129051150733861,0.9,0,0,0
0.45197037,0.30769136283285736,2.9738513896100454,0.9,0,0,0
0.2960955,0.48049659460565386,3.250700726240073,0.8,1,0,1
0.57552457,0.3551901770109718,3.2312690870597427,0.9,0,0,0
0.43616667,0.3514954521264906,3.4675302800290506,0.7,1,3,-2
0.24798468,0.3868608343218963,3.2709424217485377,0.6,0,2,-2
0.53404677,0.41732340176522736,2.963531071963817,0.9,0,0,0
0.37471583,0.404296609021616,3.0729303049004795,0.8,0,0,0
0.50536275,0.38412620300566636,3.0579467088778873,0.8,1,2,-1
0.35873723,0.2630597834917765,1.9076604601183145,0.9,2,0,2
0.5140756,0.3653646809070195,2.5353775490983694,0.8,1,1,0
0.21812256,0.36885156647337825,1.5052408149441479,0.7,1,0,1
0.50949925,0.4372853447641529,2.2857708359109625,0.9,3,0,3
0.52626985,0.3879765029065679,3.078381471567622,0.9,1,0,1
0.5058059,0.3481233176640096,3.25120688307844,0.8,1,0,1
0.26301762,0.405738515745173,2.9631349103933107,0.9,1,1,0
0.5246971,0.34525921813412924,2.908173336682674,0.9,0,1,-1
0.4321993,0.42844109194856156,2.968166640552332,0.9,2,0,2
0.4388873,0.2745707966824026,2.822683189255492,0.9,0,1,-1
0.47263283,0.4406435881767426,3.0212406251802895,0.9,1,0,1
0.4390192,0.22946088842563117,2.8876718403890336,0.9,1,0,1
0.54375243,0.42776937371409723,2.9728488200423997,0.9,1,0,1
0.35294515,0.49477545364065373,3.028991962451992,0.8,0,0,0
0.31861332,0.36051592416355,3.0454914359235423,0.8,0,0,0
0.4472763,0.3317562226960521,2.8798554875455857,0.9,0,0,0
0.4416785,0.2937863246403567,3.0018657739084222,0.8,1,0,1
0.3990207,0.25539321437078305,2.9830749314332756,0.8,1,0,1
0.47847122,0.2692901440559345,3.060540527674168,0.8,1,0,1
