doi,title,abstract_sha256,abstract_nchar
10.1353/sgo.2016.0025,Development of a Geospatial Guide for Responsible Residential Pesticide Application within the South Carolina Coastal Zone,bb701e1569e82d1038f994de45248efbc1a502bee42c9ab750e25e5a17b31e9e,2413
10.1080/02664763.2017.1282440,Development of an urban intensity index to facilitate urban ecosystem studies in Trinidad and Tobago,fe0324b601cc640624c2ff3b378ef025c37a7e08a331df93dbd51e0c1ddb67dd,1182
10.1109/icmss.2011.5999414,Study on Safety Green Barriers Based on International Trade,d4b33a181de56a3a873ad9698175cdc8804695ea86ab77e0f4f4bc48dad2c3a6,1570
10.2495/sdp-v11-n6-949-958,A mobile environmental monitoring station for sustainable cities,9c9a2c3f1c83e72ac3518fc0db3d32e9ab121ce9943ee59241823ed7f35e2f0c,537
10.1080/09669582.2016.1178755,"Private protected areas, ecotourism development and impacts on local people's well-being: a review from case studies in Southern Chile",ad9f5d36daf3600c9bdd56e1136f1d1d1b9aa50565a52232595f487b5b4bc708,1433
10.3389/fpls.2017.01541,Evaluation of Fertilizer Potential of Different K Compounds Prepared Utilizing Sea Bittern as Feed Stock,565d5861339b910f3979ee2b79029b8640a368caa0b769ae9f2db29322678829,1369
10.1201/b18511-104,On strategies of developing eco-tourism around Poyang Lake eco-tourism circle,fe2f981ea53d36804fadf77220301dc438e008eaadea0623c873ed2a27d232bc,530
10.1093/bfgp/elz041,"CRISPR/Cas9 for development of disease resistance in plants: recent progress, limitations and future prospects",41050f894278a516e2f5aed54c1d370fd05e4529591209398799ff16acd95e8c,888
10.4081/ija.2010.s3.7,"Sustainable Water Resources Management to Combat Desertification in the Nurra Region, Northwestern Sardinia, Italy",7e9bdd3fb5f72734937881327090e88352847a071a0bd86df94e95b87c89479b,1451
10.5846/stxb201905050907,Research on construction path optimization of urban-scale green network system based on MSPA analysis method: Taking Zhaoyuan City as an example,6a5479ce536820384d160859cc96a35d2b16789a8c969fd7fe5083378eec0fc9,664
10.1177/0042098015596925,"Why do the poor travel less? Urban structure, commuting and economic informality in Mexico City",40866eb81a146e2eec8349825d94f69523bf7f498ce7624142740eac439943ad,660
10.1039/c7nj01927k,Melamine modified graphene hydrogels for the removal of uranium(<scp>vi</scp>) from aqueous solution,a559d613d94432287cec209b1dba3247c1db5acf31a567a1260d68e8d7f53e85,108
10.1016/j.egypro.2016.12.044,A Simulation-based Research on Passive District,753c9e58e5767cbcd3cb5533992d2f8bb70c554e79732c714932286921083251,1012
10.1080/09669582.2011.553286,The sustainable integration of cultural heritage and tourism: a meta-study,2e8cc88d8118ec5549fd1a8b53bd3d8be6845995f4116e8113f445796d1a39f6,1509
10.1016/j.ijdrr.2018.02.026,Life Cycle Cost and Return on Investment as complementary decision variables for urban flood risk management in developing countries,539d893a6e4dbc693b753a9949b57f95a2d20e9d538a5276cf35e341ec82cce8,968
10.1051/lhb/2017022,"Hydroélectricité de forte puissance, autres usages de l'eau et reconquête de la biodiversité : une réflexion prospective sur les politiques publiques. Synthèse du séminaire du 4 novembre 2016",58891f4d61d343f4a449b93de9dfe839037db4ce18bfa974a0420f08e0e302bc,1547
10.22260/isarc2014/0003,Options for Sustainable Energy Planning for Australia,67c30190c0cd890ecce37adbc07c93af6960613a9ebf0de881be8956f746d3da,575
10.1080/14608944.2016.1244933,From a ‘sort of Muslim’ to ‘proud to be Alevi’: the Alevi religion and identity project combatting the negative identity among second-generation Alevis in the UK,e8ae37ec774baf21d44f46ab52d40537ca35ab8c95a4b4c2a35c45d2f52009d0,1031
10.1016/s2095-3119(15)61068-1,Soil carbon storage and stratification under different tillage/residue-management practices in double rice cropping system,b368a99ab3f6b092fa0d78061991717b46ffc5908dd893634a9b573ab2d09ce1,2117
10.3402/gha.v7.25856,Progress toward universal health coverage in ASEAN,d3859e3d8c0bf862cebe367751bddfd939bca42d2bbedaf51496a6a0ad976c1d,2721
10.1016/s2214-109x(14)70346-8,Health gains and financial risk protection afforded by public financing of selected interventions in Ethiopia: an extended cost-effectiveness analysis,e7691e990dacec1d987315e45ef3aefe5d5bfdef6206e0cced7375523c145ab2,2359
10.1080/17441692.2015.1114133,Perceptions of sexual violence among men who have sex with men and individuals on the trans-feminine spectrum in Mongolia,2b805ccaaf5333ade6a8cbc73e97dc1990067690d45ccd6635bcda1b7084b25c,1386
10.1080/16258312.2018.1486141,Greening logistics by introducing process management– a viable tool for freight transport companies going green,c6010ae43fe0975e15154bac586ffe9290ab40d419c7c7ec602d1a81ebc0382e,980
10.1093/jhuman/huu019,Between Insurrectional Discourse and Operational Guidance: Challenges and Dilemmas in Implementing Human Rights-Based Approaches to Health,92a6ad38575931b86a527f7b296106fe110c10a0ed662c25b662a36b96e25162,794
10.2753/jei0021-3624480210,"Social Entrepreneurship, Microfinance, and Economic Development in Africa",c083395623cca1910bcb5b33a8dbc55fdc230cf31bcae59beed65f5191b13dae,792
10.1590/2175-3369.011.001.ao02,Gestão do uso do solo no entorno do Rio Sapucaí em Itajubá (MG),469c91769e56359485196c2ec5867ca17e7352ba8763f60ea2aad41a4dec497d,1172
10.25165/ijabe.v12i4.4804,Environmental sustainability of grey water footprints in Peshawar Basin: Current and future reduced flow scenarios for Kabul River,9e3cb74718c39e2c7d79f4b819f116dbd857b4734edc9904a995486e70862c68,1536
10.1371/journal.pone.0165096,Effects of an Offshore Wind Farm (OWF) on the Common Shore Crab Carcinus maenas: Tagging Pilot Experiments in the Lillgrund Offshore Wind Farm (Sweden),0c322af0fedb8af20ed62a80e15c94a6f0b3f4ebd4dedf34a97161b11c83eaa6,1581
10.1080/15568318.2017.1340528,The equity impacts of bus rapid transit: A review of the evidence and implications for sustainable transport,2335c75633bd527c9cf9ebcf1065bc623fc6c2ae1d343800cc04f11b909cd333,1117
10.25035/ijare.07.03.08,Approaches for Beach Safety and Education in Ghana: A Case Study for Developing Countries with a Surf Coast,7c247e2bc3af0c3c20a9b6d13ccc075724b0e26e9eafe95b4d3e98c3b74e60fa,1014
10.1080/10286632.2015.1069823,Minority rights and anti-discrimination policy in Mauritius – the case of ‘Malaise Creole’,7111d88c8f1a81292b2c86909157afb6cae0dd97c28775e25e061b2c1d00664b,1001
10.1115/detc2013-12541,Function-to-Form Mapping in Design Synthesis Taking Sustainable Manufacturing Issues Into Consideration,7115ad3a9662d91c8193ed60bdc8b9066a8989ca51d59d6700fb25d6c39291c1,1170
10.1080/10852351003640625,"Sexual Risk Behaviors, Alcohol Abuse, and Intimate Partner Violence Among Sex Workers in Mongolia: Implications for HIV Prevention Intervention Development",ca6e28dcfd4b9f7d500026faf1acc805475fcfcb5f022512e06ce91e20c2c240,815
10.1051/matecconf/201815202005,Design and Optimisation of Home Scale Greywater Recycling Package,a101defec307ab3ef411b33d37db5a4dd4b04d5e718f537a91a24d196ab0efb1,1296
10.1111/jiec.12474,"Trends in Austrian Resource Efficiency: An Exergy and Useful Work Analysis in Comparison to Material Use, CO <sub>2</sub> Emissions, and Land Use",b31439d06c1373161a65db29a85fea9937eeb2ffc5f2993e9e9425ec4526ad0d,1013
10.3402/gha.v7.23591,The intergenerational transmission of intimate partner violence in Bangladesh,8c048074bec41aa181d67fb505d3d04074accb5a87d1cbcb70b59d1dbf463e78,1599
10.1680/udap.11.00032,Briefing: Re-Engineering the City 2020–2050 – Urban Foresight and Transition Management,e3c5bf349d694f4572f13a1172fff8ed180cbd8fb2e93bd186dbdea38ed959fa,954
10.1017/cbo9781139062404.027,AIDS-related mortality in South Africa,da571e0a86720ed99c4c7fbd013c053586a1257752fecd29fbfde9e21f9cd114,760
10.18408/ahuri-7113301,Paying for affordable housing in different market contexts,4ee1a43fbfaaeb9d15ebcfc703623b0b82c10f34587a823f98bf4e71e4c17713,213
10.1051/matecconf/201819302022,Development of Environmentally Safe Pharmaceutical Treatment Technology of Urban Territories Wastewater,c261c142bb32082ac5d3e938a24fde0f367a973f20e39afd7bdd86ace5aacfbe,1363
10.1061/(asce)wr.1943-5452.0000660,Comparison of Robust Optimization and Info-Gap Methods for Water Resource Management under Deep Uncertainty,9e4ccf2ab25118e9cfeeee16cfefb747ff501218143a2b4300c5d5f6ee653687,1565
10.1080/15623599.2014.967925,Reasons for adopting Public–Private Partnership (PPP) for construction projects in Ghana,99f9f5e96c45357919bdd240252f383d8819ef68c31aa6ae4eac79083db404dc,1318
10.1080/09593330.2012.671854,Evaluation of the environmental impact of Brownfield remediation options: comparison of two life cycle assessment-based evaluation tools,e75c3627e4dc3e066b0deb50747a203a37a8036df80608b2b6337d7118e1ca17,1705
10.3390/su7033430,Resource Demand Growth and Sustainability Due to Increased World Consumption,d5f62ffb4db393358ae1c6af3caa337ee34085c81f7cbf3c55adceded7e6da0a,1133
10.3390/ijerph16142619,The Main Drivers of Wetland Changes in the Beijing-Tianjin-Hebei Region,f19b7693e52785d6365b60f80dcc5bce300d4c1432e382e5e03297ece7d103bc,2133
10.1186/s12939-014-0082-6,"Health, equity and the post-2015 agenda: raising the voices of marginalized communities",a56b1fe7f7743f63c6fb9989e6808b95f17a076ee45ed8914f5db002ec13919d,1737
10.1080/17477891.2011.609881,Building livelihoods to reduce risk among the most marginalized in urban areas: Strategic approaches from Dhaka,ab8468272abf3b1a4229b6b3018b20638f6d62cae41c51bc4f0efbc208a55375,884
10.1186/s13750-018-0120-8,"What specific plant traits support ecosystem services such as pollination, bio-control and water quality protection in temperate climates? A systematic map",d1cf2d4e90f1deddd390103ac5ec9b8a4673efd92da3d0849509d6b1bece2120,2891
10.9770/jssi.2017.6.3(5),THE IMPACT OF MONETARY VARIABLES ON THE ECONOMIC GROWTH AND SUSTAINABLE DEVELOPMENT: CASE OF SELECTED COUNTRIES,9974840bdd9bb6ccf44ab9b11c6cc610c6d984f23ad504463f3420f895bf8aec,1350
10.5474/geologija.2018.007,Results of the geointerpretation research in the frame of the Danube GeoTour project,9d6d50993538b5fc4bc60964021a7dec16205510876987d32e95a304d0063add,2126
10.1108/s1571-5027(2011)0000024017,Evolution of Firm- and Country-Specific Advantages and Disadvantages in the Process of Chinese Firm Internationalization,8cdd9c7f0c0dbadf774554e411f97a63bfeb69b3ad5d5d4a6d5bcc0393c2c576,1966
10.5194/isprsarchives-xl-4-w3-51-2013,"Non-Traditional Security Threats in the Border Areas: Terrorism, Piracy, Environmental Degradation in Southeast Asian Maritime Domain",e4e756a801b9d962015a89e9e63ace8b52016b3b64703f1d28923db5be7682d7,2786
10.1163/15718182-02403005,The Prevention of Child Statelessness at Birth: The uncrc Committee’s Role and Potential,b5d0898131761318003d7311fb10b2193fd3359e7c5a70c1465fcd66271c3efd,699
10.1016/j.wace.2015.10.003,Building drought resilience in agriculture: Partnerships and public outreach,5d78007396ac7388da77796fa16591a283c696bf68cee4d5f4ce572dc33f6e7d,1177
10.1061/9780784413692.196,Locating and Quantifying Infiltration within an Agency Operating under a U.S. EPA Consent Decree,94625d58b68aef90747ba242a0a67be4d61875b38b3289a620681ab205bebe59,1057
10.1111/j.1574-0862.2012.00598.x,Consumption inequality between farm and nonfarm households in Taiwan: a decomposition analysis of differences in distribution,656049588c0839d5504f5b9716b704496defecaaa5262bc100518464df6fb9ab,941
10.1088/1755-1315/186/6/012005,Accounting Method and Application of thermal power generation’s water footprint,aebd6a50634e14068bc28db04d6a30c0b8fa7906eddcae10ae006eb7cf9c18e5,1465
10.1080/09540121.2011.555741,Parents and family members in the era of ART: evidence from Cambodia and Thailand,95d56af7ba1b73cee4d1d88e893685e3d5fa732f6378c6bbee5a8755cca10d5d,1553
10.1109/sustech.2016.7897154,Energy and environment in Indonesia,929c2a72d73f3085131e673c7752facf4ef60ae321ec0979eb7591fa95cf053f,1626
10.1017/s1935789300002408,The Prevalence of Posttraumatic Stress Disorder Among Adult Earthquake Survivors in Peru,83888ea37a12c0ac8da705cd32fd11e11801d3967d091dd1d0c641dd554780d6,1486
10.1002/bate.201110001,Nutzer‐ und klimaangepasstes Bauen — Leitbild und Chance für die globale Verbreitung von nachhaltigen Gebäudelösungen,7b0e85c59613b454424c69883c06f463e4dafcb5b2fa53ec1f463fcc61243077,2822
10.22096/hr.2020.121460.1200,"Sharia law, traditional justice and violence against women: lessons from Sudan",45d81d8eaee348c9bb493d0cdeacdb69d588bba2759571a516787f25ad92ca73,1274
10.1080/07900627.2012.712336,Economic approaches to water management in Australia,245cc5fd784f9c372d9c2adb38451c3db9d3826c9f49ba7e43eb5bc139abf1cc,695
10.1080/23744731.2019.1629243,Green infrastructure and urban sustainability: A discussion of recent advances and future challenges based on multiyear observations in New York City,df76e1b35895be934892ac22e1f0081eeb5325d0802a99d5926c35bf3050756c,1156
10.1134/s1064229318060121,"Changes in the Content, Composition, and Properties of Humic Substances in Particle-Size Fractions of Soddy-Podzolic Soils under the Impact of Long-Term Drainage",fc95f867bb239a11e7bf2e2ff956a712e6a5905020bbd213aea950589b39e3e9,2522
10.2196/jmir.1927,Association of eHealth Literacy With Colorectal Cancer Knowledge and Screening Practice Among Internet Users in Japan,227c488ddd1617145adf4703efdde5a4461a74bbbd4c4c272c43a4f92265554c,1773
10.1016/j.ijmedinf.2016.07.015,Barriers and facilitators to Electronic Medical Record (EMR) use in an urban slum,6e19080217cd9ddbe85bb91b1aa597d8d46741a642583532ed58b9c5455b977e,1938
10.1093/medlaw/fww036,Continuities of Risk in the Era of the Mental Capacity Act,bbb186e8b5b09f20d3071ad08de844233650bf400fc3f47bafe3461da538c341,1629
10.3390/su9020271,Adaptation to Climate Change through Spatial Planning in Compact Urban Areas: A Case Study in the City of Thessaloniki,dcc21456f17fd9de1024427ec389cd7078210470cc1dfe8964b4ad49ceaa7b4e,1293
10.4028/www.scientific.net/amr.250-253.1001,Evaluation Indexes System for Assessing Road Construction with Recycled Waste Materials to Achieve Better Environmental Impacts,b4237df478aec3328b2ddd33bbeb0a8c1225dd65313063b6a1a2e7b5b2c65204,1858
10.3390/su7043774,An Ecology for Cities: A Transformational Nexus of Design and Ecology to Advance Climate Change Resilience and Urban Sustainability,b1a1c162fa1cab012cd8c4c01870631c33841d4343b102d81a0397ef1ef1115a,1264
10.2134/2010.internationaldimension.c9,Trade Policy: Implications for Agronomy,b4d34cc14c538528551fdb4b847ba180e22b5c29fea2aa0dc47ecb226203eb7c,983
10.1109/cso.2014.133,"An Evaluation of Land Use Sustainability of &amp;#x0022;City Village&amp;#x0022; Reconstruction Project: A Case Study of North ShaPo Village, Xi'an",b8ff2317f9de4b226741792446b8a90e94b6c48587a5738f8cd6a62c766440c3,952
10.1016/j.ijgo.2015.07.004,Socio‐structural and behavioral risk factors associated with trafficked history of female bar/spa entertainers in the sex trade in the Philippines,23dc43d5a1cf3c95fb5f0649f0be131faca94b90efb9c5d1b0a063a971ece718,1523
10.5194/hess-18-1383-2014,"Relationships between environmental governance and water quality in a growing metropolitan area of the Pacific Northwest, USA",aef09eb4ec205c8c29176d372aee01c26f14a42228aa8710447c1c02a6be90b0,2548
10.1147/jrd.2013.2261213,A case for evidence-based levee management using sensor technology,bbcc0c16b5ed9344db1e39432ad8a6bab5cbf7a7ed163396efa74244cdc1a14e,1209
10.17520/biods.2018067,Researches on mangrove forest monitoring methods based on multi-source remote sensing,b487acf464bc7afec3bd24f442e9be28900e32ae580552e31f75b1af08f36e0d,1265
10.1126/science.1208365,The Technology Path to Deep Greenhouse Gas Emissions Cuts by 2050: The Pivotal Role of Electricity,e6974c6be912783d39ff1a64399da516c41d1a04942a7aec35f9efdc47e30760,962
10.1177/0734242x18757626,A systems dynamics approach for supporting regional decisions on the energetic use of regional biomass residues,06861316d01e721b9b26fa94e350f3734d7e2d8555ea39527c6c8ad1daed0e88,1831
10.1002/ajpa.22906,Biocultural perspectives on maternal mortality and obstetrical death from the past to the present,7dfdd5ba47ad7d38a1b4430fb37dc183e2d237b59521ca991ceaf4d9d9fe87bc,3071
10.1016/j.jegh.2015.02.002,Association between worldwide dietary and lifestyle patterns with total cholesterol concentrations and DALYs for infectious and cardiovascular diseases: An ecological analysis,3691a45c4101c877ead87ec024eeab434c0bd3d0581ea6d4222378065ccc4b33,1496
10.1109/icsemr.2014.7043613,Micro-insurance: A mechanism for women empowerment through self help group linked LIC,83137cb3f235dde49a2192bfd72e88fa3bc6504d0cfc27ad8028a9009f348ce6,1551
10.1093/jpe/rtz020,Establishment of mixed plantations of Pinus sylvestris var. mongolica and Populus × xiaozhuanica may not be appropriate: evidence from litter decomposition,cd3948828809eef9c71b4fd971e5924557582e645fdb5faedc48356beba57d36,2301
10.1007/s11250-017-1399-0,Practices of traditional beef farmers in their production and marketing of cattle in Zambia,217a97f243b51bdf2c1ea7cd33b52aef42d629f431ebfc93d56fcb5b5762d481,2032
10.3390/su11133653,Sustainable Performance Measurements for Public–Private Partnership Projects: Empirical Evidence from China,259b9527ddb738079521d60d3d343c45d9b47b11a77965e9643d4ce9d08a1899,1673
10.1002/jtr.1965,Should Cruise Ports Market Ecotourism? A Comparative Analysis of Passenger Spending Expectations within the Panama Canal Watershed,d1ce58ba4378095b20c162a895514e0fd71994823e04162b851241b71ca1d6c6,826
10.1186/s12992-014-0073-9,A concept in flux: questioning accountability in the context of global health cooperation,4524c21c44c317724973df12d324147f6999cee1f7ff5bae813e1e0264e057be,2472
10.3402/gha.v8.29415,University-level nutrition training in West Africa: cost and financing issues,1a2747604dd221081bcf4d04cfc7f92b49e21051307e72f33459f2e4f33202e0,2783
10.5846/stxb201109101329,Seagrass meadow ecosystem and its restoration: a review,6fb2f5a35b0d376068eb9990376d07337c02afdf64aadcfcdbc310df0d27ee30,456
10.1108/sasbe-04-2019-0059,"Impact of urban regeneration on commercial property values in Osogbo, Osun State, Nigeria",0232a3060b0b4e4dc8de3464542e34b0817ed47652cf35516f7dc4fe34159919,2169
10.1088/1757-899x/471/11/112007,Decision Support System in Public Transport Planning for Promoting Urban Adaptation to Climate Change,74b0340edea912f0bc69edd23def9074303a4310b90288ec293992f1e71780dd,1834
10.1061/9780784412329.197,Sustainable Energy Performance Indicators of Green Building in Developing Countries,a85b9f1fe8bebc0e951fa7fb6e2aaf9ece053a5d62e2e69654f158b781491610,1232
10.2166/wst.2016.373,Adsorptive removal of As(III) from aqueous solution by waste litchi pericarps,8bb43e9f82f4dcb4398f57b20be2c8d34c8c8601a83e56f35a613af2ff1597cc,1341
10.1371/journal.pone.0040575,Network Centrality of Metro Systems,b1336866564b393dc9378346663b0d002410668abe107570500da096afc49ecb,1558
10.1080/03650340.2017.1393530,"Effects of a ‘one film for 2 years’ system on the grain yield, water use efficiency and cost-benefit balance in dryland spring maize (<i>Zea mays</i>L.) on the Loess Plateau, China",180ad0f8753a0eb21f732f4278d6f46e86dacf636996ee5ca28bdb4e8f129a44,1287
10.1142/s0129183113500423,MODELING THE IMPACT OF SPATIAL STRUCTURE ON GROWTH DYNAMICS OF INVASIVE PLANT SPECIES,64b22e194aa7ee35a71db76da6fdaca14198a3301cc49dcad0b67cf617072971,1475
10.1002/jtr.2114,Measuring the sustainability of Cuban tourism destinations considering stakeholders' perceptions,22e9555dec9f4eb88f4b96717ed79a547486343622d3883e87b2424915ee98ff,713
10.1186/s12939-019-1051-x,"Long-term trends in smoking prevalence and its socioeconomic inequalities in Korea, 1992–2016",9774816ad6c4563db0fa13ca7e1082c9190bc555a876881d051cfa33efc81d90,1817
10.1002/eco.2056,ENSO and rainfall seasonality affect nutrient exchange in tropical mountain forests,54da9d22635545c0fd8370013d6bfaff3dec59b129590360be0f24d9a5999cfd,1706
10.1088/1755-1315/116/1/012038,Edco-tourism; A Coastal Management Program to Improve Social Economics,a8723148012f1a3b73faaf244701332029c4541a6ca7613d4cee9c5f81db9dc8,1678
10.3390/ijerph16234848,The Sustainability Challenge of Food and Environmental Nanotechnology: Current Status and Imminent Perceptions,14012fafdad85855737259e963fcc0e89e4c6b5326d703d040b33625bca8afcf,861
10.1177/1358229114534550,Obesity and discrimination,0ef867672c852182b476722c8012fce71bf850f674c08ea1221eeb9f8a9d7a7d,1257
10.1553/eco.mont-2-2s29,Short- and long-term effects of fire on the Collembola communities of a sub-alpine dwarf pine ecosystem in the Austrian Alps,ee0a57361559ab1f2a08537657af70e23c7a1fa952ffb1551a56c7cd01e20c23,1321
10.1061/9780784481073.016,Challenges and Way Forward in Chinese Real Estate Market: From a Public Resource Management Perspective,9f71c6dc9a307a4551050aa96fc52ba33e25720ea14254d3894c054bbbd4d4f9,1240
10.1186/1472-6874-14-98,"Simplified follow-up after medical abortion using a low-sensitivity urinary pregnancy test and a pictorial instruction sheet in Rajasthan, India – study protocol and intervention adaptation of a randomised control trial",90177b2094a79ed400009a782b1dd3579f4c02365ef3f65fb98c4ca60787fcf2,2331
10.1057/palcomms.2016.16,"Ensuring science is useful, usable and used in global disaster risk reduction and sustainable development: a view through the Sendai framework lens",e8622586ec69b45ac0502f9b543c148559776bb9e210ead446424042c968a6f9,1034
10.1080/17429145.2018.1550218,Asymmetric facilitation induced by inoculation with arbuscular mycorrhizal fungi leads to overyielding in maize/faba bean intercropping,2765e39ea17de6e01524374be414298045def9ded8bd57cb261348fd2533f2a1,1007
10.1080/02615479.2015.1066325,Transforming Social Work Curricula: Institutional Supports for Promoting Sustainability,db516b588ec4034f9facb72203fe3c386b83c7981c0d344636785c9ab87fd5e4,1048
10.1051/e3sconf/201913603021,Application of low impact development concept in the construction of Shouxian County,83d2a0deea8d76c92d122472616fbaa5e00d03fcc735bbc5723e334a3142f44c,1194
10.1021/es405792j,Toward a More Comprehensive Greenhouse Gas Emissions Assessment of Biofuels: The Case of Forest-Based Fischer–Tropsch Diesel Production in Finland,e268e3b329e5402703ff8986af706d0e34caacb120714682ea319d1cdd199e01,1385
10.1111/1477-8947.12068,The global partnership for sustainable development,b4dcdc5a2c4dfbf6cbb404ae5c3120a32a6aca07f6d6b6097b762784042d5e13,875
10.1111/muse.12132,Fostering Human Rights and Empowering Communities through Art and Education: The Case of the National Gallery of Zimbabwe,042e3a64a988e98ab8e55c04a3cfa8a2bec29e51dee9455383ffa62c792cc3e8,2209
10.1016/s2095-3119(12)60197-x,Cropping Pattern Modifications Change Water Resource Demands in the Beijing Metropolitan Area,0e31f98535cb1cdeccf4bd8518eea430cdabbbfc1ea1c34572dbcbeee65aa276,1635
10.1111/j.1467-7679.2012.00586.x,Cash Transfers and Children's Education and Labour among Malawi's Poor,3c8dc21b9f3f4aca6e074124b5cf51889df1c2d18b5bc702a7348072d7e4e592,883
10.4324/9781315183336-1,Editors' Introduction,03099ba1165b3d947becc4208c991092c98eb924a4d335ebea6f507badf78115,975
10.5603/kp.a2015.0235,"Multi-centre National Population Health Examination Survey (WOBASZ II study): assumptions, methods, and implementation",71b90c7e51bcdd55d4ee57bf1fb79af31f440980a5975c2186097e78da6d6f6e,2417
10.2514/1.c032854,Wing Tip Vortices from an Exergy-Based Perspective,573c4c1baf39b8bc22250edc58276f212f849ed9e7f2011c13a545e29f589825,1290
10.1016/j.egypro.2018.11.243,The Correlation between Industrial Organization and Sustainable Growth of City Cluster Spatial: A Case Study of Harbin-Changchun City Cluster,1a5c2859c70bccb54b959f2d09943e5d55dbbffe325047a1acafca200d1dff19,1192
10.1038/srep02846,How ecological restoration alters ecosystem services: an analysis of carbon sequestration in China's Loess Plateau,c02dafe015a3faad256f94d2eb5c070274f9186a7d805181dd8ce739b4cfc1f7,1118
10.1108/ijhma-01-2019-0004,The Two Million Housing Drive in Korea,b29c39b6afda343e868a89192b693c2617284a5474a826ac5dd7e447685f09ff,2664
10.1007/978-3-7908-2772-9_3,A Comparative Analysis of Literacy Rate in Contributing to Social Exclusion Insights,0eee4e3c27c14067152469cefe861148bdb63ae00df1155400e49ac5d99b0647,1516
10.1071/mf18342,Assessing aquatic ecosystem health through the analysis of plankton biodiversity,54d6b6ce6a978e150156c451f0c254698a98402e802df9bd5ec9deb855dc2a2d,1841
10.1111/dewb.12013,The Ethics of Engaged Presence: A Framework for Health Professionals in Humanitarian Assistance and Development Work,0fd20fc4e72f6eb3ea42ab10b0e62b7f910460f208bd89abe73948eb44fd1cca,1514
10.1177/0486613413487159,Policies to End the Gender Wage Gap in the United States,6f88fba7e3059a2d6e42b528bf8b3c4f380b3e02b1b5989deec08c02afd5bc24,556
10.1186/s12879-016-2054-5,It’s complicated: why do tuberculosis patients not initiate or stay adherent to treatment? A qualitative study from South Africa,17ee6a44dcfe7fd86c167ce3d0e41b1f3a30cced57acbf7a05773d271f802d91,1817
10.1080/00103624.2014.988587,Urban Waste Management and Potential Agricultural Use in South American Developing Countries: A Case Study of Chimborazo Region (Ecuador),3c8e1764d6ceef74d32333181801a41f4f21624afd6dba51ea2b27311e24b64b,1798
10.1017/cbo9781107298002.014,Slovenia,dc9594f73825b4311038f7dd26fba2accc3761a91383ffe721b03cc61257e97e,159
10.1111/j.1468-5973.2010.00633.x,"Surprising Answers to Rising Sea Levels, Storms, Floods, Desertification, Earthquakes and Ever More Environmental Crises in California's Sacramento‐San Joaquin Delta",b457d89f8b2845637d8ff91ea39d847fe565048e68d8228f89a87ad4f2da1d8a,1111
10.1108/14468951111123319,The interactive effect of remittances and civil liberties on investment and consumption,c0d278ddd1d0730d58c702d4c52c4adf6d52f09e9741ebbcaeb5c39e8cc46c7e,1559
10.1371/journal.pone.0040103,Peri-Abortion Contraceptive Choices of Migrant Chinese Women: A Retrospective Review of Medical Records,323aeab0d7fcaa6c9156056a4110aa7487cef053811f4b6a9f3e655acd6d7227,2076
10.3917/ridp.813.0493,Overcoming the Challenges to Accurately Measuring the Phenomenon of Human Trafficking,522f24b271e1824bc30196561a9b0b04724199fb1fb9f3e67bf4e934d6430998,842
10.1080/00207543.2016.1211342,Environmental impact of warehousing: a scenario analysis for the United States,c2a3c68e7d43555f41bf66737c2d82825444a7e5c77ed2b7f5f904b7d2494257,1690
10.1007/978-3-319-50972-3_9,The Contribution of E-Government to Primary Industries and Rural Development in Pacific Island States,4f355f4b3177c9bf268401541609bb143ee7be996594e56e080bca761740b08e,1468
10.1108/nlw-08-2016-0061,"Digital literacy skills possessed by students of UNN, implications for effective learning and performance",f44ba770df872139966fdaaa9be1bbf9b3db8de885c4a500ca59aaae86cafb72,1990
10.11118/actaun201462040729,GDP Structure and Economic Performance in Sub-Saharan Countries,f780def008cd6d4d7c1127b25775ce5a3caad7cdc479afa5e76a5840db902ce7,1582
10.1186/s12992-018-0435-9,Toward a global health approach: lessons from the HIV and Ebola epidemics,3a3d85e8b6ca8f290aa34d882b51543a77f134cc92e381dea5bfdc288b07d8cd,1779
10.1515/eko-2017-0013,Multi-annual and seasonal patterns of waterbird assemblages in a Mediterranean coastal lagoon (El Mellah lagoon) of Northeastern Algeria,9cbc28c7c06969324497bcde63272da0cf7436a839472229524a17f5c5795946,1616
10.1017/cbo9781316157763.012,"Climate Change, Sustainable Development, and NAFTA",dc9594f73825b4311038f7dd26fba2accc3761a91383ffe721b03cc61257e97e,159
10.1080/15567249.2017.1324533,"Energy consumption, tourism development, and environmental degradation in Sri Lanka",61ae34961f4c0cc3d4d60f443b59dd3e0be256bdefccb4993c8f4b79bd3f0169,957
10.1109/igarss.2019.8899328,Urban Roads Network Detection from High Resolution Remote Sensing,8e465cace153f8d594161d4b4bfc5c77f11c9f00856df2b52e341a36ced2e877,623
10.1504/ijtp.2018.092476,The importance of information in the destination on the levels of tourist satisfaction,999963e386d3e25adcfc9996cc42e0a0ac877bcbe3632f5456f7b01df12ec4b0,1124
10.1080/15568318.2016.1149647,Impact analysis of airport infrastructure within a sustainability framework: Case studies on Hong Kong International Airport,dac5941063c73524cd69422c45b5d9358cb328722531bb1b1374be2ce5c014df,1560
10.1505/146554814811724748,The future of plantations in Africa,a29c804ad13cf1d24e9bd979374d5a978ef591c508cefcef4509c1f4db156b05,922
10.1002/ajim.22066,"Fifteen years of occupational and environmental health projects support in Brazil, Chile, and Mexico: A report from Mount Sinai School of Medicine ITREOH program, 1995–2010",be354f31ea29110df6a935543a37dba0c058fec500bc7f04b971886885174a8c,1506
10.1111/j.1574-0862.2010.00511.x,Macro–micro feedback links of water management in South Africa: CGE analyses of selected policy regimes,b874e567f7c9574757935cdcaa565b42475d42dac01ca4d3eb3943986fd4adc6,1502
10.22459/her.22.01.2015.07,"Urbanization, Slums, and the Carbon Intensity of Well-being: Implications for Sustainable Development",26ad1d068ac54da351766c19563175ccf5ce5bc25e6d40055e7ee67061270080,1118
10.1007/s13149-016-0508-z,Étude de la préférence des usagers sur les stratégies de développement de la couverture sanitaire universelle à travers les mutuelles de santé dans la région de Ziguinchor au sud-ouest du Sénégal,e36b0ba0be86b35d998d04e29d2a9d90e843c3c57b5f6fdae313eeb767dcdc47,1886
10.5846/stxb201304250809,Transnational Land Use and Its Potential Environmental Consequence,9dff0e207bcd334944eb4dd18d7d080fe809fd84972ca469e6610eb56f28187c,253
10.1016/j.socscimed.2014.10.042,"Inequalities in institutional delivery uptake and maternal mortality reduction in the context of cash incentive program, Janani Suraksha Yojana: Results from nine states in India",4a77c30895c6ab7e849db6f1beabbc01d4e94ae076adc7cd970e704188bca75f,1984
10.12895/jaeid.20191.928,Climate change and farming systems in the region of Setif (Algeria),dc4c6a7dab8241b6c55dae79e5d36910155bca76250aff96cd51500d218915d5,1624
10.1109/isgteurope.2017.8260261,A holistic study of energy network hybridization in a Northern European City,59c70f4486a4e0c1a3178c9e6bc78da5f2d1c60fe6fc15c6f71d1f47a11a5b5f,1469
10.17660/actahortic.2011.906.15,POSTHARVEST TECHNOLOGY OF TROPICAL EXPORT PRODUCE: RECENT DEVELOPMENTS AND CHALLENGES OF A FUTURE FREE-TRADE WORLD MARKET,72a8eee1c8ca6ede79ddb44ec4e60da74950940cb77ebfe1a6cf9497095b9c9c,248
10.1080/15361055.2019.1603499,Overview of Fusion Engineering Research in Japan Focusing on Activities in NIFS and Universities,edce05b2b2509d95a095775434e87ce56e002a1a030ea0b573222d382891bc58,1119
10.4324/9781315885650-14,Tech Support: How Technological Utopianism in the Media Is Driving Consumption,92455fb1cffbed5f89796238eb92d193eee95c194262dafbb4c421bd6eca596d,1744
10.5846/stxb201809141989,Biocapacity and ecological water demand in Shule River Basin over the past 20 Years,febd1006b9b41a05352018a876dfe5e622ca233e842bdf3c3bc7bdbc1eb38817,527
10.1007/s11111-010-0104-2,Drivers of land use change and household determinants of sustainability in smallholder farming systems of Eastern Uganda,d75254f765b43a9249274f97929c4de385eafd5a376de60e95844cbcdea38ac8,2090
10.1080/03004430.2012.671816,"‘It's all about Ben10™’: children's play, health and sustainability decisions in the early years",a038ac563e5fdff07e748fc2bad28c146928ccf6217b5c8f4d7a079681bc5d32,846
10.1177/1078087415596848,A Strategic Framework for Building Civic Capacity,e0ab344ac55b17bd713787928fcaa9ab54d3626e83e6ae9ee8897c24f45295b5,755
10.26687/archnet-ijar.v12i1.1409,ENHANCING CREATIVITY AND INDEPENDENT LEARNING OF ARCHITECTURAL TECHNOLOGY STUDENTS THROUGH THE USE OF A REAL LIFE DESIGN COMPETITION MODULE,f31f00f74020a089b020518006d34b542af2b1e187a32fffab8a16d22d8aa85f,1308
10.1186/s12914-019-0210-x,Studying the impoverishing effects of procuring medicines: a national study,167982fed3b7d52a38f696fb8283c4c9c22cc368c144e489c67481228f003d5c,1400
10.14419/ijet.v7i3.25.17470,Evaluation of Structure and Accessibility of Public Space Network in Kano Central Area with the Bid to Promote Urban Cohesion and Sustainability,7fe85558f87acf07b82f5bdea3fc608c8306d34772b9e327252566f98efe125b,1670
10.1016/j.envint.2018.06.026,"Mentir, ¿para qué?: Un acercamiento a dos Novelas ejemplares de Cervantes",918551d4b99dfe4682c5fc1525acd4385e007885812012b52b6aa90ad0a034cb,1667
10.1089/jwh.2010.2083,Global Women's Health in 2010: Facing the Challenges,7fb56ddd00c36505a7c6ffec1a7914a363a529639248f8d7424fe2bb83336138,1041
10.1061/9780784412848.162,Risk-Based Decision Making for Sustainable and Resilient Infrastructure,83ebbc2e70e27c0b11485e4ee728aa6716766df64b79bbfd0783d1c29baf2946,1518
10.1371/journal.pone.0192515,"Combining radar and direct observation to estimate pelican collision risk at a proposed wind farm on the Cape west coast, South Africa",e8a691b1a519cec06117d9fc11e6ac0f755200bd7ff81658c74ead8c8cb7c1cd,1987
10.5194/bg-15-6399-2018,Ideas and perspectives: Tracing terrestrial ecosystem water fluxes using hydrogen and oxygen stable isotopes – challenges and opportunities from an interdisciplinary perspective,a559ccf8e92b69e85edce86a9ee00f9fd36354c287d68a146d13ac3465215e5c,1278
10.15446/dyna.v86n210.77022,Agronomic performance of colored cotton influenced by irrigation with treated domestic sewage and potassium fertilization in semi-arid region of Brazil,3f8d11ce269a2833a1eb924fba0ca25cc4cb31920a60c49d157c6cc2d13d8217,952
10.1505/146554819826606577,Analysis of forest change and deforestation in Turkey,8f736cec93fe8cb65e3f6bc9cf6395fbc68b35d31025e1702d09ceb51ba1cb85,1244
10.1017/cco9781139060875.015,The embryonic sovereign and the biological citizen: the biopolitics of reproductive rights,b4a19bbea8f5c772f882cc0c0707b125112389eafc8265affbc8a48933f761c3,852
10.1055/s-0036-1572438,"Emergency Contraception: Two Steps Forward, One Step Back",e7c3afc552cee77602608ad58561068d7f99cea06bbbca4051385657e56850f0,760
10.7818/ecos.1314,The role of pesticides in pollinator declines,e424d9fe044d954b93c575ab0f0d50b7b645912d5ef54bceabd58954f8026ffb,1190
10.1093/heapol/czw169,Interventions and approaches to integrating HIV and mental health services: a systematic review,557f0e52f94d5549f389735e62874b658ab27c88a37b74f3810d7a4cbf59f5e6,2396
10.17645/pag.v5i4.1070,Dispute Settlement for Labour Provisions in EU Free Trade Agreements: Rethinking Current Approaches,27fcc66cc492fee10997c6c92c9caa1120d4f1fae6e2ee220f761fd943a1e10c,1891
10.1111/mcn.12091,Psychological distress in mothers of children admitted to a nutritional rehabilitation unit in <scp>M</scp>alawi – a comparison with other paediatric wards,efc2e225f94cfad7d00c8f10d54c9d8e7d42b82faaa1f68969f4ff93b743c119,1666
10.1177/0033354919854479,"Reports and Victims of Sex and Labor Trafficking in a Major Midwest Metropolitan Area, 2008-2017",32f68c8955d5b95d07af1f420c86fa10199ac47bba8a2862a2f11cba6927f2a9,1786
10.1371/journal.pmed.1002032,"Prices, Costs, and Affordability of New Medicines for Hepatitis C in 30 Countries: An Economic Analysis",67d6d40556b6af9344b9af756299467c13f6c6297a300c10e58a29d017aeee29,3451
10.1002/ps.5508,Removing constraints to sustainable food production: new ways to exploit secondary metabolism from companion planting and GM,7a728fdbbba5e831b5ccdfffe59897071838ec189242b6e15d6677426863d5a9,1913
10.3390/su9122195,Physical Geography and Environmental Sustainability,83b6f5f7b454d3b1761663b95ece460622c65f1b4d10bfb94dd8ac3b68cf044f,1219
10.1108/whatt-01-2018-0003,Conclusions: managing tourism sustainability in mountain destinations,8e55468c203c7494479800976313ca53407bdb020d3c623dc3f21d88d60096a2,1348
10.1371/journal.pone.0169763,"Formulation, General Features and Global Calibration of a Bioenergetically-Constrained Fishery Model",413a24151cd4bb6136141309ff451e176daf3379ec40483229c990340e9c81e5,1960
10.3390/w9030206,Societal Drivers of European Water Governance: A Comparison of Urban River Restoration Practices in France and Germany,79d5f0af0c9e84adcac13edb7a670e515b1a21d18cd87671531c18786208b071,1386
10.1111/oik.05946,"Towards an urban marine ecology: characterizing the drivers, patterns and processes of marine ecosystems in coastal cities",4839187ec58f7a8020c03c02ba8616cd43f3ccdbd6723e690605003b67f9328f,1842
10.1177/0957926513503536,‘1L=10L for Africa’: Corporate social responsibility and the transformation of bottled water into a ‘consumer activist’ commodity,03422311e0528f6ba98c3be5294ffdf4213fe2b3c98ffef7929d8eccf32a0592,1361
10.3763/ijas.2009.0468,Sustainable urban agriculture: stocktake and opportunities,4d285be0e9a9d7385689faf8e9b33cb094dafc73d9405ed60ec78e93c6793ea7,996
10.1016/j.breast.2011.02.015,Breast cancer management in middle-resource countries (MRCs): Consensus statement from the Breast Health Global Initiative,f1ab128b7b142304f2cbceabc69a12bc96b81b0c1f4900d02138d6882df94150,1530
10.3389/fbioe.2016.00086,A Comparison of Molecular Biology Mechanism of Shewanella putrefaciens between Fresh and Terrestrial Sewage Wastewater,7982a7ccec62dc30f84fbac9436be73cd0ec9ee7cb1a66dad76bea5906d18c02,2237
10.1016/j.socscimed.2014.03.016,Pharmaceuticalisation and ethical review in South Asia: Issues of scope and authority for practitioners and policy makers,0e39f3032bd71b2cb817736bc2de3cf18f497759ae1db81f9de3e8d070877822,1449
10.1111/ppe.12117,"Effect of Supplementation with a Lipid‐Based Nutrient Supplement on the Micronutrient Status of Children Aged 6–18 Months Living in the Rural Region of <scp>I</scp>ntibucá, <scp>H</scp>onduras",2c474d91ecd351c76075b05bb06361b6424f9949f212a780ae59f29beabfff41,1651
10.1001/jamainternmed.2013.845,Cognition and Take-up of Subsidized Drug Benefits by Medicare Beneficiaries,1e4635f2050f774a320d10e8657c53bfebf0480b866205cfd4a5e9eadb176152,2244
10.1111/j.1748-7692.2010.00429.x,Insights from life history traits of Risso's dolphins (<i>Grampus griseus</i>) in Taiwanese waters: Shorter body length characterizes northwest Pacific population,07f454e33c3bd56a19f6d70be26a1b4dfcd84c5d0a7ace5e98e3ccbacf4116a0,1304
10.1504/ijta.2019.098105,Rural tourism and residents' well-being in Cyprus: towards a conceptualised framework of the appreciation of rural tourism for islands' sustainable development and competitiveness,fa3aa53632018056c4e7016b1b9c7d9bbf9f7df2f132746a41e7e213b6d5c214,1141
10.12688/f1000research.6123.1,An open ecosystem engagement strategy through the lens of global food safety,dfd4c6c8c6364b8afd53615f2ba7e9087d75693ab0899a00532f765aebec4263,2008
10.2112/jcoastres-d-10-00166.1,Aquaculture Potential of Mexican Coasts,6e16a7880a70797000a2fd72dc0ddbca425a735489b987d11a7c51eb479f608e,1197
10.1080/19962126.2012.11865047,Seek Justice Elsewhere: An Egalitarian Pluralist’s Reply to David Bilchitz on the Distinction Between Differentiation and Domination,ea901d45165527e548ffc719dd395dc64dad50b7abfda2661f7827b6730fb50a,3476
10.3390/w9110837,Assessing the Viability of Sub-Surface Drip Irrigation for Resource-Efficient Alfalfa Production in Central and Southern California,f3fd3c004232f2d56cd91f7dd214a420556efd80d6e0197927464c2ca2ef9559,2059
10.1002/pts.887,Sustainable packaging design: a holistic methodology for packaging design,77f8f10ca14c9be80eb8b5350b92b0867104926fa129f25ac6c3516e351a64e4,1748
10.3390/ijerph16091647,Synergetic Relationship between Urban and Rural Water Poverty: Evidence from Northwest China,c2bdfd10deacced6918894c3b8a022d97aa24e16de1adc696db39c2799e51cc2,1491
10.1504/ijetm.2018.100581,The impact of economic performance on environmental quality in developing countries,bfb83c27d7fc0e03a1d4c60a32357d533fd0b94f427b5ca434dc6ae5ec161db7,1361
10.1061/(asce)sc.1943-5576.0000239,Implementing BIM on Infrastructure: Comparison of Two Bridge Construction Projects,8e66182f4ecac80205e5b208c9c558a916a44eb3178d395d0be835044e204c11,1960
10.1080/14728028.2016.1153435,How by-laws and collective action influence farmers’ adoption of agroforestry and natural resource management technologies: lessons from Zambia,d1a940939628d66b3c0e1bd10c7d1422084ef620cefa129e80ec6c80d3706505,2082
10.5194/isprsarchives-xl-7-w3-1497-2015,Engaging the Applications Community of the future Surface Water and Ocean Topography (SWOT) Mission,75fd69fe874e1af5580701343ec37df7323efc774091963b2da061e86b7dd762,2059
10.1017/s0001972018000712,"‘The peri-urban space at work’: micro and small enterprises, collective participation, and the developmental state in Ethiopia",849228f1aa6d53f0bdbab5861cf3221a6a7ea3e92326df74f5045289c3ced923,1425
10.1007/s12553-018-0232-8,The development method of bioremediation of hospital biomedical waste using hydrolytic bacteria,c3642e4b3d987f9801b35ebb9b2e4ab854d6b7337eb2e79d87e8400c963be24e,1823
10.1002/grl.50179,Regional climate impacts of a biofuels policy projection,5a46a422b865ace4eada6aae37f3fb564f538e91275575c7f89c6bfc1c695c6d,1433
10.1061/9780784413364.012,An Optimization Method of Transportation Network Design Based on the Concept of Sustainable Development,daec39934daebd1b66bd30db17c52fdd15f31358f7f3479aae2907d999efdddc,1163
10.1017/s1478951509990976,"Childhood trauma, attachment style, and a couple's experience of terminal cancer: Case study",cf890ade320b791372a4139da2d34ea405b03f92207967e24be671da5396d911,2088
10.1177/0016986210397831,State of Research on Giftedness and Gifted Education: A Survey of Empirical Studies Published During 1998—2010 (April),8baa1317c1fde850a61193ef88e1ae5456682098f86a9e1f328cf674d8f4b237,1317
10.1080/00028487.2011.557018,Increasing Regional Temperatures Associated with Delays in Atlantic Salmon Sea‐Run Timing at the Southern Edge of the European Distribution,7bc8e2a0313793335b1474de92995b1e0ceba1fa51eb405d603308b31189aaa2,1186
10.1111/j.1755-263x.2010.00122.x,Land conversion at the protected area's edge,b546dcced2e1355becc17d9e069e464fb8487ccd883fb424ecbaa9d07a880a2c,1058
10.21077/ijf.2018.65.4.80126-19,Depredation in gillnets operated along the south-west coast of India,c5b83b3b5cb02349caba566e14885a411fa600ba6cf555ba758ced0e7e7795b6,585
10.1001/jamainternmed.2014.292,The Relationship of Health Aid to Population Health Improvements,74d4e2fb79c5fca4d438db358226e19b5b8e102fd8cefb30107246765ce3cd0f,2180
10.3917/rpve.504.0031,Stratégie Europe 2020 : quelles implications pour la mesure de la pauvreté et de l'exclusion en Belgique ?,a38c7c2678405ac5c5ee24a874e38b14b9c7a5d591e928a42acc7e1736b552b6,458
10.2166/wst.2012.550,Anaerobic co-digestion of sewage sludge and primary clarifier skimmings for increased biogas production,e600c29626f1a59659b416289d0fb2922521f664979280ffd1257501ec6d33d9,1247
10.1016/j.apgeochem.2017.02.006,"Human-accelerated weathering increases salinization, major ions, and alkalinization in fresh water across land use",68adad46d5e5381ea0714cf93e7b2dfdb340cd3f2cc8875d24e43b4f5d79406e,320
10.2753/ced1061-1932470102,Going Global,8c4f691971febd0e2e2c025abf98ea1f3b1ce7d2ebe5bc3e8d701a27ce831e35,2068
10.1016/j.envsci.2019.02.004,Rice intensification in Bangladesh improves economic and environmental welfare,5c2e19f3ba5cf4bbe4dd850a670c815eb88141342939487f2e5f9a4e9850d28e,1865
10.15446/innovar.v24n1spe.47615,Modeling the Financial Distress of Microenterprise Start- Ups Using Support Vector Machines: A Case Study,ff3e35e720e5c42e4f8d936c9fd5ed88755ddb016baf564484c98cbcfc338854,1398
10.1080/15595692.2015.1010640,Suturing Together Girls and Education: An Investigation Into the Social (Re)Production of Girls’ Education as a Hegemonic Ideology,894f830f785660ee7da825423e324297a520be144388251d96525bce97f03dae,758
10.1109/tem.2011.2171055,Single-Machine Sustainable Production Planning to Minimize Total Energy Consumption and Total Completion Time Using a Multiple Objective Genetic Algorithm,12e0e65d82a238a7570742c46502f255986f7f60bfc75e2d17d97e553596785d,566
10.1016/s2214-109x(18)30450-9,Implications of scaling up cardiovascular disease treatment in South Africa: a microsimulation and cost-effectiveness analysis,be54f513891464f2e6b647810d939300eea4c6dd794a4067e3338e40f75c3c8a,2761
10.1063/1.5027957,Life cycle inventory of oil palm lumber production: A gate-to-gate case study,8c646192cf9022bcd9c07e6019106c1e742da91264f80f3c5e05d09f0506662d,1666
10.1002/dys.1606,Twice upon a time: Examining the effect socio‐economic status has on the experience of dyslexia in the United Kingdom,41e9bc6cfe16c2ffdac520c0a8df04e72229e890acd8af8622051ad11c67876a,1202
10.1504/ijgenvi.2014.064498,Urbanisation and sustainability: the role of the spatial allocation of property rights and public investment,c9f0ceedbf5db6211df1786b428f07cf1332c0d1fc3b076a0153f0a2596a3171,997
10.1115/ihtc14-22856,Phase Transition of Partially Miscible Solvents Induced by Heating Cycles: Application for the Remediation of Contaminated Sediments and Sludge,bb7a2926edb50b2881ddc05b6b142c7a2e68c428f2daae43a4e81e28406790d0,1447
10.1146/annurev-criminol-011518-024623,"Assessing the Power of Prostitution Policies to Shift Markets, Attitudes, and Ideologies",ba884cc2054db370f6fc304d7fa4eeddae201530ef450e3dbe55d44a406c72fc,1415
10.5846/stxb201403280580,An ArcGIS-based evaluation of groundwater vulnerability and analysis of its spatial structure in the lower reach of Liaohe River Plain,a62d1833392b0cac583cecd146a77b1d039923cf2aec13db9ae9c0c041e6d2e8,460
10.3390/su11205712,Building Regional Sustainable Development Scenarios with the SSP Framework,db88d810d8b235bd1323ee19d88551d59e5493a618240750865e08fc3e55d043,1283
10.1111/gcb.13548,Precision wildlife medicine: applications of the human‐centred precision medicine revolution to species conservation,01396a57711e438a2cc027fe5c7e8e06ad2a1099ae9ac4a93db07f79192ba25a,2009
10.3917/edd.324.0027,"Développement du secteur financier, chocs des termes de l’échange et volatilité de la croissance dans les pays à faible revenu",3e9398d26f0082672da09b3f239cc2118d676ca884aeac64aabd92e358e54771,1283
10.5194/isprsannals-ii-2-w2-169-2015,Analysing the Sustainability of Urban Development: A review on the Potential Use of Volunteered Geographic Information,1e85e6b5ad73ee179f5ac71f40f97148d0c18f0f450a2ae3fbc65d83e88eedf9,1289
10.1126/science.aay8060,Comment on “The global tree restoration potential”,7cbfeb747ff0744755a7121c7ef44dfdfd150dc45b674a484feae762c933c2b7,378
10.2495/cp130051,The urban metamorphosis of La Manga and the “mediterraneanisation” process of the Mar Menor (Spain),44cdb970c970acff6eb8139a94dae1e36e1fe9f91c62ae17510bf87e94ab68fc,1424
10.1111/j.1467-9299.2010.01895.x,WOMEN IN UK PUBLIC ADMINISTRATION SCHOLARSHIP?,52cd3268594ab660918fb8cdcb7abbf89a014e63179e290b0e6ed66834ca45b4,718
10.1111/conl.12683,Alternative pathways to sustainable seafood,7a8f5dd8f15bb87f0a7b3883acaceb65eb037474c9a7a7bc841a1a54b1fb1972,1433
10.18352/ijc.416,Governing large-scale social-ecological systems: Lessons from five cases,3e661d1ad478a7a3f161eb0412d56ebe35679300f592c3bb36259914273dbaad,1521
10.1088/1755-1315/234/1/012043,What if there were no food aid and food import: food insufficiency in Africa from the perspective of self-sufficiency,583c4992e3ad104cd2fa56f17b584c247f9b0eb3371eecf6eddd7429ef22bd83,1997
10.1186/s40168-019-0652-3,Proliferation of hydrocarbon-degrading microbes at the bottom of the Mariana Trench,24b549f1822e912ba22bc984bb64c0478821cafec4a0850600827f307796a8ed,1982
10.3109/09540261.2010.535509,Meeting the Millennium Development Goals in Sub-Saharan Africa: What about mental health?,7dbc07fb75276f870c13a0c3c353faef2775c8e83cfea9e1235812ae17616f02,1302
10.35940/ijitee.i1008.0789s219,Role of Augmented Reality Applications for Smart City Planning,8729471e74e35016773fdebf30f8d7cc7efd341f5186d9bb58e650947ce4ca29,1184
10.1108/dprg-09-2017-0050,The governance of spectrum: a possible venue of accountability for global telecommunication,5835709e6306ed3df110d12e572550a5aeec64eae834e93ff4efc4b251095fb9,2535
10.1007/s11367-015-1003-7,Cradle to gate: life cycle impact of primary aluminium production,75a99b53fd9d935e220a3a62d19654ecaa1fec7da5b9de166e18af894b5d1a78,2806
10.1097/mlr.0000000000000746,Associations Between Perceived Race-based Discrimination and Contraceptive Use Among Women Veterans in the ECUUN Study,cacf965d5dcc85627eb3aa723ec6567a77eb0fc6bd625797b6bcdf8ffacb0cd9,1913
10.2112/si73-134.1,The Relationship between Marine Biodiversity Conservation and Poverty Alleviation in the Strategies of Rural Development in China,40d5cb5efb51e25d8ac62f9e164a29678cf7ede7c702918eb5e33b69350beb59,1253
10.13031/aim.201901368,&amp;lt;i&amp;gt;Peanut Threshing and Shelling Machines for Community-Based Peanut Enterprises in Developing Countries&amp;lt;/i&amp;gt;,0b54011cf52e20e27bcf2e25816f358e0164d3898337d21b53fa6a72ac4d35de,1724
10.1109/icise.2010.5689795,Study on the management of marine industry based on ecosystem,aee3411c140bdd63a1fdfb2578547d4e7182e5ac87eb7c23408fdd0a1068028c,1095
10.1093/lawfam/ebu001,Conscientious Objection to Performing Same-Sex Marriage in South Africa,6bceeaf33013408faf7260e0de2d3bd0deb2052e01533a62124762d6081631c5,476
10.1080/00380768.2015.1017439,Ecosystem Fertility: A new paradigm for nutrient availability to plants in the humid tropics,50ef4beedd9d032fd8f158e865ce48a67fbb9d45d6c886f5aafe2e196fee8e15,1681
10.1017/9781316534502.007,Productivity growth in India under different policy regimes,6186edcede591e7138fdbce594414ec6bddee00673c2ea6442f5c1b45c2c8d2c,1418
10.1109/smartiot.2018.00056,Application of Blockchain Technology in Smart City Infrastructure,e8b91b89c7abeb80ecc59e2080c9a310c747fc49098b7e90c1d349b81f1af2e3,1857
10.1007/978-94-007-7061-4_7,Targeting the Poorest and Most Vulnerable: Examples from Bangladesh,b29b699a31d2ec3df628850f6aa1f5d437b60867c9ed2800719fa72a8eb55499,675
10.33403/rigeo.505236,Mobile Phones as Gold Deposit–Students Explore Sustainability in a Hands-on Project,911212b57deabcf92067ad4adfc7c96b2d7054ad408f4935a89a5db4e5ba5449,1659
10.1111/jog.13634,Global human papilloma virus vaccine implementation: An update,313680b64304b9b3ae201d04adb113845aa54a7ed56aa1b961c717788d66bdac,1541
10.5751/es-09817-230146,Drivers of illegal livelihoods in remote transboundary regions: the case of the Trans-Fly region of Papua New Guinea,39b37f44bb0350651058aceda7f6c9a5b34942fa598293b94f92901bdd807e25,253
10.1108/ijlma-12-2012-0040,UK Bribery Act 2010: implications for business in Africa,2e294bf2de9941f55f701e4ef9c9e0f586f108f57f0fa09c00aefc17dd6c0083,1737
10.1186/s13690-018-0299-8,Gender disparity in epidemiological trend of HIV/AIDS infection and treatment in Ethiopia,b494eafa50000f0c11f8c06931a02c4f5c4fa6d4118151f81b1ff90e882e9702,2258
10.3390/su11174814,The Zero-Energy Idea in Districts: Application of a Methodological Approach to a Case Study of Epinlieu (Mons),bdfa2c21057c440b192f74062200794fc14f73e7658d4b2f57facc333467fe46,786
10.1111/1365-2745.12749,Cross‐scale interactions affect tree growth and intrinsic water use efficiency and highlight the importance of spatial context in managing forests under global change,4701444cc9d5ccfccadf6b76d4b3922926dec2f3b0be99c580235766c8eb093d,1849
10.18488/journal.aefr.2019.94.450.460,Reassessing the Efficacy of Foreign Aid and Grants in Poverty Reduction in Nigeria,3de2794697f4fd81c88256d982003e0788f3017e1603e0b54f6c79831e1a5660,1097
10.1073/pnas.1406689112,Crop rotations in the sea: Increasing returns and reducing risk of collapse in sea cucumber fisheries,828c8f4d32abef924a8175fc85c6cdd60a3aa27fc0133543dba75cfd0c5e7a35,1273
10.1051/matecconf/201819203063,"A complementarity-based equilibrium model of biodiesel market, in Thailand",6cc8484110413c42a45c838453cba49443fd252bc6fc613acbfee848ae14ca0a,791
10.1111/j.1439-0426.2010.01494.x,Studies on impact of the alien Red King Crab (Paralithodes camtschaticus) on the shallow water benthic communities of the Barents Sea,2540f058eccb69dee04ff809648a32a79fb9f8649906723c485e019009c54bc1,2473
10.2174/1573401310666140306225243,Biotechnology and its Impact on Food Security and Safety,e3c30b3b49e395c1433d3b89cc931467276846fbaf9247944e77f6c7bf33789b,2569
10.1080/13691058.2018.1448113,"Young Africans’ social representations of sexual abuse of power in their HIV-related creative narratives, 2005–2014: cultural scripts and applied possibilities",faa0f1abaa9930fc5010d1e83bfaa2d139451776efc8969a9612800449a194ea,1408
10.1111/ijs.12408,"Unemployment, Government Healthcare Spending, and Cerebrovascular Mortality, Worldwide 1981–2009: An Ecological Study",cbe4984750f09050b5c78d5c625ced338cbecf59fc7e4d785c4d3df2103d4a33,1929
10.1088/1748-9326/abc5e6,Dynamic life cycle carbon and energy analysis for cross-laminated timber in the Southeastern United States,f6fd1038b301874c423826cae269f5740bfce44b155b77e4f362953dc4b39c45,2060
10.1016/j.njas.2011.05.003,Sustainability evaluation of automatic and conventional milking systems on organic dairy farms in Denmark,3dbd8603978fa68c42c31a5d2c5bc770b3b3a7877de9eb58cb59248fc8d85553,2644
10.4324/9780203855416,Sustainable Marketing of Cultural and Heritage Tourism,57e5961b99866c7736379d8caeed0fc0e347e1e61b79b3217eebe081997c388f,1855
10.1111/soc4.12745,Reproductive justice for the invisible infertile: A critical examination of reproductive surveillance and stratification,461172bb0dab3a90c654b1f5e7e4d8ccf67f5c788ef57e811ee214dbe4edccba,1535
10.1111/j.1365-2834.2012.01403.x,Characteristics of nurse leaders in hospitals in the USA from 1992 to 2008,428b947339e6b30ab4a091519a62ef41011339ccf7ac3543dc61c4f20ce8b81f,1303
10.1186/1476-069x-9-8,Air pollution and mortality in the Canary Islands: a time-series analysis,863c8250bd1d6141c80316fbe68d526884e2e06cb6e271d216b3189d482f1f21,1581
10.3389/fmars.2019.00130,Fishers’ Local Ecological Knowledge (LEK) on Connectivity and Seascape Management,dcfd9a572a7e13b35b4bb8ca133d5ff9e21debde6bf942549c7487dc92f9923e,1825
10.17660/actahortic.2018.1196.17,Soil indicators respond to changes in banana plantation management,7bd6b41845335600af5abb2384cdbceb751350a007bb8a00b74dc16f783c1209,210
10.1136/bmjgh-2017-000456,Tracing the policy implementation of commitments made by national governments and other entities at the Third Global Forum on Human Resources for Health,ad5716641e75a2939331579f92f30f7c60eb680a60e8c864d668e258edaae4cc,2167
10.1155/2019/7502342,"Urban Water Ecosystem Health Evaluation Based on the Improved Fuzzy Matter‐Element Extension Assessment Model: Case Study from Zhengzhou City, China",20bdf9778a14db231894f673880833837cdeedd45f53ad3a2e34297a088251fe,1711
10.1007/s10460-019-09916-3,Charitable food aid in Finland: from a social issue to an environmental solution,951722078bd4e6a0d0740ffcdc57232706b553cc018b89b1b234576c2b928514,1653
10.1142/s1363919611003374,"INNOVATION STRATEGY, WORKING CLIMATE, AND FINANCIAL PERFORMANCE IN TRADITIONAL MANUFACTURING FIRMS: AN EMPIRICAL ANALYSIS",0ed0b307e4498f7a5fc2a05845d3ba9fa7c031ef2aa84b614948e1bbab591533,975
10.1111/mcn.12533,"Design and implementation of a health systems strengthening approach to improve health and nutrition of pregnant women and newborns in Ethiopia, Kenya, Niger, and Senegal",4d60bb2063f3c0a3dc0ce9ffa66d259a9e0e9f82efebd40e546f0feabdec03b9,1759
10.1089/env.2011.0018,"Struggling at the Borders of the City: Environmental Justice and Water Access in the Southern Zone of Cochabamba, Bolivia",5cf37f49cd8b97ddf548a867416e0259e3068a5f7de9581b9b5ca5be23c7141d,722
10.1080/10962247.2016.1145155,Cooperation control strategies for China’s cross-region pollution in a lake basin based on green reduction cost,edd48aee4504d187e821ec4517a0f10406f7bbaeeddd963800980815c3c309b2,1774
10.1177/0734242x11417987,Energy from waste in Europe: An analysis and comparison of the EU 27,cb15cc878a90bf60053a83ab62d83c278170c4e910d70289eaaef1f68158a5bb,1264
10.1080/23322039.2018.1516483,Can public debt stimulate public investment and economic growth in South Africa?,1ba7f032089ed262c2b27034a6d11f914849f9d9df81a217869ec2dc85be602b,1664
10.1109/3ict.2019.8910281,Concept for and Implementation of Wildlife Monitoring to Contribute Sustainable Development Goals,7892b294ea7ccf66ce428be5e585424b60654b6db8da9575341eac4b35f3f832,1130
10.13044/j.sdewes.2015.03.0018,The ELENA Programme in the Province of Chieti - A Public Private Partnership Best Practice Improving Energy Efficiency of Buildings and Public Lighting Systems,bf06dbb44e8d923af1af5a890d77ac9a8d0e81aac54f922e2d41236d295f37a1,1251
10.1186/s12866-017-0956-z,Microbial survey of ready-to-eat salad ingredients sold at retail reveals the occurrence and the persistence of Listeria monocytogenes Sequence Types 2 and 87 in pre-packed smoked salmon,1d88f5cec27a15998184af2b6a56b7c8ff1f0a87d5644f948f38cabdb8afd32d,1629
10.1111/j.1440-1754.2010.01945.x,"Health and well‐being of young people who attend secondary school in Aotearoa, New Zealand: What has changed from 2001 to 2007?",ac48d2edf3e1c683c8513c3ffafc707c9e4d127e92e605d1fc8746c57b70b40d,1179
10.1001/archgenpsychiatry.2010.137,"Attention-Deficit/Hyperactivity Disorder, Conduct Disorder, and Young Adult Intimate Partner Violence",3d5a6a4268d144f24eb3f372615b58aba3059c2c259bbed3780cd6e95cb2fbf5,2235
10.1016/j.watres.2019.115074,Water for maize for pigs for pork: An analysis of inter-provincial trade in China,001124ade73660301f6fbd3d4d5df2ca53b558065135e4973dcd878e68e943c6,1384
10.1016/j.ecoser.2015.02.005,Ecosystem services and poverty alleviation: A review of the empirical links,41c59059edb0fb94f8c75d10162a7e1557e8467a4aa17838a57695c2ec364378,1172
10.1111/1471-3802.12223,PESSOAS COM DEFICIÊNCIA NO ENSINO SUPERIOR,5ad8555ca07dfb7d6df3529fff16ba00e5689259d7784aaf3f18d6cbc7f0bcfb,1033
10.3390/su10124781,National REDD+ Strategy for Climate Change Mitigation: A Review and Comparison of Developing Countries,88042cabeb0fe8d67b39be9d56d92fafc148201b14285058d1deb8776b6178f9,1394
10.1093/hsw/35.4.291,Child Health Inequality: Framing a Social Work Response,d96673603516f16118fb1e0f89c17f09530d9324b525ad5451beaa345d179b39,1282
10.1093/aepp/ppx045,"R&amp;D Capital, R&amp;D Spillovers, and Productivity Growth in World Agriculture",1a3f2eb0ac274c0b3fe9ce79c303cb07030e1d37603d6f63e68e42d1f14549dd,815
10.1177/1729881416682695,Robotics research in Chile,3138f4d838e9a392b033f327dbfe37d593b4687fe6f748a0c59bae83e592efaf,1543
10.3917/spub.180.0065,Dynamique du marché du travail en santé au Niger et perspective de couverture sanitaire universelle,4e70ec0dcbb67e0db36cec7fd17cf764cdd14e6756e58c02888004515fdc97b1,1770
10.11118/actaun201563061937,Key Sustainability Performance Indicator Analysis for Czech Breweries,7b556432661a188beb68372b672ab82ca0c09ed9d6f3c264cab9bf4a3888d585,1426
10.1111/j.1526-100x.2011.00793.x,Non‐Native Grass Removal and Shade Increase Soil Moisture and Seedling Performance during Hawaiian Dry Forest Restoration,83b82d89516c99c7e13b3118ca799993acea2cafe85320f06a1bc85c1dd5c844,1619
10.1061/9780784482650.038,Procurement and Policies for Soliciting Sustainable Infrastructure,9fb955903d3bd18c86029bab0533b64ce96a23d0f25678a2e1d155a0722a2b67,1499
10.1088/1755-1315/306/1/012020,"Monitoring on post oil sludge phytoremediation : acute toxicity test against female wistar rat (Rattus norvegicus Berkenhout, 1769)",633604305c4d4cd776f3fcd009c386ea3175bbfa935cebd191cce6c093f81ccf,1578
10.1111/gcb.14334,Human land use promotes the abundance and diversity of exotic species on Caribbean islands,d478950bed4f2a677c0bf6bc1013a2259e055be6ce9fb01bf12690c72f593434,2096
10.2495/sdp-v12-n2-227-237,Resilient Communities. Social Infrastructures for Sustainable Growth of Urban Areas. A Case Study,fcfaee1c905b48c9bf808a5615779f37e30769fd9ce8cf532c04edf1130c6f5d,329
10.17660/actahortic.2018.1219.43,Expansion of pistachio cultivation in the Iberian Peninsula: keys to the future,08fe1efcc1de7f9d5d2b1b4fc6d3ad457650f07e10d0e1883824102591c8a1bb,1406
10.4102/phcfm.v10i1.1727,The pattern and characteristics of sexual assault perpetrators and survivors managed at a sexual assault referral centre in Lagos,301d60104144e128a8821f0fdd2cd6e243a4f689185dcc14ba056c3074c29d35,1655
10.1088/1757-899x/640/1/012077,Mobility dynamics of the elderly: Review of literatures,269be629423c7309648d208f4790c13d383bd698c192ddb50ba1972d577ee15e,1465
10.1371/journal.pone.0209483,"Ecosystem services changes between 2000 and 2015 in the Loess Plateau, China: A response to ecological restoration",92baba06ce96bd711da8101ec38d515d90d6e3d4b2c1b82080a3375485c681c1,1191
10.2495/sdp130141,Urban agriculture in Dar es Salaam: a dream or reality?,1643f31abc889a33f311a1c7547bf9ed86ccdce1ff831cbaa04fc4191ffc0edd,2019
10.1097/gme.0b013e3182214e12,Construction and validation of an instrument that breaks the silence,72c8412f511cf4ad8e01b4f0588ce14b91cdcfe9e4ab95aae0f041b8f27f126e,1905
10.1080/03056244.2019.1614552,Is fin-tech the new panacea for poverty alleviation and local development? Contesting Suri and Jack’s M-Pesa findings published in Science,3287ba95e4b529d7102c0b428a202f7f133015dc9bb216876104867af7cac4d7,616
10.1061/(asce)ei.1943-5541.0000288,Case Study of Integrated Prefab Accommodations System for Migrant On-Site Construction Workers in China,858d073d256883f20aa1cd5186e19de0b5465b71b012c8e39fe1ca3be3d02db8,1894
10.2478/v10203-012-0004-2,Specification of forces in rotational separator,7fd192a9e3af3ae7fc1ee60684cc87173d51bcf7747afbaaf2eff05af533c5ba,734
10.2196/jmir.6838,Using Smartphones and Health Apps to Change and Manage Health Behaviors: A Population-Based Survey,8c10cb28bd82c80d8456a45ca588b0482d79d57eae926c1ff3724de7fdb97a7f,2612
10.1080/09614524.2013.809697,The impact of community-based capital cash transfers on orphan schooling in Kenya,f5fa99dcbb7b6fb4e2bbed462871892352a91da2d0c4d820982e9ef68bac39f2,3670
10.4136/ambi-agua.1802,Land use and water quality degradation in the Peixe-Boi River watershed,29e657c5f2043265a73c6e8efd04ab1ac557dea873bf70bce997bcf4c68dd5dc,1418
10.1021/acs.est.9b04644,Solid-State Anaerobic Digestion of Mixed Organic Waste: The Synergistic Effect of Food Waste Addition on the Destruction of Paper and Cardboard,b963c73111d2742f30fee191508d01e2756a00177c1fcb28919b8b1d0202e869,1602
10.1016/j.proeng.2017.04.308,Building Classification from Lidar Data for Spatio-temporal Assessment of 3D Urban Developments,dda990d4c9c7d5fd90707b6f3af9b399051d458982ae7b9ee81da020f80c4f7c,1539
10.3390/su11184856,Analyzing Student Satisfaction in the Technical and Vocational Education System through Collaborative Teaching,cb4c98567ea2c9b244f3ac4c0b10e5e81ebf13c4149006424500a7b30c7a1322,2133
10.1159/000343696,Violence against Women in South Asia,17796156e5da956c46e3fdf72f8093109524bf3a34597e632d679f3547ef7a8c,1427
10.19154/njwls.v2i4.2305,Gender Equality policy in Sweden: 1970s–2010s,9afe2b378e644de8c13df2d7e9f306f88175e720f13f97841835e8aaf6d2fd3f,1248
10.1109/icrera.2013.6749783,Smart City by multi-agent systems,689e4b573676a4ab008237825d0523b3ff382c32ecdd17b2cf2e1edb6f9f4458,1925
10.1111/j.1365-2109.2010.02726.x,What has been done to minimize the use of antibacterial and antiparasitic drugs in Norwegian aquaculture?,f12f2f418b99801d0929c0609c5ab55a902570a79e07e3cec69d846de73f470a,1645
10.1364/josab.28.001194,Cross polarization of lateral waves propagating along a free-space–chiral planar interface: applications to identification of optically active materials,90f66231d3f3ccb6d9ea195573886f97238a550cd7c7236759b735beea588be6,990
10.14737/journal.aavs/2016/4.6.332.341,Assessing and Mitigating the Impact of Heat Stress in Poultry,f7e97eed91dd1c5d71897c91e603f865f7409c87bb5fe6f1bdb38c8e3bcd2174,1511
10.4324/9781315066868,No Timber Without Trees,8a71354fd69b0e2a007c5d93c22a6b7a9f0b4b6cc47d033211e8990474072183,838
10.1080/03050068.2013.807642,"All are equal, but some are more equal than others: managerialism and gender equality in higher education in comparative perspective",fec3083729282c0f92725c3b76e250706c567534712716c5c9866e9e046fa1b8,960
10.1080/17450128.2013.855345,Community-based mental health support for orphans and vulnerable children in South Africa: a triangulation study,2540b4d2bf59eea07280fe13f349f4859bdb704a19b756fb6efb5d366b8d1ccc,755
10.1108/ijse-06-2018-0319,Does foreign aid help alleviate income inequality? New evidence from African countries,07f71dfd94b548e26f7fe5d6d0c5255c87c381a10e620ad81e1a0513bc132809,1665
10.3997/2214-4609.201413828,Comparing EM38 and Profiler-EMP400 for the Delineation of Homogeneous Management Zones within Agricultural Fields,ac26c240615f06911a2fb545283e02411f8406b534c7eee27a94a280db62e4a3,1355
10.1080/10934529.2012.689188,Soils and waste water purification from oil products using combined methods under the North conditions,ce7ce49d6849d5d60c5d374b582fdaac8b407ddc85efa9078c9745950fb7dee4,1631
10.4018/978-1-5225-2081-8.ch007,Green Investments and Food Security,34fdebf1063f7c921537419425bfff01e1f072ec2057c7343d8ee51f37083e99,937
10.1061/(asce)wr.1943-5452.0000497,Combined Impact of Inland and Coastal Floods: Mapping Knowledge Base for Development of Planning Strategies,63f2d3500470a31411f52caaeea8f0a03ab72d461fe2b828f76ddb624c4a361a,2202
10.1016/j.progress.2012.12.001,Social movements and the struggle for shelter: A case study of eThekwini (Durban),01f743d3a56091bde3b949c706b10e2acc4a8547b4265ae6671c6e62938a644c,3063
10.1643/ci-09-108,"A New, Remarkably Colorful, Small Ricefish of the Genus Oryzias (Beloniformes, Adrianichthyidae) from Sulawesi, Indonesia",a3e553a7094d3f1357ebcab4ca68538c96c227647123bfffbbdd31fce36bae04,2491
10.1177/1524838011426014,Women With Disabilities’ Experience With Physical and Sexual Abuse,c4c10d3cd0597be591ff66fb7cc9dc5df068c3d63c3970f097cfae46fed90a35,630
10.3390/s110201794,"Land Use Dynamics of the Fast-Growing Shanghai Metropolis, China (1979–2008) and its Implications for Land Use and Urban Planning Policy",dfb304d1c5923fc9f93689c4957e4f16a6bf7d5b3e78ef352bf132859e44f3ef,1737
10.1080/17409292.2016.1144323,“We are Obsessed with Peace”: A Story of Peace Building in Northeastern Nigeria,47826af5e12e7350d3579f8afec8c7a4ef94cfc5a20442b139d50b81eeaeafb7,977
10.1016/s0140-6736(18)31782-3,Effects of the Learning Together intervention on bullying and aggression in English secondary schools (INCLUSIVE): a cluster randomised controlled trial,462904ed81674bf13b5341a9123177ed25ea1c4985583ba0bf8fab5efd05b362,2310
10.22434/ifamr2015.0061,A template for sustainable food value chains,a8fc186c0f1cd2e144ccf5a4caed5b614abd636cf8248b292fda1226f64c4159,1008
10.1108/mrjiam-02-2015-0574,Portraying some determinants of discrimination in the workplace,f996b95be80481a9e405a3a1134ecd3bfff735c4cf649630b737e0c0417397c7,2003
10.1038/s41598-019-41190-5,Interspecific gamete compatibility and hybrid larval fitness in reef-building corals: Implications for coral reef restoration,de5cb825f6116249516c4c6ee69795be29dec7b618608aa2bb715bac0dd70481,1720
10.3846/tede.2010.45,"SUSTAINABLE DEVELOPMENT IN DEVELOPING COUNTRIES: THE AFRICAN, CARIBBEAN AND PACIFIC OBSERVATORY /DARNUS VYSTYMASIS BESIVYSTANČIOSE ŠALYSE: AFRIKOS, KARIBŲ IR RAMIOJO VANDENYNO VALSTYBIŲ APŽVALGA",05b49b1c37bf1e320e0914f905964df8ad0fcd9f97fa985aa2a94275ccb035c5,3213
10.3390/agriculture9070134,Impact of Microwave Soil Heating on the Yield and Nutritive Value of Rice Crop,b4416d72c1b427f5102930493c811b4c49ad5d5a5952d94acf85811af6f8a85a,1335
10.1007/s11300-011-0198-y,Trade Liberalization and Child Labor: A Case Study of Pakistan,c223620f45c7e2ca14ef5c002fd0f800e64b988df656f45b2f646f64230cad2c,607
10.1088/1757-899x/640/1/012112,Insight review on impact of infrastructural development in driving the SDGs in developing nations: a case study of Nigeria,b58851c5a03c250fff6171ef3d5d5e1901fe9ba819399b8b87784db10566e2b6,2039
10.17645/up.v3i2.1292,The Dilemmas of Citizen Inclusion in Urban Planning and Governance to Enable a 1.5 °C Climate Change Scenario,d081c9becbe8ffe95dad1c416b7e70efc322150b90a1f2b5f8ef3c3530e8e03a,1250
10.1086/692290,China’s Invisible Crisis: Cognitive Delays among Rural Toddlers and the Absence of Modern Parenting,cc05c54d801f88df4c04e9ab1dff649e29f1e14efda0501d4eca32568d047361,1915
10.1016/j.marpol.2016.07.032,Fish banks: An economic model to scale marine conservation,0169fc5fca4ab3bcf27872bf818c5a30bd82506952227ee2f43bd849cd79b6f5,1542
10.1080/14724049.2012.683005,The role of certification in international ecotourism operators’ internet promotion of education,23ca6b28f2fa1bd8e9b1e820b22a6747ea9f82a9e7788f0d27c9cd72f21cef87,1553
10.1515/jwld-2017-0007,The concept of sustainable tourism development in rural areas – A case study of Zbąszyń commune,1a731e6baf9cc004a3114993cb4c62184e6932467ad2267714e0a39fc5266224,1511
10.1515/1935-1704.1921,Consensual and Conflictual Democratization,3634c3eaa22cc0c3ce014072821193befd63d52fa4fdabb79da721da95b133a1,951
10.1109/ic3i.2014.7019772,Notice of Violation of IEEE Publication Principles: Energy-efficient approaches to Cloud computing,8f75eb946eb68abc9ca515eb64b7dc281fbc29d9061095776eaaa7c70b3ac883,2488
10.3390/w10040415,Planning Water Resources in an Agroforest Ecosystem for Improvement of Regional Ecological Function Under Uncertainties,cd43c62937759c8acb97faa2abce00a4ccd545b83d9b02d05f03ebfa3b48ca2a,1209
10.1109/beiac.2013.6560228,Digital access for sustainable regeneration in Langkawi,b05ca3d6161bb343394bd1cd93e7885dadb562db0d43d941f536a229b6c6dbbf,1406
10.3808/jei.201600355,An Integrated Simulation-based Process Control and Operation Planning (IS-PCOP) System for Marine Oily Wastewater Management,483ca52151cdf8fea60db1df9a5e4e3ccca0e43dff64bc6da7f0fe441515a704,1686
10.5267/j.msl.2019.5.005,"The impact of knowledge, attitude, consumption values and destination image on tourists’ responsible environmental behaviour intention",98350edaa4e84c878240c6768304699ccb9a4ebd71ee51a9c8ad6e444cbd4e25,1232
10.1186/s12939-016-0334-8,The impact of a bundled policy intervention on improving the performance of rural healthcare in China,f6922a6d8ad9d397d6e613e9067ba7d5de14d3d2698b2f6c23caac2f286e28c6,2483
10.3389/fphys.2012.00315,Malaria in East African highlands during the past 30 years: impact of environmental changes,a8eb501a3dabe2468161e41e854803f28ddb8de28931e2405ef3a3dddaef0f95,1726
10.1080/15528014.2017.1324655,Creating New Food Practices: A Case Study on Leftover Lunch Service,08672e496948c20ca5ef78e2ebc1d8be447f49a7562ba2e4694d9c524485f4c1,1054
10.4028/www.scientific.net/amr.779-780.1639,Problems and Countermeasures on Urban Infrastructure Construction of Shenyang,3d8b749ee63f4cbbce1c6109e79b3441f825a8a4bc82c17bc557c6bb08c68e43,690
10.5604/12321966.1203895,The influence of factors of work environment and burnout syndrome on self-efficacy of medical staff,c416a810b78296975ca062b1c0b9181d10b0ee32d1e82c1acf137b1c448e1906,1508
10.1111/j.1365-2206.2011.00757.x,The social economy of excluded families,755a55851b50baad3245d51110061c042faf65fd280b6a171b59b936e154e789,1088
10.1109/weef-gedc.2018.8629595,Regional Peace through Collaborative Engineering driven by the African Union Aspiration 2063,4edc873f3a25cd720b51466b5f9a2458c60ce71cfda849c3ef444cce4f332fe4,1297
10.1080/17565529.2018.1442786,Farmers’ intrinsic values for adopting climate-smart practices in Kenya: empirical evidence from a means-end chain analysis,21e56d2d45d5b50cd828a2343dea3d4eb1a91c11196c7e1c22f5394fb32b36b9,1169
10.1016/j.procir.2019.01.076,Load and energy management for factories through multi-stage production planning and optimization,477207b66cef3e4b7a061d54176d8e1873d0de0491823e973a66480eb9113cf6,1673
10.1186/1744-8603-10-14,ALGUNAS CONSIDERACIONES SOBRE EL ENFOQUE SISTÉMICO Y SU IMPORTANCIA PARA LA EXTENCIÓN RURAL,8a118bb20e03e1ee9186986ffd6cfeb857aabd0edec63c72de17fde203bacb0f,1276
10.22452/jdbe.vol16no2.2,Housing Aspirations of the Elderly in Malaysia: A Comparison of Urban and Rural Areas,bea6ca17e2b69c9c1a94e45ba41ebd46e604e90de020b88f60c5320dde57b7eb,2395
10.1061/9780784412329.183,Green and Non-Green School Buildings: An Empirical Comparison of Construction Cost and Schedule,a5d7dbe77d4b97a24bbd70e47ff6de54ea73c2f3c68348e65e341bc8cacc47c3,1359
10.5901/mjss.2014.v5n6p327,Skill Acquisition and the Entrepreneurial Factor: Ceramics as an Instrument of Social Development,35301b7215ee40d96971557be2f455bb913da059cc0019afef2b0377aaf5425f,947
10.7189/jogh.09.010412,Food insecurity and intimate partner violence among married women in Nepal,cfc16b837cb82c6e3b5c937a7c4bcec6a1852bb5e8098144788c3ae0de6d67f8,2436
10.1111/j.1475-2743.2012.00437.x,A review of the role of excess soil moisture conditions in constraining farm practices under Atlantic conditions,3d8c43ddabe32c3dcccb91cc5f88b6ed512c4c5ee32bc114cb4f76cc9b23bea9,1664
10.1177/0020872814536419,Paid and unpaid social work in Russia: Is women’s social work opening up opportunities for empowerment processes?,ecfdd53da8d2f040fbd644ba92a43caf25833465bb776333d2d5f382c6457d63,628
10.1111/rode.12582,Redistributive pensions in the developing world,330c82c3a99c9a910529ee9fe6768ef15f1d1f558b79487bee707bd21d0266d0,892
10.14254/2071-8330.2016/9-2/14,Economic growth and energy consumption: a comparison of comparative analysis of V4 and “old” EU countries,3566961ed75188cba895234b702a157296457ad8e54d9edbcafbba468e21436e,1008
10.5846/stxb201612232653,A method of delimiting urban ecological red line protection area based on bayesian network,bd113731afc0c87ed3ac25a2ae7efad7fa123bbfecd17099cd66d6361a3f7c4a,312
10.3390/su11133649,"Harnessing the Real Estate Market for Equitable Affordable Housing Provision through Land Value Capture: Insights from San Francisco City, California",d86fed590bf01efd2d376849dc4e90dc9e66df9d018a9867603a3d3d45d9c00f,1292
10.1073/pnas.1320585111,Effect of woody-plant encroachment on livestock production in North and South America,a991132fc82419af81e3f7739c8f732dd490c2037b582e99e820fca96d2fd8f2,1585
10.1111/j.1523-1739.2010.01486.x,Ants as a Measure of Effectiveness of Habitat Conservation Planning in Southern California,eae02c922d0d5315b55f5d97dc82e066cde4e7dbb3c449ac689fa944c7ac1dec,1793
10.1177/1467358415580360,"Attitudes, efficacy beliefs, and willingness to pay for environmental protection when travelling",ea4c80230e5d1c6265ee9e0ed1ffcf399bcfa257738642eab27de12af30e1d3f,1066
10.1111/oik.04056,Mean conditions predict salt marsh plant community diversity and stability better than environmental variability,2cb7784c010dd7b13f33a1c34b3f8058e1a57079009206bd5f4378361d53c8cc,1609
10.4337/9781781956182.00016,Entrepreneurial intentions of nascent entrepreneurs motivated out of necessity,35ca1faafaa446e3c5da770df8bea0ce80069248f0ada532f910b3ec95e0ccdd,884
10.1088/1742-6596/1198/2/022056,Conceptual Design of Indonesia Experimental Power Reactor Coupled with Desalination Unit,cde565f268d105e21fc0c28ff5f21b2f762727321ba3f5a043029da4b25ef792,2609
10.1016/j.proeng.2011.11.1980,"Role of LSF Technology in Economic Housing for Urban Sustainability, Case of Iran",3a6df228b9ade73e610c0456571ce6819cee39adcb44056d88a464dab599f666,1536
10.1371/journal.pone.0137880,An Improved Artificial Bee Colony-Based Approach for Zoning Protected Ecological Areas,a68954e16731d2010da5965d94be3946b5df443ad1817d3c8691248120cd0710,1440
10.7324/rjc.2017.1041729,ANALYSIS AND TREATMENT OF REVERSE OSMOSIS (RO) REJECT FROM DYE INDUSTRIES USING ANAEROBIC BAFFLED REACTOR,a7b5bc20d5d18784291f48222c6822b0dd70bc75453def283dc244703a72274b,1660
10.2183/pjab.88.368,Stabilization of atmospheric carbon dioxide via zero emissions—An alternative way to a stable global environment. Part 1: Examination of the traditional stabilization concept,de83d68be7abf0fde0ac352d73030e477f862174f45148be2a16b627672d60be,1048
10.4324/9781315185156,Extractive Reserves in Brazilian Amazonia,8ec97414ca3e746931c14ac5aaac052bcac060eb112519ac193b95634211e579,1141
10.5894/rgci531,Integrated coastal management in Brazil: analysis of the National Coastal Management Plan and selected tools based on international standards,aaff170343b70da4ce641d262b14662de7a3355b4cd84839eb6d80b8ed739faa,1930
10.1088/1755-1315/347/1/012097,Development of organic rice potentials as drivers of rural economy towards sustainable national agricultural development,1e4f278e532fd819567ac1d065afedab412334d20e6e898fa1a484328bc0a213,1678
10.1080/17508487.2014.936890,‘Our common world’ belongs to ‘Us’: constructions of otherness in education for sustainable development,8afc0f1f855664630e206112154e6ee631da7b963f472ae8099f0461c886e858,1143
10.3850/978-981-07-3757-3rp-058-p358,The role of underground space in a sustainable UK Urban environment,a530f05aae956653d8ba17e0de5ea7969da13ce2c736de2ec02fe25ed453ab2d,1465
10.1016/j.egypro.2018.10.009,Outdoor microclimatic validation for hybrid simulation workflow in hot arid climates against ENVI-met and field measurements,39d9433effcedebeceb621940a1ff0033acd5d3584cd9a45a8b3bda48425773f,1090
10.1353/foc.2014.0000,Parents’ Employment and Children’s Wellbeing,ceed08c184fac229c79150de61d2222d418dd4e8f1e10bbc0286f79237076e0c,1847
10.1111/ijn.12106,Developing evidence‐based practice champions in the <scp>M</scp>aldives,4c4dd93f489049380ffa13e4ec5f0812a1a8a32ecca6668304542aeccb35a88f,595
10.1108/s1569-3767(2011)0000012006,Divestment of Foreign Strategic Investment in China's Banking Sector: Causes and Consequences,27efefd5a3566bcacb7b16648362e0268093622b29e6a96299a6e7e5949f90c5,1582
10.1007/s11136-016-1415-2,In Between the Dots and Dashes: Telegrams and the Mediation of Intimacy in The Golden Bowl,5072c7e88d00aff8479b50cf09f9c8a863eb0bd77d403350a4027d52645f771c,312
10.1093/heapol/czz072,Health system reconstitution syndrome: an often misunderstood phenomenon in global health practice,cad3c3a9f13af1dfb78f7b56093321542255d23d018d3eef984eeaefef9d958a,1295
10.1002/9781118392607.ch11,Global level institutions and processes,fba85996a3f4d9c94d9433180786472b327e7fe4848c375420f95f21171ff4c2,1048
10.1080/08941920.2013.788401,Framing Water Sustainability in an Environmental Decision Support System,1015948f1859619ee3ebbf67c35d5b6b4ce759c9abef035e10c2fffdf40076a5,1050
10.1111/j.1540-6040.2012.01413.x,"“We Don't Live Outside, We Live in Here”: Neighborhood and Residential Mobility Decisions among Low–Income Families",6d7220e9934d108221dc5fb892d825383e3ae5f0fa264d62e210d1ed5b3f290c,1806
10.1159/000477149,Incubating Integrative Medicine in India through PMO's Atal Incubator Scheme of Niti Aayog,c7c16ce5e626dc6b9a63b804970fcaad844f1171271415027fafc43e16f12c91,1158
10.4324/9781315202365,China's Rural Areas,cba32bf3e29c4e7e111e37fe1b470eee4ff31170d79a5e9b08daf71f42d2d3f6,770
10.1590/2318-0331.241920180165,Optimal pressure management in water distribution networks through district metered area creation based on machine learning,b3bcc2f9c9f66827370aeb8f661362940797645734a8bbf01baa75f5f45b654d,1301
10.4324/9780203785300,Routledge International Handbook of Sustainable Development,5a6163bc18fb04f8c74f7a66fb395c223b8b40dea8f6eb10de1c480eb436b215,1205
10.1108/14770021111116151,WTO remedies and developing countries,de33f4f9661155e3d2f37da90f8a45d26fdd3bc7e43d7950cf473fd5c791f26e,948
10.1556/pollack.8.2013.3.15,Architectural and urban design tools for reducing energy consumption in cities,1efa9950d896f459aad0b08fba71b7d8226ae6894e57da07ad7c54f8832d2ac9,624
10.1111/j.1748-7692.2012.00583.x,"Response of southern right whales to simulated swim‐with‐whale tourism at Península Valdés, Argentina",7adf62f15a9303c2b439f71ff811e9dd2db062f424fff3327d64b8b497366e87,1405
10.1016/j.ijsbe.2015.03.004,Emerging dimensions of sustainability in institutes of higher education in India,3c95bb35d4d550a5b73c782debe4ab8b4aa5211264c2ddffd79348c67fd985bb,1525
10.1186/s12939-014-0088-0,Social determinants of health in India: progress and inequities across states,d0c4dd3ff25ab4b49e92bbce3d38e0a502627b9a752ae659c30363b40d880a0c,1886
10.1186/s12905-014-0140-7,Perceptions of postnatal depression and health care needs in a South African sample: the “mental” in maternal health care,bd607ba2c295c626e0f007b1f49d812384b63732b0d82ae126f8fb5501621f54,1661
10.1017/cbo9780511808371.012,Human security and trafficking of human beings: the myth and the reality,642e130d0a32d8fcc317164f38f6534d27da12007c8b8b27bb6b795d13abe8b3,388
10.1177/0269758018766161,Human trafficking for criminal exploitation: Effects suffered by victims in their passage through the criminal justice system,3bec4a14ae77ea6837de7a04e3e16dca5eeecb4250e6d47e37a328d9dd2c80a2,769
10.3390/en8043258,Life-Cycle Energy and GHG Emissions of Forest Biomass Harvest and Transport for Biofuel Production in Michigan,238575081b9897a1bd2f598765fd66557ecee20b9ca787d1ede7ac2f326030ec,1133
10.18520/cs/v114/i05/976-981,Mangrove Forests of India,f6e534ffb6e2e7883c10566632a69325d549c0c33c19442c7146c87adac01f5f,1175
10.1016/j.breast.2016.07.006,Radiotherapy for breast cancer: The predictable consequences of an unmet need,3df5688bfbb35bf4991d6134a2c5ace4c0787d811bcb13a1f7664d25880b05a7,1065
10.3390/su11236797,A Risk Based Approach to Evaluating the Impacts of Zayanderood Drought on Sustainable Development Indicators of Riverside Urban in Isfahan-Iran,486238146609e1f42abec45d1e648508ac31ba7c2b26c8cc8345d8db096dc32e,1537
10.3233/978-1-60750-709-3-174,"Developing a Medical Records System at the Ola During Children's Hospital, Freetown, Sierra Leone",0de71e1200fbaa47ef0312b823d05803e9dcea898f7d2a825f67b8bbde444562,493
10.2304/ciec.2014.15.1.54,Constructions of Social Inclusion within Australian Early Childhood Education and Care Policy Documents,57b8a4d176ef5f28fb6832c18ac5fb7f4f6f17efe7043a411a1be564cad01238,1352
10.1061/9780784412947.281,"A Complex Adaptive System Approach Assessing the Dynamics of Population Growth, Land Use, and Climate Change for Urban Water Resources Management",b55f3500cfc9afd9e90c1819b7b398d897c2b6a1c9483631a3c3cf47a55cc93a,2080
10.1176/appi.ps.201500339,A Cross-Diagnostic Investigation of the Differential Impact of Discrimination on Clinical and Personal Recovery,7ba02793cf47c59591020b8c445d83ec7c8fd14a5f9e5b01488675ad4e1419fe,1855
10.3390/app9050834,Study of Passive Adjustment Performance of Tubular Space in Subway Station Building Complexes,dac2853ad346bcb1718ea5d5932265d205bfc64d23f69db63361f42422a393ba,2068
10.9770/jesi.2017.4.3s(7),Towards sustainable historic cities: mitigation climate change risks,1cbf4fe541893477fd452ceca033cf57dc152bfee55ce0f5c9de1dae40d479e5,821
10.2991/lemcs-14.2014.65,An Empirical Study on Urban Tourist's Satisfaction of Chongqing,f4481fe7e1268632f4758ba6b240c9346bae097f76641eed9c199737a7219353,1176
10.1111/dpr.12245,"How new is the ‘new’ conditionality? Recipient perspectives on aid, country ownership and policy reform",673972367a1a197c76565c5a1c426827f1d98cde37d76f3d08d3087e187cdbb9,784
10.1177/1350506813518759,‘Reflexivities of discomfort’: Researching the sex trade and sex trafficking in Ireland,73ae66e9286cd58dad3c93018b402d07eeb62394c62be6bdfe55520957edafb3,916
10.1080/02673037.2015.1021765,State-led Urban Regeneration in Istanbul: Power Struggles between Interest Groups and Poor Communities,fdd8d38f8c9dd2e45832cfbe2e971543704c187fc0d66471dacbe62bcd473324,1012
10.1108/ijse-04-2013-0099,Empirical analysis of the changing pattern of sex segregation of occupation in Ghana,138998a12a62ad7ec7b2d313aed5aa59902bb19b653e1eb069fd7f9faf7ab5ff,1463
10.23919/oceans.2015.7404573,Communicating oil spill science,b4d5b3b15628f3e59d6ce86becd2c721e581a598ac99b96df703537e55c0a462,1033
10.4028/www.scientific.net/amr.361-363.1153,The Gray Correlation Research on the Sustainable Development of Beijing and Industrial Structure Based on 3EDSS,9974b17cd285bdfec6cd7471e6d3a222c1f8dcd91a4f7c2a317ff6a710e0e5d0,557
10.1177/0266666912454067,Integrated library management systems: a review of choices made and their sustainability in South Africa,5fe504838194bfe4074979ba3dc9fd036de8767de856e2e55ad952f4889a309a,1099
10.1007/s00268-015-3179-1,Evaluating Progress in the Global Surgical Crisis: Contrasting Access to Emergency and Essential Surgery and Safe Anesthesia Around the World,a67ac4d681d201e6c66e8cadff3b421bc5c7d3dacc32692157fe44daf615c217,2193
10.1080/03650340.2016.1233323,<i>Ocimum basilicum</i>L. growth and nutrient status as influenced by biochar and potassium-nano chelate fertilizers,94dc86de33d75e5d7c16780cc82f0bd7c729565d0318bc18dd90a98b02d10f29,1292
10.1007/s11739-016-1423-9,"Cardiovascular disease and hypertension in sub-Saharan Africa: burden, risk and interventions",9eae3b8ad61b29e98d6f9d556c0ccf5faa4096b6dc9bfcd16b0ac368f899afe1,981
10.1186/1479-5868-12-s1-s5,Increasing access to healthful foods: a qualitative study with residents of low-income communities,55ed366ffa5e4a3948bea76b469d65bde7a4c1ad9a77c4aae919bb961ef83baf,1838
10.1017/9781316481370.008,A Chinese Model for Tax Reforms in Developing Countries?,62a8710b6ca20c38ee1d9b865df8ee55b04850ddea397ea5f94b8d1c987d94d2,1283
10.1007/978-981-287-420-7_14,Economic Class and Labour Market Segregation: Poor and Middle-Class Workers in Developing Asia and the Pacific,1123ca68ffe005d0c5ea8e303a47d2c32ffec098f80993e5a69c0ed66523a2ad,1164
10.1016/j.eneco.2019.104545,Measuring the cost-effectiveness of electric vehicle subsidies,e5b96045e6ab6f0e490154482c8cd5d06350ff77c24d0bc90dd60ca705fd93e2,1010
10.1080/09638199.2011.613998,"Aid, Aid for Trade, and bilateral trade: An empirical study",8da6167e084114d10cdde08ccb19c353327a843b9d35a8585a544472de6cab70,700
10.1371/journal.pone.0014160,"The Good, the Bad and the Recovery in an Assisted Migration",9816dde4fddfa79b1ed2bb75b12060c41bab56b7660a502210896d77d071cf57,1885
10.3390/ijerph16162972,"The Impact of Social Disparities on Microbiological Quality of Drinking Water Supply in Ugu District Municipality of Kwazulu-Natal Province, South Africa",780b2db10cfc95e0e16f0752821d8bb9cc308f5f2f1e3aa2a6f9ce4db7b481eb,2356
10.1108/ijhma-10-2015-0062,Behavior of land markets and restrictions on housing access in Buenos Aires between 2003 and 2013,0f25fa0e7fb5b63e02fce2307dc909115fa15c38045b98a1bcc3c55c38255d59,1700
10.1111/amet.12095,The social unit of debt: Gender and creditworthiness in Paraguayan microfinance,97135e3371294a0dbc4b4b4a7fd4f029b177a74406e998befecc13e172fff5eb,828
10.1016/j.trpro.2017.05.495,Sustainable development synergies and their ability to create coalitions for low-carbon transport measures,0c3cab19fecbb93f14969ab1a2283cce2ca0110aae0726ac74d0f4b7a281de1e,1446
10.1111/inr.12022,Support needs of caregivers: case studies in <scp>S</scp>outh <scp>A</scp>frica,7924892203baa1e14e6a1207292c671c8be57b8ee8af679b2fb3212c08cbea61,2051
10.1177/0141076817724599,Comparative health system performance in six middle-income countries: cross-sectional analysis using World Health Organization study of global ageing and health,cf4767874577eaeaf0ac7119680e34e648ffbff9e4547d20a148b02a5d28df41,1203
10.1080/00207543.2018.1540892,A review of priority criteria and decision-making methods applied in selection of sustainable city logistics initiatives and collaboration partners,5766267ca93a602d432798354d62310ec5a2766f26deba91ccb0351ec64326ae,1366
10.1117/12.2208985,Super pixel density based clustering automatic image classification method,ea1ac0ed1594e84a93b5e708b021c57a729d3f576c7d16982fd8e255b3fd1c38,1149
10.1002/bsd2.19,Nexus of public spending and gross domestic products (GDP) growth in the agricultural sector: Evidence from Nigerian and Malaysian agricultural sector (1976–2016),ddc265b1a56806c13db5e275d567466dfbd234c3e1c036598435def915be9e74,1177
10.1111/anti.12391,State Spaces of Resistance: Industrial Tree Plantations and the Struggle for Land in Laos,687e8aeb3a01573113491a4aa33559d7c4b6b15cf9880d1de08a72234d1cdb05,1101
10.1353/foc.2012.0012,The Importance of Infrastructure Development to High-Quality Literacy Instruction,9e426de5671a27df64e67c8982bf764a5b14c236045a3ce33c134c5596018919,2142
10.1371/journal.pone.0155828,"Universal Coverage without Universal Access: Institutional Barriers to Health Care among Women Sex Workers in Vancouver, Canada",ec9bc0781a835d3f27ffdf6271750a5332cd6785acd41bbcfde3a3388493c11d,2066
10.2175/106143013x13698672322020,Natural Treatment and Onsite Processes,eaf233dfdd42984478dd786120d9a68ad6bb9f036577a40f3b4a3c9cf84c423a,677
10.1108/sampj-08-2017-0081,Hybrid organisations contributing to wellbeing in Small Pacific Island Countries,981e8a80b08dc1b96b54e675cb47c38ac8723affc7ebca3d170b517a0414400a,3012
10.1371/journal.pone.0150603,"Risk Perceptions of Wastewater Use for Urban Agriculture in Accra, Ghana",31b65cf190066034727862d332cd76b3a73e7517f0aa9881a7079df53234f96f,1718
10.1057/978-1-137-42724-3_22,"Slavery, Human Trafficking, and Forced Labour: Implications for International Development",734fce2562ae2ac6d6199dbc37de68f1b99f5f7a708613e38e6d53a4fcebf856,939
10.3390/su4020154,"Sustainable Manufacturing and Design: Concepts, Practices and Needs",b8539594dfcbc9e9c68dd1ad4abff9b623e5a32889041c6cdcfb044272eff677,1096
10.1111/conl.12328,Financial and Ecological Implications of Global Seafood Mislabeling,8131f88f900c65b95f20a2173ed9e47b0704e14e42c912e3d2027b9a7af6c019,1063
10.1021/acs.est.6b05653,Inside Story of Gas Processes within Stormwater Biofilters: Does Greenhouse Gas Production Tarnish the Benefits of Nitrogen Removal?,75d8b2d248957b5fffc1e7a15fd8122861fb4a866a12bb7cdbc3df3a30d72e0b,1672
10.1016/j.cities.2016.04.003,Streamlining urban housing development: Are there environmental sustainability impacts?,69eba036f5a9ba1105d302eb32816fd61203bc3cc2e7e08f088ae05673ab9935,1663
10.1080/09669582.2016.1206112,Indigenous peoples and tourism: the challenges and opportunities for sustainable tourism,8cb2405a7f756efc989883a67a7a491f9c8104350e7652f22783b82bccb6760a,1402
10.1080/10643380802278943,Use of Filamentous Fungi for Wastewater Treatment and Production of High Value Fungal Byproducts: A Review,f1319dc20ec063f7b8e8b1fc34f662e2c21164a62d93e3b6764807376fa9c04a,1724
10.1258/ijsa.2011.010527,Impact of international laboratory partnerships on the performance of HIV/sexually transmitted infection testing in five resource-constrained countries,4d6ef7554fc6face4dbe69ceaf294a951516fbf1a831d5254f4163e34f81126e,1654
10.5055/ajdm.2014.0177,Postcrisis redevelopment of sustainable healthcare systems,cf99aebad46a4e017baac491d21287b29c360eaa78b34dd15f255e5eab8f5678,1566
10.1177/1355819616645373,Implementing climate change mitigation in health services: the importance of context,3e26251fd517bfc0715b59b65d613296319512892a04bd8b67cfae21feeb2443,1220
10.1108/jmtm-06-2017-0124,"Environmental management practices, operational competitiveness and environmental performance",d862d2cfd7c0654691997b7b162dac03e22af9ea8a42f687d5f2d9b101873a82,1917
10.1177/1478210317712784,Afterword: Reading counter-narratives to gendered inequality in education transnationally,9ccce608414890a1cbb0e257067837204709b7a6071dca98c8f258228b60f09e,1899
10.1017/s0043887114000124,"Why do States Commit to International Labor Standards? Interdependent Ratification of Core ILO Conventions, 1948–2009",7683f2eaefb91914f98c146bbc034d01c02b9474b3308c726fc87b7bd1c80bcd,1263
10.1002/csr.1329,Women on Boards: Do They Affect Sustainability Reporting?,bf26c74bfed292da10ab6df938c48293df9883dea2a460cecb4b99c6a4215009,1072
10.1002/oa.2540,Early Evidence for Domestic Chickens (<i><scp><i>Gallus gallus domesticus</i></scp></i>) in the Horn of Africa,f7960d7575f00fac3388033b84f0a2defd5b64ec7c88ebb19668cd5adee2a829,1663
10.1108/sasbe-08-2016-0019,Live-work and adaptable housing in Egypt,5faff087d3f96ec223cfb345c5e46f9b232c979c46ff915213ba00be59873c00,4201
10.1108/sd-03-2017-0059,Learning the entrepreneurial way,57019ee1de47d66d570b9b77a44d21d5e56c15ba2ac12dc76c7b15a1573b242f,1265
10.1371/journal.pone.0137272,Use of an Inverse Method for Time Series to Estimate the Dynamics of and Management Strategies for the Box Jellyfish Carybdea marsupialis,94da937c0b20e796edb14c5e994cb4784acec0d2c851e023d74f2fe69d9841a5,1799
10.9770/jssi.2017.7.1(13),BUSINESS MODEL FOR A SEA COMMERCIAL PORT AS A WAY TO REACH SUSTAINABLE DEVELOPMENT GOALS,c3f02239261fd1006bbf8ba1858eb2686d9ac814de7615d5be0e52e81d3db406,1321
10.1108/jedt-03-2019-0064,Achieving sustainability through reducing construction waste during the design process,0ac97ee02455827bb35a5d9c2d23d478f28cd0f334c6ccb485ee852108ea3204,2354
10.1177/0263774x15624924,Endogenous development and institutions: Challenges for local development initiatives,d911fe61625188121ae843820e356882de6cda8bfcda4d1a900eded9fad9aa1e,932
10.1021/acsami.8b21847,Separation of Caustic Nano-Emulsions and Macromolecular Conformations with Nanofibrous Membranes of Marine Chitin,9d5c63abed271a1c708ad9e6b45405f11512f2e5a654e036e7d4cf554ce582cc,1199
10.3402/gha.v5i0.17288,Building capacity for clinical research in developing countries: the INDOX cancer research network experience,2c55e5b6f037de30342a02ccbaf436fcb5a9dcaec2485158b43cb3591b949a6c,1053
10.1016/j.enconman.2017.03.024,"Hybrid photovoltaic-thermal solar systems for combined heating, cooling and power provision in the urban environment",94586490088ba064b8630fa4d29c0cc057e25638318190aa07823fd34a63aa5b,2255
10.1017/cbo9781107588479.004,The Miracle at Marrakesh,dc9594f73825b4311038f7dd26fba2accc3761a91383ffe721b03cc61257e97e,159
10.1111/j.1600-0633.2010.00483.x,"Natural re‐establishment of Atlantic salmon reproduction and the fish community in the previously heavily polluted River Purtse, Baltic Sea",d3d3f583801a931576cdb0159d91e8d5d793d83c928e21b90e3c1c01824498b7,834
10.1061/(asce)wr.1943-5452.0000376,"Hydrologically Sensitive Areas, Land Use Controls, and Protection of Healthy Watersheds",e545606a0a9d4100efb57b61a81df2fb1a4a3b5259d950aed0543d6e246e6db8,1523
10.3197/096734016x14574329314407,Faire mieux que la nature? The History of Eel Restocking in Europe,efaab4299fcdffd9c83d2a8163f780540c624982dc143e2de1aa0cefa35e0269,1332
10.1186/s12978-017-0324-3,"Evidence-based policy responses to strengthen health, community and legislative systems that care for women in Australia with female genital mutilation / cutting",e5be47a4881fdabc40111113b7a5410d9df34b87a7f4982d252f4a1d33d2b1fd,2454
10.5334/aogh.2432,Fifty Years of Supporting Global Health Research at the NIH Fogarty International Center,f4414d549c5f45aeedf70cd77ec887017b60073c0fe19836509a56f998dbce0f,1785
10.3390/su11072004,Evaluation and Influencing Factors of Sustainable Development Capability of Agriculture in Countries along the Belt and Road Route,dd34c86368003f3bd81a16a5531a1ea27f5f69ed9be7935c8a1e416dc450c27e,2609
10.1061/9780784412688.019,Sustainable Futures for Linden Village: A Model for Rehabilitation and Sustainable Development of Urban Neighborhoods,3dde56844342538292601a7be766241ba991ea4982c2dd3f76fa1bc96b34f838,1165
10.1017/s1365100519000907,INVESTING IN PUBLIC INFRASTRUCTURE: ROADS OR SCHOOLS?,68f9dba716ae9588da894ab8e808354915562e7297ef57a0a9f57225c22221c4,813
10.1111/nyas.13314,"Availability, production, and consumption of crops biofortified by plant breeding: current evidence and future potential",b247b73912441c6d50fa7dd891fea090669001581082e0b0c3d3c4dd40791541,1444
10.1080/09540121.2013.845286,What community-level strategies are needed to secure women's property rights in Western Kenya? Laying the groundwork for a future structural HIV prevention intervention,136eae899ef642a55d71dbea3c2454b9a59183edf6a95f139de0737523fd12c7,1856
10.1145/3136560.3136568,Leveraging Facebook's Free Basics Engine for Web Service Deployment in Developing Regions,694ad97a5b1244aca7fe6f6e24e465571cde0c2b72754e2bc08a89f376f5b1ac,284
10.3390/su10051601,"Social Sustainability Assessment of Canadian Egg Production Facilities: Methods, Analysis, and Recommendations",21e55db5d80b0ad1ec835c1242dbbb0a08fc337084520057f902d751fb5aadbd,2335
10.1111/jipb.12559,Engineering crop nutrient efficiency for sustainable agriculture,16f4170ff09ea6f82e51a8e73c19f3bdac8c006e4b6eb1e4fc1dba9620464f06,1085
10.1177/0907568219853331,The rights of intended children: The best interests of the child argument in assisted reproduction policy,2f9106822eb9780bc3a25b93a3f43e7e0a66920a00fd8ffe702f88e439859562,496
10.1186/s13717-019-0163-y,"Assessment of above- and belowground carbon pools in a semi-arid forest ecosystem of Delhi, India",b865e3460e25483020b524f9308b05118aae3488221f2df9c18e0adc76da9eb6,2251
10.1088/1742-6596/1299/1/012016,Green Economy: The Role of Estate Surveyors and Valuer,c830cc1cec7ac7b39c9406e10fe02ccc4414e33a247d30c7a5cce468b4075fd5,2117
10.1590/1413-81232015213.20722014,"Fatores associados ao crescimento linear de crianças socialmente vulneráveis do Estado da Paraíba, Brasil",21eebba9813ea4c19ebc63b343d4e753f6cd4f78e49e8b5e3a34e99b0d225067,1134
10.1016/j.susmat.2016.06.002,Characteristics and adsorption capacities of low-cost sorbents for wastewater treatment: A review,48693c3e6ec0348fa84ceadf7a24ba8e49d5092ad90b7c06d03c26339a9d8571,1537
10.1146/annurev-financial-102710-144909,Microfinance and Social Investment,e6c89cbebd9f837b2679e76f56863ab449d5ae76741d92c6550b4603c7571b28,838
10.1108/ijesm-10-2013-0002,Energy consumption and growth in South Asia: evidence from a panel error correction model,1ce99125845e4baf7e2f92ab7f7af1d217b1bd8157fc9a87e52d6d87ef0346e0,2044
10.3390/rs8090760,Scale Effects of the Relationships between Urban Heat Islands and Impact Factors Based on a Geographically-Weighted Regression Model,281921a1a963cbdc53afdbe131d4f33e8a3fdec7e080de9304acf281cb2b5076,1720
10.3402/gha.v7.22803,Reorienting women's health in low- and middle-income countries: the case of depression and Type 2 diabetes,3b4e5496fe70d2486ae698b0656d5a3f2d026f4feba7e2786d5a547e4464e563,1359
10.1175/jamc-d-18-0153.1,Characteristics of the Sea-Breeze Circulation in the Pearl River Delta Region and Its Dynamical Diagnosis,7dc89b4bf470f8831339ada4ee22a336ce000343149a94ad9e26462c7c410268,1489
10.5504/bbeq.2011.0086,Metals Concentration and Accumulation in Several Aquatic Macrophytes,6ac71254d680b3bbb04dfd752b70ea27b7b9d679718f0d3abb28830e87b698ac,1409
10.1163/18750230-02602015,"Preventism, Disaster Risk Reduction and the Consequences for Human Rights",d546069e7c969a86d3c4153d759ca83a28a52284c0a297552644f1325ee65da8,528
10.3303/cet1021196,Sustainability assessment of biodiesel production by monetary indicators,044c040b3ebafb651ff4873691f7386009facb9489811f7010df85d524e514eb,774
10.1109/mcom.2016.1600323cm,"Making Demand Response a Reality in Europe: Policy, Regulations, and Deployment Status",597d90f0d91180d858f46a15aee722e60cb83f80590a04a7ef024eb75eff023e,1435
10.1080/09640568.2017.1372274,"Community resilience to natural disasters in the informal settlements in Mwanza City, Tanzania",12726091806087bc0556c6fa965bde891f351a33b017489034ea6c2759233158,1045
10.4081/jlimnol.2018.1760,Effects of a treated sewage effluent on behavioural traits in Diamesa cinerella and Daphnia magna,804533d3c219de061dd31ef500508aa8eea4c6e36dd6627cf9a540b65b3f79cc,2279
10.1108/s0732-067120190000040006,Innovation and Creativity: A New Facet of the Traditional Mission for University Libraries,e9c60cff43b8562a6914d09c853d71ae71a6892f501c48cab9393371103ca39d,2156
10.1016/j.ocecoaman.2018.02.003,Small-scale seagrass fisheries can reduce social vulnerability: a comparative case study,69b54f7653d6e01804bf77f93c62d9091a30e90e3e764ec60fe2228880f6d217,1936
10.1093/heapol/czw173,Allocation of development assistance for health: is the predominance of national income justified?,52e032663c013115de3f2296d42e1921ad4b8e76e4ae99d6e96ae386a67171b8,1971
10.1002/sd.1933,Corporate social responsibility and the role of rural women in sustainable agricultural development in sub‐Saharan Africa: Evidence from the Niger Delta in Nigeria,18409214d64e055ec5b4e87780209292b79b0f762ae2b501a52a0ef07259ee3d,1089
10.2118/190489-ms,Waste Water Treatment by Chemical Coagulation Method-Increasing Output and Reducing Environmental Impact,b935fae27f7e59e727fda304551c1a45e0fd6cf82a06a4bc267af253e5cd9192,3067
10.1080/21622671.2013.875938,"The Supreme Court, the Voting Rights Act and Competing National Imaginaries of the USA",0534d3fac1125d1eccf27889585c672999b065d919a5bbcf83e5c7262b5aed4e,772
10.1080/17452007.2017.1324401,"How house size impacts type, combination and size of rooms: a floor plan study of New Zealand houses",0334be8c45717dd0d972b3f0bcc1568bb53999040f4f894f306fc1c0886fefc0,1845
10.1016/j.wasman.2019.01.005,El efecto de la cultura sobre las atribuciones causales y convicciones de control en cuanto al cáncer y al infarto de miocardio. Una comparación trascultural con personas sanas en Alemania y España,8a101bab69e1f9468702097b305a75caf6b1bc97534127247e7a8caaf8f43c0c,1898
10.1088/1755-1315/220/1/012051,Utilisation of building information modelling for indoor environmental quality assessment – A review,bc2ecb0fc59a0cf6c9ee32bb3603925c3776b2ccd702f75ad865d815ec6b5617,1590
10.1109/biosciencesworld.2010.25,In situ Evidence on the Role of Benthic Invertebrates on the Decomposition of Drifting Algal Mats in a Brackish Water Ecosystem,a66126d24dd85ea96744cb12b875e00774217e7c5c1c32be10ed899067a43cbb,1797
10.1108/jsbed-01-2018-0033,Entrepreneurship development in Russia: is Russia a normal country? An empirical analysis,e5c72cc37861e1b94c7adcde11b89840784b149397d9d65da5d95e3415c54898,2368
10.3390/ijerph10104944,"“We Made the Rule, We Have to Stick to It”: Towards Effective Management of Environmental Tobacco Smoke in Remote Australian Aboriginal Communities",cf7fd5e7ded83bd147c53bee960cd498c84d62f7e046c01e3684bcb21afbc974,1473
10.1177/1321103x17734973,“We are often invisible”: A survey on safe space for LGBTQ students in secondary school choral programs,696e5797a7f5534d4ec7459b6cc0f0af42b520c78c9e2849f39fd7e3837c3bda,1032
10.3390/su11236658,Simultaneous Denitrification and Bio-Methanol Production for Sustainable Operation of Biogas Plants,c9d7e7d8b9ab6125541c857a2b403474de7dab47ca34c878aa11b10d322e6904,1044
10.1080/07293682.2011.530585,Soil and land constraint assessment for urban and regional planning,f51b6dd2c392cae0b6c5534b9656ee939a29a6db5ffbac3c4fc9bab9a5722a21,1559
10.1111/eva.12641,Demography and rapid local adaptation shape Creole cattle genome diversity in the tropics,dd29c01e24e90d0238b6e436b021928f903bb4a1fc89442b224cef122340515b,2085
10.1080/13549839.2011.574685,"Moving beyond the alternative: sustainable communities, rural resilience and the mainstreaming of local food",77de6a715d9ab329ab0840eae9056579c6f0c69147615047f8cc7860806c6eda,1225
10.1353/eca.2010.0017,State Fiscal Policies and Transitory Income Fluctuations,9cfca4cbda3c72aff31e56179c1e3f0f7d388ea140d9de3e6379f61b1a8df0c9,1363
10.1108/el-01-2017-0023,Social media use by undergraduate students of education in Nigeria: a survey,6262ae6638fbb649a47afe0d748653b0b5adedaa1962d1339f6fdc9b576f9c45,1680
10.1080/09669582.2015.1091466,Sustaining local language relationships through indigenous community-based tourism initiatives,44a6c3f4c889c4a617d34534ac04259e9282203edd924b5688d13ceb5d541960,1432
10.1017/cbo9781139236867.003,The Great Reforms and the new courts,0482f05b10eebe6693dc156d8c1b92515c441b8009a0b82f8d044e08540ea427,265
10.1021/es3051197,Prevented Mortality and Greenhouse Gas Emissions from Historical and Projected Nuclear Power,e80ef37db97ea52876dfea0051fa884fb4c8c89503b63e48b15ca1beeceb9fc0,1120
10.1017/s2045796017000634,Service user and caregiver involvement in mental health system strengthening in low- and middle-income countries: a cross-country qualitative study,e4a2f77c900bbd0007d4f157507aebe4f2c55b61aa2d403b222c825b7bc01978,1771
10.1111/rode.12587,Counting the uncounted: The consequences of children's domestic chores for health and education in Ethiopia,2ead00fe937ad2545ff777a1d8201ffd484b876f514b1cdec8ee54d5542dd065,1215
10.4324/9780203135716-14,The concept of equal opportunities in physical education with reference to gender equality,ab3aeebaf15148bce4fd31498dcba8c7afec60e3d627e00d460d8ad93f0661d8,689
10.7860/jcdr/2014/7532.3990,"A Review of Literature to Understand the Complexity of Equity, Ethics and Management for Achieving Public Health Goals in India",62d57c23ee0015814cc599fd6693b500132c38fce140a04ba9b2479650a93037,898
10.1109/ghtc46095.2019.9033110,"WIPO Re:Search: Driving Progress Toward the SDGs by Catalyzing Drug, Diagnostic, and Vaccine Development for Neglected Diseases",2fea5f197d0942b79df99293234279484cb6c24f8b8f464673389c778f6cfccb,890
10.1016/j.wace.2014.06.001,Barriers to reducing climate enhanced disaster risks in Least Developed Country-Small Islands through anticipatory adaptation,6e8136e85900c857eb2b45ced9b4f7bd69e3187a792070f15c7a797efd45da5d,2016
10.1017/cbo9780511977374.018,Poverty Reduction through Social Protection: A Potential Form of Debt-for-Development Exchange,88e0e12cacbdd42f8cb7e0bac46c6f99e21365e551045d7055d54d1bdfad1791,785
10.1111/ele.12194,"Penguatan kapasitas kelembagaan pos pelayanan terpadu dalam pelayanan sosial bagi lanjut usia: kasus di RW 10 Kelurahan Cempaka Baru, Jakarta Pusat",ef9cd769ed53ecaa77b31d2801fcb9dd608514b516772cf480b825ed9ca5bebb,999
10.1108/14676371011031838,"Sustainability in higher education in the Asia‐Pacific: developments, challenges, and prospects",a2faa2c24560abe8eede17ce602b0ab19275b0fc479ce9edd4faec744f6e7695,1593
10.1140/epjds/s13688-016-0075-3,Energy consumption prediction using people dynamics derived from cellular network data,94dc81065d95afeb0bfd3f36a3e58ac994f0dc9d5eda4faa40be30e758309475,1295
10.5198/jtlu.v7i1.333,A multi-agent planning support system for assessing the role of transportation and environmental objectives in urban planning,b266bc41d4d1aacfece600ed0c4e2549150454632043e0e58617370ae9ab7c9a,587
10.24818/ea/2018/48/454,The Direct and Indirect Impact of Pharmaceutical Industry in Economic Expansion and Job Creation: Evidence from Bootstrapping and Normal Theory Methods,fe5e3a2c71deaec88786afd0f035da06cef00009d30180023cfb40b27ed4b35b,1821
10.6119/jmst-012-0109-1,OPTIMAL DYNAMIC TEMPORAL-SPATIAL PARAMTER INVERSION METHODS FOR THE MARINE INTEGRATED ELEMENT WATER QUALITY MODEL USING A DATA-DRIVEN NEURAL NETWORK,7423fead558eff79697434cf7880d2c393519107750793da6b16ba5d1a28e0a6,1470
10.19191/ep18.5-6.p288.097,[Differences in mortality by educational level in Italy (2012-2014)].,b144470e0860b7c63b541cba9cf62e51f29928f0a0d71642e97deddc8b2157cb,1525
10.3868/s060-003-014-0008-6,Globalization and voluntary environmental management in developing countries,694636eef5d469ef09cc58ddd03ac2d9c9bba02cb488b42937dfe2743e9f3dc0,1156
10.1177/0094582x17730370,"From Structuralism to Neoliberal Depredation and Beyond: Economic Transformations and Labor Policies in Latin America, 1950–2016",674b6244afe9ca9fb689a6d7b1e90180c885058394b083432628b2ebd3879d8d,3147
10.1016/j.egypro.2017.12.188,Biomimicry principles as evaluation criteria of sustainability in the construction industry,00d0f5d23d1351583be96f6a24a33477d0267ed8f93be8b42a5913c192ab69ed,1153
10.30638/eemj.2014.162,DESIGN OF A MEASUREMENT MODEL FOR ENVIRONMENTAL PERFORMANCE: APPLICATION TO THE FOOD SECTOR,7dec3c9b50c68a04703e0c0d09229ae5a4336d10a08b9aa6d968b628823e8eaa,1507
10.3354/meps09596,"INTRODUCTION  Eelgrass recovery in the coastal bays of the Virginia Coast Reserve, USA",79854ecc9f0b5be98063b655ac7b315f7e24eba68acd036a8ede42bcb6640633,2017
10.1080/14693062.2014.1003774,GDP and employment effects of policies to close the 2020 emissions gap,ceaee394269392b7deb8fb7a661b7d4b016eab676c1ee8b7f8df9c897dbf43f9,1842
10.4028/www.scientific.net/amm.641-642.14,Allocation of Water Resources and Environment Management of the Bachuan River in Chongqing Based on Ecological Water Requirement,87b9568364bba1c7db29098ac5ed0a345efb193165a7b999315946aa81de6f11,1021
10.1080/07409710.2012.715966,"My Umbilical Cord to Goa: Food, Colonialism and Transnational Goan Life Experiences",c75dda3b4056938b767e8d7059795fdd5f14980962ca1e79e186c62d998efa1f,784
10.1111/j.1467-8330.2010.00819.x,Housing Regeneration and the Private Finance Initiative in England: Unstitching the Neoliberal Urban Straitjacket,83b63edeed796e4ac5e57ed61b12e4fdc89af017581542a97f1a4cacb92f1485,1237
10.3390/en11092213,An Assessment of Near-to-Mid-Term Economic Impacts and Energy Transitions under “2 °C” and “1.5 °C” Scenarios for India,296534b2f360d42110163028f2753f6b17b9a03fe8bca0ed81a3e0a000847e7e,1452
10.13031/trans.56.10041,Tensile Properties of Pumpkin Peel and Flesh Tissue and Review of Current Testing Methods,1907adf68ced5cf2603c4d4136f8dea8f2ff37513767ca03c2663ec3887080d5,1766
10.5367/te.2014.0372,The Economic Sustainability of Tourism Growth through Leakage Calculation,c36ef7e04a1287ec1abfc65b43e177902c759332a9e86b16b5d645964416b5a1,899
10.1371/journal.pone.0131949,Economic Evaluation alongside Multinational Studies: A Systematic Review of Empirical Studies,8ee6327c74faaa4c0f5f0b0ac35ae7994e06c5c459f0d96a647b4b924505a476,1453
10.7575/aiac.ijalel.v.5n.3p.203,"The Portrayal of Liberation and the Niger Delta Question in Arnold Udoka’s Akon, Long Walk to a Dream and Iyene: A Dance Drama",1d0d03f84356273534ca4b5a93075b03a0915459ff9798b033a27fc7ff0c36fb,2202
10.14505/jarle.v8.6(28).19,The Impact of government expenditure and sectoral investment on economic growth in South Africa,f02a2a3482087d03b1ebe332c32cba720963d633bc613f55e69a4463439d7f7d,1162
10.1007/s00267-011-9690-8,The Vulnverability Cube: A Multi-Dimensional Framework for Assessing Relative Vulnerability,f09b96151794f534e4b3920cfc4014cb0968315026e23b66a4ae72557755e378,1852
10.1080/09544828.2011.605061,A new method for evaluating the best product end-of-life strategy during the early design phase,264b80b0081117493d773717ae527ab1a419e89d137a376bd556a16e7a6ca21d,1158
10.18517/ijaseit.7.5.1510,Needs Analysis of Entrepreneurships Pedagogy of Technology and Vocational Education with Production Base Learning Approach in Higher Education,1f8fd8dd86a4bff4d9fbcf37efbb7c495c9242499671cabdb5fe5010aabc951d,1436
10.1021/acsomega.9b01129,Ultrasound-Assisted Alkaline Solution Reflux for As-Exfoliated MoS<sub>2</sub> Nanosheets,8292a60f8a015705e93f708e34ed2a4d5e391637f667362d25acf3294a99a85b,644
10.1590/s1519-69842013000400005,Economic valuation of plant diversity storage service provided by Brazilian rupestrian grassland ecosystems,38ebde1a9d70dee83089dbf7aaae7ae645ea471b6efab5207e497b5f9ddd22d7,1421
10.1111/issj.12113,Graduates’ views on the impact of adult education and training for poverty reduction in South Africa,fa27c7825366f3a31ed67a7ae304f66e3c3dbba7e6a36c6979655a03b3b4e802,1057
10.1109/ipact.2017.8245136,Lighting audit and energy efficient LED based lighting scheme for a pharmaceutical industry,7faf5589409a4980b8d823ab71395e5226e6f7f08c06b11be8986b8108b8b9d7,1317
10.1108/cc-11-2017-0046,"Indigenous knowledge representation in mitigation process: a study of communities’ understandings of natural disasters in Aceh Province, Indonesia",b2cc542cbb2aa15e47cb277dc0d1af2c09efde11d477b491ae2eae7eb285a442,2346
10.1080/22797254.2019.1580538,Forest management and sustainable urban development in the Curonian Spit,3b32cd8ed43f46b0e2c5ac4d5eca4f6b7c352c17ea93a07dd43f3ac667d7d217,1356
10.1021/es204704y,The Right Place for the Right Job in the Photovoltaic Life Cycle,2216487ab087e3d2099a1c27b210db4dbe61012ebd20a7ce1815d4b514302c59,1003
10.1177/0886260515569058,Violence Against Widows in Nepal,8de7655e5e8152970c297b122371f24fd24075ee4b1b955ff186db85eefee232,1406
10.1117/12.2320880,Analysis on land use changes and their driving forces in Weihai City between 2005 and 2015,fff4c4cc9aa6df1c366340b6c6cdafbf66c939ede1026d8f4710404697af01f4,1049
10.1080/13569783.2016.1263557,Finding a concrete utopia in the dystopia of a ‘sub-city’,04cbbd5ccb31c127ed30135e2e53a7bcc4d4b75c3b40d3e679f3471e51365c81,1360
10.1108/meq-05-2015-0074,Bioconversion of marine trash fish (MTF) to organic liquid fertilizer for effective solid waste management and its efficacy on Tomato growth,74a1ab22c44f692d64168c2763254314976fcc4bd3e60039e25565f5e3e7abdc,1395
10.5367/ihe.2012.0116,A Modular Approach for Training Employees in the Automotive Service Sector,bbbaf507ed2cc504757b76753d3873549d5d3d8b44f0b2a128e8c3f3c95e83aa,1161
10.4102/phcfm.v2i1.102,The willingness of private-sector doctors to manage public-sector HIV/AIDS patients in the eThekwini metropolitan region of KwaZulu-Natal,6b2b89446e063a01131708dfd0812e6ca32379abe80a7265766c27f321b6b99d,2243
10.30880/ijie.2019.11.06.031,Analysis of The Driving Forces of Urban Expansion in Luxor City by Remote Sensing Monitoring,8a0ee4a9cf49a9d1c4e1ffde74f5f8cfcbe5f072a865aeb1084e6dac267c4597,1923
10.1080/09669582.2017.1291648,The 2012 Olympic Ambassadors and sustainable tourism legacy,3d1c37c0afce9af7a11245d71e418afe5647dc18430f117465e3fbbca1183dc0,1315
10.14246/irspsd.2.1_23,Spatial Vulnerability and District Resilience for the Next Generation of CPTED,f5715f06eccb85e492cc87a19985a6cbce3e514a024be976a0386b52fe39b4a2,1649
10.1080/10288457.2011.10740715,Increasing The Socio-Cultural Relevance of Science Education for Sustainable Development,3441de658903ace2f7e27e8593504c831bd3faff6960c5637abbbe96c78e7d6e,1311
10.3390/su11247092,Sustainable Personal Transport Modes in a Life Cycle Perspective—Public or Private?,927f8382b15fc7890118dda430e87bb67de2fa748bc1c6dcc91b94ca2811ff14,1790
10.1093/acprof:oso/9780199556229.003.0015,Financial Management and Accountability Reform,63abd42ae18d727fd2f4f49b7dc8cd3bcfc7d1c7cefd656cb65d599eb989bf99,957
10.17159/wsa/2019.v45.i3.6735,"Smallholder willingness to pay and preferences in the way irrigation water should be managed: a choice experiment application in KwaZulu-Natal, South Africa",412dfc52d8aaa0eedfa86efcd04f305b9bf7f77f9859f2a57635971a908dd438,1765
10.1080/19371910902877217,"Efficiency of Health Care System at the Sub-State Level in Madhya Pradesh, India",99cffd332322d459ce5a7e518cceb7946a8be88b5f4c4cb2602c42276818e905,1514
10.1111/agec.12200,Evaluating the long‐term impacts of promoting “green” agriculture in the Amazon,0582450915abadc93352f19f78391546a7487a11a9de0631df1a38b938e5d95b,1269
10.1111/nyas.13613,What does popular media have to tell us about the future of seafood?,607533c9f1aa31e93d2d1992371fdda3a933a55f4c90bcb26a723f1a3328986d,1314
10.1080/12259276.2014.11666177,"Storm of Violence, Surge of Struggle: Women in the Aftermath of Typhoon Haiyan (Yolanda)",7cf3c12ee9cd7f3da529c14e390102e71f3b0675c04eb6790665f6233b1682a4,978
10.3390/su10103455,Consumption-Intention Formation in Education for Sustainable Development: An Adapted Model Based on the Theory of Planned Behavior,2b655ecdef8c8adad821ec0c7b7d4db799d2f85e36d09e9ecb135073707299b2,1127
10.1111/josi.12020,The Legal and Policy Implications of the “Flexibility Stigma”,2ec9f06902077ea864c9e0d6885c5739415137765857f9b7602154ca1bef80cb,951
10.17485/ijst/2016/v9i37/87422,Mycorrhizal Diversity: Methods and Constraints?,613368f60d810ea342cfd7a2906865f93243cd4643463d97d7314f0dd67a7288,1622
10.3141/2450-03,Private Road to Sustainable Mobility?,f29d25f4d23e816f3e627329b75c51aa9190834ce4ff63d99ea7b39757a3cb0d,891
10.1080/09571264.2018.1532880,Challenges and opportunities for the sustainable development of the wine tourism sector in Chile,80c11e07ebc86e37ab33df566c3ffac99790fbb626f77df4dfeaf25057965f1a,1497
10.1080/13621025.2016.1229196,Cityzenship: rightful presence and the urban commons,ade34e7c1aaa284822d0b6d6410aa9e179ed937950a34a9706eea258267a1e88,1456
10.3390/su10093058,Consumer Readiness to Reduce Meat Consumption for the Purpose of Environmental Sustainability: Insights from Norway,d73ee2a29872ddbb96d511a1a51f4e8e4d5caca2cf7045e96219a490844fa03f,1797
10.1080/02642069.2018.1480014,Space for the informal tourism economy,845db8a3080f24aa4210db20da3d52f6c6a461f30129c095f2ebfd330cb47f75,1310
10.1093/oxfordhb/9780199586103.013.0010,"Collective Agency, Systemic Consequences: Bargaining Coalitions in the WTO",a48da2d327af63aa8e71ee45d88a8082421d23051e344fcd77fa5f878551f649,1145
10.1061/41148(389)78,"Developing Site-Specific Total Suspended Solids Criteria for the Cheyenne River, South Dakota",6bfad3747fdd90dcd6bb1b7e5d8f36989abeacda93f0323ff93003b8d3f654bb,3486
10.1111/agec.12142,"Social capital, risk preference and adoption of improved farm land management practices in Ethiopia",15465c776b79082bcb3ff1e4dc9b929d9d1d2f01f9bbcb2b6c598876d15be8bb,1143
10.1590/s1517-707620180003.0529,Concreto autoadensável com baixo consumo de cimento: impacto da redução do consumo de cimento na resistência à compressão,b1830309349488924981e3b6c52a6dac1a58e8b713fcb5728b2572bf106597ca,1781
10.4324/9781315197166-7,The Domestic Implementation of International Law: A Canadian Case Study,3f990fb3f510e4052bca09d39a5f7326a3699057aea0a4e46cc4ba467833f8f8,981
10.1080/23288604.2018.1513264,Utilization of Health Care and Burden of Out-of-Pocket Health Expenditure in Zimbabwe: Results from a National Household Survey,ad22c26f8f54a475e0ebbd13b338d2b4d6c06ef0e39ebe7b2e688462f3bb8224,1277
10.1002/app5.146,Fiscal Challenges for Australia: The Next Decade and Beyond,5128c6df7226ed28e3fe8a30a236f7a6f04714872d80486f4a2ac4420ef1568a,1021
10.1111/rode.12180,"Information and Communications Technology, Agricultural Profitability and Child Labor in Rural<scp>P</scp>eru",b9944a9610c67e095c57821ad1b8e13e79f9eb46da30f77d0d944f6b2f0e6129,655
10.5901/mjss.2013.v4n10p291,State-NGO Relations in Africa,7ebd4a9cc1a91d9003c8e17acaa6b74f900dd54b9702b07d6076674f6c001195,1150
10.1108/ijoa-03-2017-1141,Organising household consumption and occupational proportions,ed1abe753a41bce2002378e9aac79688e5e2b72fe98865892cb2c390127ac9e8,2324
10.1017/s0033291714001962,Domestic and sexual violence against patients with severe mental illness,60ecb9893e1e0b11fd346fd18a8cace897f4592414b1adbac7324303c46c9297,1771
10.5846/stxb201401150114,"Effects of 8 Years of Conservational Tillage on Rice Yield and Soil Physical, Chemical and Biological Properties",2593324bfd017fc0b925b557514a6beb3e7a9ebb4cef8be58555f1b48b0f1029,5606
10.1111/chso.12264,"Eating with Friends, Family or Not at All: Young People's Experiences of Food Poverty in the <scp>UK</scp>",63243512f5e77df214602e22e1cc953b73020dd012fbf0ef40b48a6c8ca1edaf,698
10.1007/s12237-017-0331-1,Impacts of Coastal Land Use and Shoreline Armoring on Estuarine Ecosystems: an Introduction to a Special Issue,cbe1b21474e3cf674f392d410b30a504af1cb26c2f1e78fabdda086aefe699fa,1506
10.1177/0956247815595784,"Development and application of a methodology to assess sanitary risks in Maputo, Mozambique",ca1e47e543098628796f5509793dda09d1f089eae2b9eb9858e476c6c5e890cf,1172
10.1016/j.baae.2015.10.004,Promoting multiple ecosystem services with flower strips and participatory approaches in rice production landscapes,74f2119f615fd40900a370fb4fd6dd3b0c1b10bf869b321e44ae8aaead813431,4111
10.1108/s2040-724620180000008016,Cooperative Enterprises and Sustainable Development in Post-Crisis Nepal: A Social Responsibility Perspective on Women’s Employment and Empowerment,37ce10d1ea0850e7ea37adada4587a75af9868dedc27f55858f0078ac488b048,997
10.3303/cet1649083,Life cycle assessment to identify environmental improvements in an aerobic waste water treatment plant,e1f5add6ff7ca2c1600d877c74e372361b533e22605eaab6354d7a15f0d6754d,2238
10.1590/s0103-84782014000400002,Soil fungal and bacterial biomass determined by epifluorescence microscopy and mycorrhizal spore density in different sugarcane managements,9374ba0c6703725e3bb487d4f8e2cc848ed6696d264a96be7089e67710054a65,1580
10.1126/sciadv.1601939,Design and function of biomimetic multilayer water purification membranes,9b907488da32a2b55de3dab0d953a7dc16ecb1d1085f7c520039798a595796a3,1744
10.1080/00958964.2018.1509289,Community learnings through residential composting in apartment buildings,8a63a30434de9ba7acb917873f6be9190bc710072601c76e8d3cbbb9fd52bfea,834
10.1016/j.provac.2010.07.003,Aims and role of Novartis Vaccines Institute for Global Health (NVGH),faacd2d723c38f3fdaaa880e0ac9f2af7648629badb9d5b2cc6f22cddcd76689,1514
10.1080/03056244.2019.1609919,Family farms and the markets: examining the level of market-oriented production 15 years after the Zimbabwe Fast Track Land Reform programme,98eaea0466e084a5c389aed1bfa45c0341b5c0eccff4f6e89e22e125fe75f305,1561
10.1080/15332667.2015.1131078,"Human Rights, Corporate Social Responsibility, and<i>Fortune</i>Companies",5d7eb17fc79a19c80f716964c2e7fb68c716eb954458064bcd92280cd433c057,697
10.1080/15567036.2019.1666932,Simultaneous bioenergy generation and carbon dioxide sequestration from food wastewater using algae microbial fuel cell,281819bad4bfa5afb56f79d45e468236a40ec8cf96cdc9e378969bbbcd46f64f,1050
10.3390/atmos10090512,Experience from Integrated Air Quality Management in the Mexico City Metropolitan Area and Singapore,44638c326d028fe725233f0e6d1546035af0bf17aab2d0e8d173565cf3bc6929,1248
10.1007/s10811-017-1214-3,Physiology limits commercially viable photoautotrophic production of microalgal biofuels,45677e71413dab2169d7e6bab565d031b56450a1c420c5210638243becb5f0c4,1432
10.1097/ta.0b013e3182782480,Transportable extracorporeal lung support for rescue of severe respiratory failure in combat casualties,87777d30c7aec3f279f144d63a720253fe6882881f59a2cb06a118d4d962c1f7,2382
10.3368/lj.35.1.109,Divided Landscape: The Visual Culture of Urban Segregation,bca0cfde40edfdc3b540f591278b27fea77755889ee1177a51ac959d48667d49,1011
10.1080/02692171.2015.1016405,National culture and national savings: is there a link?,9ae19978c9d80aa1aa3fabbd7216f82070016e9f4faa2a31cebc2b59114aa1c4,1061
10.1108/ijse-11-2012-0211,The German miracle or the miracle of the cultural attitude,a369b634d4ab2815e20d44434462fc57f0cd343980f2060fcc2b32a1cd6b44cd,1307
10.4018/978-1-5225-4035-9.ch007,Financing Millennials in Developing Economies,355a18eced02eeb08e0eb2f7fa653e5d5cf03b089de9fb3563c91ea285b96b36,1049
10.4067/s0718-34022018000100191,La regionalización en un contexto de urbanización regional: desde los desafíos a las propuestas de nuevos criterios de zonificación para el caso chileno,aa7db33ab4ce7a5cdc580320fc85994e643b96a7fc3860cadba420fe81ad1b45,1108
10.1017/cbo9781316212677.005,‘You cannot hold two watermelons in one hand’:gender justice andanti-state local security institutions inPakistan and Afghanistan,69aff4d83998ccbdfd16625eaf5efa8134b716728d94ca6af38dd318aa2e4ae5,651
10.1016/j.earscirev.2016.01.012,A global spectral library to characterize the world's soil,b8bab2c7f155778e54be2e9e08729251ba738faeb01208bc56a39e10f0b4172e,2274
10.3389/fsufs.2019.00099,Food Insecurity and the Unsustainable Hunting of Wildlife in a UNESCO World Heritage Site,2bbe22162f01836050efdf5207ce1cb0846eb450e2dd972de5ffc84e7496e8ea,2186
10.1111/lit.12188,Literacy teaching in disadvantaged South African schools,7b291e3da31e3380c80be50c2efc496f872e3570c7ab07845b411913dc6b5320,1332
10.1002/er.2908,Reducing life-cycle environmental impacts of coal-power by using coal-mine methane,77e6f372434de111a4562946ee5e7b7424134152c3d1658676b09e96e2d62f1a,688
10.5755/j01.erem.73.2.18806,Analysis of air emissions and greenhouse gases in woody biomass production chain,c21de8028a012a0a47b48a7c82d0f579dd8cb87fdd4a82ea485fdcb8e19df2cc,2026
10.4324/9780429268168-12,The Uruguay Round: Implications for Turkish Agriculture,b03f93f1c85e63e423de815f68833c64f647108e8de5bd926f7ad426825b2dd4,1775
10.1177/0033354919878172,"Implementation of the US Department of Health and Human Services Zika Specimen Repository and Its Effect on Zika Diagnostic Test Development, 2016",5c37c2a7c40fc5dc481a07d9eb40c5f1d5b20fd14e2634f02b2f54dafe9dce8b,1314
10.1021/acs.est.7b01679,"Advanced Materials, Technologies, and Complex Systems Analyses: Emerging Opportunities to Enhance Urban Water Security",4395bebfc8ef087ee2fd06433b292c65447b9d14cea59b060617501550201f9f,650
10.1177/008124631204200415,Dialogic Reading and Child Language Growth — Combating Developmental Risk in South Africa,cd66833598febed5baa24a8c6a87891f72f9556c7fb1f7f0db529a79c88329d5,1381
10.1177/1049732313502396,Barriers to the Effective Use of Medico-Legal Findings in Sexual Assault Cases Worldwide,607fff8189d7fee069fb8dbefd32b52b7be4d8cac0c45c7fddedcfac7a1de1d8,1026
10.1111/ina.12239,Thermal and health outcomes of energy efficiency retrofits of homes of older adults,b2a74aa5191a89cc6f0cde7c1f915eb798519918bf472a7e02d7f814c2367dfb,1603
10.1088/1755-1315/323/1/012011,Challenges of retrofitting affordable housing to net-zero carbon in the United Arab Emirates,cb905c68c631d0be27dcaa4fabf507394d73494fda01f3768c1b3388ad93dcdd,1541
10.1016/j.promfg.2019.04.071,Innovation catalysts for industrial waste challenges: Sri Lankan and Thai cases,3335a74ed389c0efc1caebe9e67a90ad3ecb4a893106305e9b9517a6c379b02d,998
10.1108/jfm-10-2013-0051,Evaluating key risk factors for PPP water projects in Ghana: a Delphi study,0ba9949440a186fb661289a456eab660c1dceae7b92185d37c5b68e3ac95255e,1291
10.1016/j.proeng.2015.08.278,Beach Changes Observed in Phan Rang City in Southeast Vietnam,f814e770c4daa11b370c89f98e1585ca0ce030442a25762cccab737a0d7d2ee3,710
10.1177/0885412219842520,Clientelism and Planning in the Informal Settlements of Developing Democracies,52a3c3b86cc129a9fc6c7615a87ed7a6a6993877d80930743138275e19fa3a7d,650
10.1016/j.earscirev.2017.06.007,"Matrices, curves and indicators: A review of approaches to assess physical vulnerability to debris flows",c5321ed9a3cf0994dbb5609b62afc8d673fd052b344b596d318e6d4309f9fa6e,1282
10.1109/pimrc.2016.7794612,Energy efficiency for cloud-radio access networks with imperfect channel state information,eee426487ec9a8d97a78fcb34b6db20a170447fd786caef245ad41685e860190,1473
10.1080/00220388.2013.780041,Social Sustainability in Agriculture: An Anthropological Perspective on Child Labour in Cocoa Production in Ghana,61117340b2e6b05a3f23ae636d27c2e84eeee7c6770259d97c379c196e232378,636
10.17533/udea.le.n86a05,"Sostenibilidad del consumo doméstico de materiales de construcción en Colombia, 1990-2013",268f118b380536c970794c2e21fdc2352dbe215d94a4d087e26bf694eb0f658b,782
10.1016/s0968-8080(14)44803-1,Movement and counter-movement: a history of abortion law reform and the backlash in Colombia 2006–2014,53fc62147c56131e97cb824414708ae0a3764dab55e32779c25ac2dfcbe45240,1432
10.1029/2019gl082736,Urban Expansion and Drying Climate in an Urban Agglomeration of East China,bdd5c5e298b825dbce98cea25cd63f922e7325dcae411302d76ce8e44e2e8c08,1037
10.1515/njawhe-2014-0013,Opportunities and Threats for College Women’s Health: Health Care Reform and Higher Education,c66766ee0cb1c9c469becfa6619d6143357cf9ed40c959735a86172c3bae6d2a,552
10.1016/j.proeng.2016.08.829,From Planning to Smart Management of Historic Industrial Brownfield Regeneration,816087c1f5461aa1fd99df649b9f63a5a0df10562008266f28bffe4af82ff9bc,1305
10.1088/1755-1315/39/1/012026,The model test of restoration project of the gravel beach of Chen Village fishing port,9958373f467e79f9b3bbf1dde3aa982ee16cddf11bec60d71ddff79e7058b616,786
10.5755/j01.ee.27.3.13799,From Patent Counting Towards the System of IP Strategic Indicators,0163e0b58331a5ca496f05692ab41404fe842bac9bcfb2ae39b649730637a46e,1815
10.17660/actahortic.2010.879.31,PROTECTING THE AFRICAN BANANA (MUSA SPP.): PROSPECTS AND CHALLENGES,8c318de194636faa5ddb4f684641f5b4f1cdff2027ece47784018c1260bc6445,235
10.1002/9781119318583,Materials and Infrastructures 1,ecc174ba2fd685132aa68047222a70b202a8e7cf2fc9896f9cb0273725239d3d,1237
10.1080/07900627.2012.684311,Principles of Transboundary Water Resources Management and Water-related Agreements in Central Asia: An Analysis,ba5d9f5eeea9c5b7c1b292a97cf3421a3af556439a1ce71c3066f9d2650b0a04,669
10.2489/jswc.66.2.132,Runoff water quality and vegetative establishment for groundcovers on steep slopes,d930f3f6cda1ac1672e3e779742dfc97d473c7460d4f9acdb962e0df133fb9ec,1998
10.1111/1467-8454.12095,Capital Inflows and House Prices: Aggregate and Regional Evidence from China,35648d4efdbeab63bc4e5733ad0343c814de4999148b75b08dc87cf67f4cd012,2182
10.15211/soveurope32016111120,Poverty and inequality in European Union,955301e9f8ac73dc582c473cc9b922e7852564cee11debc8f2c1b719d520cb02,198
10.1073/pnas.1114215109,Ecosystem service tradeoff analysis reveals the value of marine spatial planning for multiple ocean uses,b955d53cdb494c839c5409f7fa848a59b1ff2a7f2df564c6baa9df1857c3cfb5,1690
10.1097/01.naj.0000511566.12446.45,Nurses on the Front Lines: Improving Adolescent Sexual and Reproductive Health Across Health Care Settings.,f328795d294c6574b88f23803cebdfd766f585f7c3578005329787910c214e7f,1177
10.1515/revce-2016-0019,A review of electrocoagulation technology for the treatment of textile wastewater,d01fc825147ea99384bd73d39fae4232ef2403d107e4dd7df96718a155e01b46,1843
10.1108/bfj-04-2015-0131,Factors driving sustainable choice: the case of wine,c2a315e33189176ab3eb6549576de3cb784dad308a060779d2d595cc36f67620,2000
10.1080/03057267.2014.957558,Equity in informal science education: developing an access and equity framework for science museums and science centres,f371eccbe257059fdc4753f948a9eae7792a74f11f0cf46dd5664439786fe954,1038
10.1186/s12939-017-0663-2,"Devolution and its effects on health workforce and commodities management – early implementation experiences in Kilifi County, Kenya",c7bb3b522e825c37128151ed7ea7ce412bf0c1d0ff79885b0a1c22d8078fee08,2458
10.1080/17513057.2010.533788,European Identity: Across Which Lines? Defining Europe Through Public Discourses on the Roma,39b8ea21e85f53aa995907627663e48e45202b963c2009b430b8bd378b411bf7,889
10.3390/ijerph13100959,"A Cross-Sectional Study of Tobacco Advertising, Promotion, and Sponsorship in Airports across Europe and the United States",1d742bbce626b40024b5e18b4b5d4361fd319b828478d2a513ef854b2b6d4fb8,1531
10.5894/rgci610,"Extracção de areia na praia de Calhetona (Ilha de Santiago, Cabo Verde): causas, processos e consequências",4a3a2a26fa11ad8f7337953f23211a56edc23d06b9cae26474f401650d8fdd4f,1280
10.17310/ntj.2015.1.02,DOES FEDERAL DEDUCTIBILITY AFFECT STATE AND LOCAL REVENUE SOURCES?,459726e36e450d6dfb056a0f957693ae0c9fc7634d92b17fd4123698ea144570,702
10.5572/ajae.2014.8.1.048,"District Energy Use Patterns and Potential Savings in the Built Environment: Case Study of Two Districts in Seoul, South Korea",11ad34141c84da6ed14c01277a80199da5b1e4431823eaca686b69dcee6834d7,1614
10.1016/s2095-3119(16)61481-8,Grain yield and water use of winter wheat as affected by water and sulfur supply in the North China Plain,39dc0a0b2975708b2e1e4e3b2f254d7dbc9f3c1cce228b32f8a35a5387058f08,1890
10.4209/aaqr.2015.03.0193,Hybridization of Air Quality Forecasting Models Using Machine Learning and Clustering: An Original Approach to Detect Pollutant Peaks,73d172ef37c179d3927e851abd48edd671a37fbe3e4d8b294a75241a372530ea,1436
10.4324/9781315161839,Living with the Sea,278e72e25151bc4e4dbf7d97b3c75bdf2741111e50f674457c8b7d1dbf8c8c4f,362
10.1068/a140250p,Grassroots Innovation for Urban Sustainability: Comparing the Diffusion Pathways of Three Ecovillage Projects,19d43b5763a02d7b39be6268182108d55316c5065e5e0917ef4d88bc17e1da38,1019
10.1021/acs.est.8b07288,A Systems Approach To Assess Trade Dependencies in U.S. Food–Energy–Water Nexus,7594fbbf3b2f3feba964752404d8de9f661de0553bf5f6b33e8a9f4ef2b92ce9,1834
10.1136/bmjgh-2018-000773,"Lifetime prevalence, correlates and health consequences of gender-based violence victimisation and perpetration among men and women in Somalia",4c90ce0e3948b35de819f093b8c96d07f8738bb2bb973dd22a651c67ac238b7a,1801
10.1111/conl.12586,Conserving European biodiversity across realms,6adfbf43f199a4d43bd8e5bc8711539eae504a97355fd1dab31ef55ac53f70a0,1446
10.1371/journal.pone.0135597,The Influence of Drivers and Barriers on Urban Adaptation and Mitigation Plans—An Empirical Analysis of European Cities,5999c8660dbeb34f928d577d90b593a7bca18da8d42632040317eab323c7e61f,1709
10.1061/(asce)ee.1943-7870.0001235,Effect of Chemical Coagulation Pretreatment on Anaerobic Digestion of Tannery Wastewater,ea4e0044276d4bf85435e529ef8474cd8ac4cc2f99ba6ae85c9c06b58a750f89,1564
10.1186/s12960-016-0106-y,Systematic review on human resources for health interventions to improve maternal health outcomes: evidence from low- and middle-income countries,7715f62c372aa8eb177209ff34b9c4778623af45aaad34cbe4042dbe79b4b9d6,1750
10.3303/cet1870341,CFD Simulation of Cross-Flow Filtration,8dcf0d3c210e5047aaf6e42cd6627991c3c0f1a0767f0859a4fdd9f8323e28cd,1776
10.4028/www.scientific.net/amr.610-613.3338,The Analysis and Mathematical Model of Sustainable Development Tactics of Regional Forest Resources,7501e3e519be6843be479fb869911b6bcdd38553e0ce34a465554d911b371e35,833
10.1016/j.egypro.2017.12.159,Green Economy Innovation Index (GEII) ‐ a normative innovation approach for Germany &amp; its FEW Nexus,c7ade59a50ac6a22c47c1ecd2eb23223d219bef9ff1b103625d57a84cb3b0861,1588
10.1186/1475-2875-12-416,"Relative importance of climatic, geographic and socio-economic determinants of malaria in Malawi",7493830fbdd73bd3a88746e47090af6f1bd281c292473012e8ebc18c746fc36d,2438
10.3390/w10050630,Simplified Direct Water Footprint Model to Support Urban Water Management,d57dd56fd75d6daf3d324eebdf6f11da2128bdbf0fc41c2a2655f785a2762da8,941
10.1145/3333165.3333170,Towards a new generation of farming system,4689b4700c389e8002599f6bb653376ad66b736bbb368a9aabbd1501b4f070ec,935
10.1111/nuf.12122,Reproductive Life Planning: A Concept Analysis,b3b9a61e2c655dd83847e6e79972041387d24f62fed051844f2a869a248e3538,1177
10.1177/1388262719890980,The ILO Social Protection Floors Recommendation and its relevance in the European context,6f43f6a5af0d9603621624a4796caf8845ffa24303dc92b6e5f4eaeff599c176,923
10.26444/aaem/103871,"Scale and forms of domestic violence against schoolchildren in rural, rural-urban and urban areas",79c7cc5b3ed5ffdc5991fd63679b4c8933aa6051387a7f49750dfeacedc6fcc2,1658
10.1111/j.1749-124x.2013.12022.x,Roots of Tomorrow's Digital Divide: Documenting Computer Use and Internet Access in China's Elementary Schools Today,bbbe455c7c90bf0f8f94646f85fcf82ce1a2c0cd53054c52df4aec6f17d00b24,1375
10.1186/s40621-016-0069-4,Associations of financial stressors and physical intimate partner violence perpetration,d3b65f289e0f52cb54ef7f5cf54ee9aff859a74378ab3dc3fe4dc02e06e90535,2334
10.5751/es-08445-210229,Key insights for the future of urban ecosystem services research,24ce0834dc6c2b02d8ffc2d23ad051c408529c74112156181bf00edc4d61772e,467
10.24867/ijiem-2019-2-237,Environmental Sustainability in the Context of Mass Personalisation – Quantification of the Carbon Footprint with Life Cycle Assessment,f1b6fd73481d09992c107026b9febb7141553a3a1062e4a9ae4d79356d542613,1693
10.3382/ps.2010-00877,Environmental impacts and sustainability of egg production systems,a9d6899d0c2382d1d2d463124a9c28186d4d6610d108f7eb45868bda508a0d62,2220
10.4324/9781936331116,Negotiating Environment and Science,e36b31266e9c9213741dcfa3d908ccaa09700e21efdf5efa8521f2edc24160bc,2075
10.1061/(asce)wr.1943-5452.0000823,Water Supply Infrastructure Planning: Decision-Making Framework to Classify Multiple Uncertainties and Evaluate Flexible Design,a57ae3dbfa2fbfe16809297653410a5c75528a0fe6f723b863b04c00c6f5dcbe,1241
10.1017/s037689291100049x,Compensation for ecosystem services: an evaluation of efforts to achieve conservation and development in Ecuadorian páramo grasslands,f3b4e2acd748ac9a6cb2f77fe1fc27f787c2aa65afcce4890219180d3bea7e07,1500
10.1186/s12978-018-0568-6,"Protocol of an open, three-arm, individually randomized trial assessing the effect of delivering sexual and reproductive health information to young people (aged 13–24) in Kenya and Peru via mobile phones: adolescent/youth reproductive mobile access and delivery initiative for love and life outcomes (ARMADILLO) study stage 2",dc4bedd5bdc264b4b7aedeafefb5e212151fc20d49843069646f9498a687e7c6,2374
10.18517/ijaseit.6.3.741,Bridging Food Security and Agriculture Development through Regional Planning,7e98851f2a9b1c6bb8ef8762ce1e2f953db28714a07e0e81cebf536d77a81156,1202
10.1002/sd.1585,Comparison of Measurement Systems for Sustainable Development at the National Level,08a290419a7dcc1da2a0d2814ad8e8dfc217586bef2034c9bc7be57fbe59a31e,1102
10.5846/stxb201406171257,"Linkage analysis of water use among industrial sectors in the middle reaches of the Heihe River Basin, China",22d7688830061cc6e8af726abc0e4efc6d9b5a1b9bf9095ecfd162c8d6abb977,409
10.15517/rbt.v66i1.33258,Estudios de zooplancton marino en Costa Rica: una revisión y perspectivas a futuro,6dd5125aaf99c7de3720964eb235c757e857dc4d6658c6f5ed58106c0d23f843,3145
10.1016/j.ijsbe.2017.10.002,Understanding sustainable development in Finnish water supply and sanitation services,a52899bb2b0d831e63b1a5aba5a572db3eeea5c89a9a9383b18c2541d4011c60,1459
10.1146/annurev-publhealth-031914-122621,"Food System Policy, Public Health, and Human Rights in the United States",8915e433028276d4a21a5a6e00d50889b04c63653fea88bb3d118ab7b92d674b,1187
10.4018/978-1-5225-0519-8.ch017,Efficacy of Art Therapy in Treating Patients with Paranoid Schizophrenia,637731960d36152b6fc2671709169990eb2094d5b69845e99ebbf425ad337171,1097
10.1016/j.egypro.2017.07.066,Sustainability of the Expansion Areas for Coastal Touristic Sites “E.A.C.T.S” Such as the case of El-Aouana in Algeria: Indicators for considering biodiversity,b4c15d85806e9a8171aa9bd432ee036404ab2b65e791435dda3d4517ca1f7df2,1267
10.7189/jogh.09.010902,"“Every Newborn-BIRTH” protocol: observational study validating indicators for coverage and quality of maternal and newborn health care in Bangladesh, Nepal and Tanzania",3ccf207f22a31f627c8247d52da4f91d57f3e8afbb7b80e1bc8dc5bb17699db6,1917
10.5588/ijtld.10.0447,The Innovative Socio-economic Interventions Against Tuberculosis (ISIAT) project: an operational assessment,a4623869eae4cf9614f82143e98d4f84aed24a2d1dd81fd44df1bda1004efc79,1660
10.1186/s12889-015-1961-5,Suicide related ideation and behavior among Canadian gay and bisexual men: a syndemic analysis,550d234b5eb0aa4c5770a64e2bf54a3ac5e24300ce30f3106c20856860efff40,1970
10.3390/su8101067,Contributing to Sustainability Education of East Asian University Students through a Field Trip Experience: A Social-Ecological Perspective,efde43b66fac61200ab6882d58e663b3fd9cff781dfb1c99c1a21adc893acecd,1565
10.4324/9780203500767,Discrimination and the Law,18d7dbcb88bf89f5cb8a1f22effbd5679a420356b407df5562e9dd9dd505da3b,1332
10.1080/18918131.2016.1248002,Women's Rights and the Convention on the Elimination of all Forms of Discrimination Against Women: Unlocking the Potential of the Optional Protocol,ad584593594dacc61bcc981f82b36b35301ce6b6e6cd329fd0f4c0c37537c9eb,694
10.4324/9781315188980,Diversity in the Workforce,be1e024bf552488d80cc7f31f2fe01e56bc0394eacc4f1bbd83f2cca3580db9a,957
10.3390/su6118012,"Energy Consumption and Carbon Dioxide Emissions of China’s Non-Metallic Mineral Products Industry: Present State, Prospects and Policy Analysis",17fa0274565164234b09ed51342f03c5597ce3eb7eaaaf122ff855efb49658f4,1135
10.1515/eces-2015-0032,Low Impact Development Practices: A Review of Current Research and Recommendations for Future Directions,6824fbfaae3709196c136d4e64eef87add74103b8c9244e031ed8d34367582ee,1396
10.1007/s13213-015-1154-6,Agronomic and environmental aspects of diazotrophic bacteria in rice fields,d4f0d67a8a3eb8731206c78a76169e7a0fff9e61fa9aabc9132b530f2192157a,1078
10.1016/j.socscimed.2015.07.007,Seven key investments for health equity across the lifecourse: Scotland versus the rest of the UK,72db07608375c7f140604253be198a79b680165d3ef8dddb9cb3e0385a448e8f,1997
10.1002/ldr.2609,Dynamics of Agrarian Systems and Land Use Change in North Vietnam,e2b02574a706625d073d2abb491d1d71cc88160b00fa96955125c505548378b3,1772
10.1016/j.adolescence.2017.05.002,Relationship violence victimization and binge drinking trajectories among a nationally representative sample of adolescents,7881414291d67da8d4210ddf14345093ba5b156ef3427faf6b5372b93e341fd8,1027
10.1108/s2042-1443(2010)0000002020,Chapter 17 Islamicization of Promotion,b38812b44787fac3a32e8f5ea91a574db9afabfd5ca408a2563bd5f5ed3fe5cb,697
10.4324/9781315609621,Social Systems Theory and Judicial Review,e790ffd27ab36401d50fd796b19f22b0a4c91ad10f7351b7562df9b41003fa6e,1196
10.15203/ozp.1088.vol45iss2,Austrian development policy - from global to neighbourhood policy?,fe8eda7d80458a5d8a50138ad638536594f966773e37f3ec0206f251a2d2f32b,1096
10.1002/bbb.1577,Environmental assessment of bioethanol from onshore grown green seaweed,d4aa4b243bdd979b6ed183ec1a5a7a6cee091425ef57f64754acfd7d45fad7bc,1464
10.1108/ijoem-09-2012-0123,Africa as a source location: literature review and implications,16d1f9abadaf62dc6ceb2376c4270532f9af1ac3f1cb4505d7c7e959eaed0807,2666
10.17059/2017-4-11,Regional Entrepreneurship System: Development Parameters and Potential of Reconfiguration,72dcf4938f505b8363ff1cd88b29420b3c4c97a94607228dd95cfb5ef968e5e3,2315
10.2118/183713-ms,The Future of Petrotechnical Leadership: Developing Young Innovators for Tomorrow's Challenges through Volunteer Leadership,bff30365889115088979a18086344ee587ddeca4755de07ec6db512b55964d1f,2539
10.2478/aep-2014-0032,Curve Number Estimation for a Small Urban Catchment from Recorded Rainfall-Runoff Events,6348a9cf02551ed798a102fc3acbe58713665bdfda4826148fe75e6db7bf71e3,1149
10.1111/gcb.12368,Simulating greenhouse gas mitigation potentials for Chinese Croplands using the <scp>DAYCENT</scp> ecosystem model,433abbe9dcf16b5bd87ff01d7388cbb704d47567f8dd8cc572d798d79884f079,1445
10.1007/s11069-017-3038-5,"Erosion consequences on beach functions along the Maresme coast (NW Mediterranean, Spain)",efb1f0d58f0ef6d231e4b672f1f40babc941d83630a65485ef05263265cc71e8,1300
10.1111/ijet.12055,Regime type and international commercial agreements,b72b663fd77f3251f5308b8d02205a62b270d0f890e479cd9c967c930d2f3da2,930
10.1016/j.worlddev.2016.08.015,"Women, Weather, and Woes: The Triangular Dynamics of Female-Headed Households, Economic Vulnerability, and Climate Variability in South Africa",77031d89dde5df5fb5f8b84e84d7c8e37eed3e1efaec820ca02df5d1c62a1eca,1919
10.1556/032.2019.69.1.4,Unconditional basic income as an instrument for reducing income inequalities. The case of Poland,1b3be65c90b5a6e953bf2f43bc20cd1071745e1e0ae7b29d2be99374536eaff3,903
10.1177/0886260512468236,Physical and Emotional Abuse in Romantic Relationships,242e36b1c681b0f299482942c79179453875c8017b4386f6a06558ae5299423b,1283
10.7448/ias.17.1.18808,High HIV incidence in the postpartum period sustains vertical transmission in settings with generalized epidemics: a cohort study in Southern Mozambique,d738f3ec809545a376925b858cef9c46fc3787cc148386303ec577d02ba1f82f,2074
10.5194/isprs-archives-xlii-4-w5-107-2017,THE EFFECTS OF BUILT-UP AND GREEN AREAS ON THE LAND SURFACE TEMPERATURE OF THE KUALA LUMPUR CITY,258b059ef9e82e757a83e2f89a72f1ae4721b840efc6b08bd7de159280858beb,1595
10.2495/esus110031,How small island governments are responding to the development of energy technologies,c58340be9795b9b26bce1ee9ca67b94d834d5b89acbe62981a7874435ef52090,214
10.1111/birt.12085,Fistula and Other Adverse Reproductive Health Outcomes among Women Victims of Conflict‐Related Sexual Violence: A Population‐Based Cross‐Sectional Study,037097f09b49fa2c51f36cc644f1a2e8531087bd3670c7a74cbc61949ad887ad,1748
10.1080/10810730.2010.522690,"Socioeconomic Status, Statistical Confidence, and Patient–Provider Communication: An Analysis of the Health Information National Trends Survey (HINTS 2007)",62b6af6e28a0125942d52b56ad27cf838ace830d2f1a458c2734403b12478d2e,1435
10.1088/1755-1315/278/1/012032,"Bioeconomic analysis on coral fish in Raja Ampat Regency, West Papua Province",35d027545ceadf457237b5a6488307171dc0c4f26325c7878c8e250592db64c0,1248
10.1542/peds.2009-1994,Family-Centered Care for US Children With Special Health Care Needs: Who Gets It and Why?,2b55899ea085846d2325557008bcb8f012a8e70a3e81c466cc8a97f1ceb51c21,1836
10.4102/jamba.v9i1.391,Social impacts of corruption upon community resilience and poverty,aea8cb474d091cdcecf2c52bca220d77c75039ef3fd603d524de23000d5340be,1041
10.1080/09669582.2018.1486786,Erratum,0038b53f0ab091abd770cb5fedc60c9c7c5946a884f43ec275d0dbd7e10d3f2e,191
10.5846/stxb201802090350,Review on sponge city research: from hydrological process to ecological restoration,653b4069fb3b41a5214c3d804be9174531114e2e6cd242f9fa049e1f9ef856c4,331
10.2166/wpt.2012.100,Wastewater and organic waste to bioenergy,2d0a9d6d6fa0f171a12e2b83b41deadbd706336ba13f25bf48d692bc56d36868,2306
10.1093/erae/jbp042,"Wastewater irrigation, unobservable food quality and the efficiency of local food markets",0504b4b47508e54435a532ced6608a631070bd98d402f22949388400db414d68,708
10.1097/01.aog.0000423821.70036.5a,Committee Opinion No. 547,dd173e40ed544ecf00bec7d8998d4b0e9a50066972416c571e1eb93c4dd8ff6c,1049
10.4067/s0718-33992014000200003,Política Criminal en España y discriminación xenófoba: la centralidad de los delitos de provocación a la discriminación,6cb2d67ae39a7b7b0097a28471f0a612ed37bec43b7e545c00b176f7126ef5f2,996
10.5194/hess-19-839-2015,"Uncertainty analysis of a spatially explicit annual water-balance model: case study of the Cape Fear basin, North Carolina",913621c96de2f598402013c100f2d57e7e7fba845146b6235eeec3071408c7f2,1625
10.1111/j.1365-2427.2010.02515.x,Freshwater conservation planning: an introduction,b30844d09f8bcb39d5c46012b95baf70465194effbf9e6e521533a6b0b9b417b,718
10.1363/psrh.12042,Does Contraceptive Use in the United States Meet Global Goals?,7d3931c5ea10ac5a3d57592b397d0bd0986b61ead155e894622f7a940e4d3792,1665
10.1063/1.5114091,Regression analysis of the effect of meteorological parameters on air quality in three neighboring cities located on the Mediterranean coast of Turkey,285f8c933b0f46c7bfa70f761244b02f50a0a2c955c6ecb1188ad296379fa2b5,1595
10.17645/si.v4i3.502,"Transport and Access to Inclusive Education in Mashonaland West Province, Zimbabwe",98e6bab8aca9be9238703920df6c527058590856ea2463cd74d9d7cc95679e66,1731
10.1590/0102-311x00074514,"AIDS em crianças: a influência dos diferenciais socioeconômicos no Município de Fortaleza, Ceará, Brasil",a2f85bb3cc1345284e69c0e91d1b7fbdaf212275d45c8664cc39215a65d32255,1038
10.1057/978-1-137-58817-3_2,"Barentsburg and Beyond: Coal, Science, Tourism, and the Geopolitical Imaginaries of Svalbard’s “New North”",77cb727f517941b03333397983eb005e36b679f4e35a3fa8561be85f9dbcdcbb,949
10.4028/www.scientific.net/kem.474-476.1306,Developing Environmental Quality Evaluation Indexes for Mountain and Lake Tourism Attractions in Xinjiang,364f1017584361f8e8037535e545c225a2f1f6830f34d97dd47174e739859d89,514
10.1016/j.envsci.2015.04.017,The causes and unintended consequences of a paradigm shift in corn production practices,4d67863b87e70b525817cf8cd07a4415b91645795a361d329671cf14ee5b281f,856
10.1371/journal.pone.0133241,Multidimensional Measurement of Household Water Poverty in a Mumbai Slum: Looking Beyond Water Quality,b5c9ca11b8132ac00ef2cfb5e0c0fa244a503d04e0e539a85be335d6c2c34fa1,2003
10.1080/17487870.2017.1283890,"Poverty, disputes, and access to justice in two Indonesian provinces",12d3a03df9e6a942319da066a09327525044d1550cb8442f915121681964a205,680
10.1002/eet.1759,"On the Necessity of an Integrated, Participative and Adaptive Approach to Sustainable Urban Environmental Quality Planning",c5adc7fabda56114721c0d6af768031c0a36043b63b1f079a10be6b763b46a0e,889
10.1108/03068291111143901,Is child work a deterrent to school attendance and school attainment?,938348256f8d5d4b6e9396db2ce7e5836cccb65822c5bef12ff6cb41862395f3,1348
10.1111/dpr.12399,Over‐indebtedness and microcredit in Cambodia: Moving beyond borrower‐centric frames,d8b0456ba1d7280192fc6b8bbc6a7d82f8c2fc67dc05514c2b074f0023ac9360,1308
10.1111/gcb.13875,Tracing biogeochemical subsidies from glacier runoff into Alaska's coastal marine food webs,c6e0815944e20c1707132dd5b2feb68cb3b5384d06969434bd8ac172cd2ed4d9,2120
10.1051/ro/2018033,Production-inventory and emission reduction investment decision under carbon cap-and-trade policy,40915effd26051109470c1ae8a0cd6eaa783982f7e4fb259c6ac72cba9356a12,1357
10.22381/ghir9120174,TOWARD A CITIZEN SOLDIER PARADIGM? ASSESSING THREE DECADES OF CIVIL–MILITARY RELATIONS IN ARGENTINA,f74d8995404d56cafe2a656ce693380c7a3e82b754fad2577ba4b62fe5ba6f69,4098
10.3303/cet1758037,Tillage Effects on Some Soil Physical Properties in a Semi- Arid Mediterranean Region of Turkey,626072d140209c6dcba14d400bcbd71c41ae0ada342d3d71709450d30c52ce25,2254
10.22438/jeb/40/3/mrn-891,Improvements in biomass production: Learning lessons from the bioenergy plants maize and sorghum,0ba825614601268ed8827e2ecd7d03396baeb4c8717013f612e4b979df127121,913
10.1504/ijnd.2010.033765,Sustainable desalination technologies for future,e7ac2072e208c3b2e81bb970b9aa50ef35e2e03933e0b1457337ce4c0b444610,1162
10.30638/eemj.2014.274,ENVIRONMENTAL ISSUES TO PROFILE THE CONSUMERS' ATTITUDE: A LATENT SEGMENTATION APPROACH,912abbfbfce128aeae23e2bde274d2832e3a51af5c2641964352439768724315,1981
10.1088/1755-1315/361/1/012027,The mapping of sustainable food agriculture land in Kediri City,053462601465cd77a2db3c6e13d9121ddb25e8b1dda2703694d9d9fdbb5a0c51,1800
10.5380/rinc.v6i2.70080,Anti-racism legislation in Brazil: the role of the Courts in the reproduction of the myth of racial democracy,87fc859ae540da9f21857fd378efe50fbaf1c3e4bbf7e4942470bd8d4e563d17,785
10.7448/ias.17.3.19151,Communicating about microbicides with women in mind: tailoring messages for specific audiences,1892dec2b2ff909a8c2f1ac1124a0373e1f40aec2e3af774398b623b0a2a2edb,2339
10.1186/s12889-019-7475-9,"Food safety knowledge, attitudes, and behavior of street food vendors and consumers in Handan, a third tier city in China",2c0ef6439eead7b7f821038639f336993a25003aacf5953eb758daab78b3cbb5,3059
10.1111/roiw.12372,"Fiscal Policy, Income Redistribution, and Poverty Reduction: Evidence from Tunisia",2d52b413b40520e28fe98ac54c9ca941eb395444f84b94e2bdd9a8f16f07cd65,596
10.4018/978-1-4666-6441-8.ch013,Fishermen on Oman's Batinah Coast,f1f98d4bf92e083df8004683434b15ff5ab1bb98bf35f7748b437d856672828e,1588
10.2134/asaspecpub60.c1,Compatibility of Food Production and Protection of the Environment: An International Agenda for Research and Education,3314384daa1b2276aa814d855c0cb49810918e9a73f23765fc9babf2e852f9a1,1276
10.1080/1554477x.2015.1050906,The Political Gender Gap in Afghanistan,9655f082f3b7987472d3bccdd25aa374708327225d156a1fd9345da5b521633b,954
10.1177/156482651303400308,Implications of Acquired Environmental Enteric Dysfunction for Growth and Stunting in Infants and Children Living in Low- and Middle-Income Countries,c8ca6f879580aee07e5cbe10ef8ce9b20f7d41877d57cca5e4618092d7294530,1546
10.1109/ivs.2012.6232127,Estimating energy consumption for routing algorithms,42aef15589f47b4a88ee63b634d86f60c697f806f66f58d24cacfd20a9d676c6,1109
10.3390/su9020325,Restructuring the Vietnamese Rice Sector: Towards Increasing Sustainability,415d3ddefd9535f938822150560252162d539bd1976d12a6722d5b932b1041bf,1080
10.1016/j.prevetmed.2018.08.004,Eliciting preferences for attributes of Newcastle disease vaccination programmes for village poultry in Ethiopia,dc080f548fa12f83cd3b9511a16f00900592fe3f190462ff7d4408d939f14aa5,1717
10.20965/jdr.2015.p0204,"Area Business Continuity Management, A New Approach to Sustainable Local Economy",135f481627895bcedddf848b27b3e269132ec672cf80edb9f62a8444f10e159e,3369
10.1002/bse.2250,"A study of environmental policies and regulations, governance structures, and environmental performance: The role of female directors",253fb33f52706351c5316af5346100aed730e25120134ae8637c97d488186bd1,1735
10.3389/fsufs.2019.00003,Financing Large-Scale Mitigation by Smallholder Farmers: What Roles for Public Climate Finance?,678637bc114fff4f63e2b630eb01975c113ad7a9c53277feb924276598f42c3f,1864
10.1515/ijsl-2016-0049,Status of “women’s language” in a multilingual jurisdiction: power and ethics in legal monolingualism,4f738c1be9931fd64d1d5ce4b65e61eb59807c5af96c4062925cf14d7cf82e9e,117
10.3138/cjwl.31.2.03,The “Statutory Rape” Myth: A Case Law Study of Sexual Assaults against Adolescent Girls,594dd8d23a4a20037e37e0dd61eccb23a0aa8f410dd5f49fced3ab04ba1637ee,1117
10.2175/106143017x14902968254764,Simulation of Rainfall‐Runoff Response in Ecological Swale with On‐Line Subsurface Detention Using Infoworks SD,1f65c32f829b68cffd9264e7d0455287efdb904ceae722313bd059e2d137cf4e,1167
10.1186/1758-2652-14-15,"Driving a decade of change: HIV/AIDS, patents and access to medicines for all",e1d82d2614358203a04cac3c2f93d24dcb89b6c85175402ecca2a83b2116f7e4,2383
10.1542/peds.2017-1487,Oral and Dental Aspects of Child Abuse and Neglect,5520358dbed85bab50ad9edd16efa08d836573652a268049719c367cf8cf7d0d,1098
10.5124/jkma.2013.56.3.195,"Global trends in health equity policy: lessons from experiences in the UK, the Netherlands, Sweden, and the World Health Organization",7891b947379920b0dfb61d7c65db26afca06d32f9e934352155eebef2267e786,1144
10.1111/jfd.12731,RADIOACTIVITY BUILDUP IN REACTOR COMPONENTS.,6707839fb8719443daf59ee39c995c359315f551588ddfff58d8dce5687ffac8,1321
10.5993/ajhb.37.6.6,"Middle School Sexual Harassment, Violence and Social Networks",95dcf6db8f0a618aa719d464f3cb0b984679225b7d392e68df9f129b2dac2ddc,809
10.3402/meo.v20.25923,Perceptions of gender-based discrimination during surgical training and practice,3533218fc7079da5dbe8f7cc138dd44ca3faac638389af51c3f2c30c08742d6f,1197
10.1080/23311843.2016.1139434,Status and challenges of municipal solid waste management in India: A review,8625b5e9b76d5079099bb5da6a8c48219e6fadb013643b43ed0230eb81145ba6,1017
10.4081/ija.2012.e12,Application of EPIC Model to Assess Climate Change Impact on Sorghum in Southern Italy,82ef2b926f25d065fcec14b907f89a493e70fe76d3917a9244b94f90845c20d6,2200
10.1111/1752-1688.12340,Two‐Stage Ditch Floodplains Enhance N‐Removal Capacity and Reduce Turbidity and Dissolved P in Agricultural Streams,aed7cbba0e61c55604c406fdadf6c254911dcac7f82f487fba53d7447ffa58c0,1522
10.1109/pvsc.2010.5616757,Resonance energy transfer in luminescent solar concentrators,bd876e5f2111f51902e040a65b7e2fa7296f91690df5553e288b449cd3dc0d50,1205
10.1093/acprof:oso/9780199922994.003.0010,Nutrition-Based Approaches to Early Childhood Development,3f5778c72c015daffb899886a778d0d4817b375b9b46464c0ae5c157c9e083a2,1164
10.3989/arbor.2016.777n1006,El Programa para trabajadores temporeros de baja cualificación inmigrantes en Corea: Plan de permisos de trabajo,80c63735ec6dad5f91b7403a2865f4f5b208eb51b4996644db7826e1a081675c,1533
10.1002/pad.1694,AIDING GOVERNMENT EFFECTIVENESS IN DEVELOPING COUNTRIES,566e2eb1120640cdf3feff5fe673a5baf8ab2435c068a21d05d429438495e91d,1502
10.3390/su11236772,"What Is the Critical Factor and Relationship of Urban Regeneration in a Historic District?: A Case of the Nanluoguxiang Area in Beijing, China",f9fad565338d7d3112e5d5e61ef26aaaf5dd8972f15d399dbd08cb9b37953546,1170
10.3141/2380-11,"U.S. Integrated Transportation Systems in the Future, 2030 to 2050",37709b30a67b7ad191c1db6e4b91e65f34cd48f7a4bd1321dff672a3472cbcd5,1882
10.1541/ieejeiss.131.355,A New Color-based Lawn Weed Detection Method and Its Integration with Texture-based Methods: A Hybrid Approach,475d47cb1c80633535d3593879367d9fe57ca0cee10ea7e87d28611d48b4b603,843
10.3390/w8080317,Hydrologic Alteration Associated with Dam Construction in a Medium-Sized Coastal Watershed of Southeast China,a9202120c5c474cab3ce531bbf58b23bd9ea0fda00ac6efb6933814f7d27b57a,2407
10.1061/(asce)wr.1943-5452.0000526,People Work to Sustain Systems: A Framework for Understanding Sustainability,c43071370ae675d32e1beb95771603c52a65d8bba7894254d83069c2a7e78640,958
10.2166/wst.2017.252,Adsorption of Hg(II) and Pb(II) ions by nanoscale zero valent iron supported on ostrich bone ash in a fixed-bed column system,7d1fc0101bb2ef20d7107a21df500f70ddf5ea5bd411e000abfbf3dfa340b635,1262
10.4324/9781315242736,South Africa's Racial Past,4e1a69e946ab74a9f63fb47b0141614171bf6d132d213e427788e9c35c6e599d,945
10.1080/01426397.2013.794260,"The Value of an 1827 Cadastre Map in the Rehabilitation of Ecosystem Services in the Křemže Basin, Czech Republic",37c135309e4a354ee5ba07ceace5aa675c626b1c3a15a485f71c7b6bcd270917,1532
10.1080/13571516.2017.1402469,Back to the Future? Regulating Residential Energy Markets,9329be5ffd513a7fd532f6b8fedc21b5f6bcac2b96f43d09c9c561ae693d8196,912
10.1177/0971521514540710,A Dictated Space? Women and Their Well-being in a Kerala Village,224038409d367cc9dd4bd55400dd421139cc159ac4466e8d414c4a950d10c768,1392
10.19088/1968-2018.150,India’s Role as a Facilitator of Constitutional Democracy,21de29254a415391e3da37479b4a4e3e319b0b70f05d3db7bbbb16d02d2de574,963
10.2495/ut120101,Decalogue for sustainable urban transport strategy,c8c0d55a5d211d958fa4e42397538a70e6ac7e471dc66645e3f396670077ac35,476
10.1080/10549811.2017.1406372,Analysis of the potential of small-scale enterprises of artisans and sawyers as instruments for sustainable forest management in Puerto Rico,e9ce178313b4b5cc6e1116401fd20db3ebe97268f36d0cc326d9c1b73051b4f9,1408
10.1080/17441692.2014.937828,The politics of unsafe abortion in Burkina Faso: The interface of local norms and global public health practice,6d9410f0a4ec3f92d0e1a0ceb396d90a9dcf544b9dfbba85c4acbd0a08a8e07d,1397
10.1115/imece2010-40420,"Analytical, Performance and Prescriptive Measures for Life Cycle Assessment of Sustainability or Energy Efficiency Projects",6f8efe109dfcf18fa805b9c72aae2d77d426ef122aa9b96c81e03d7da7ab1963,1172
10.13227/j.hjkx.201701145,[Effects of CaCO<sub>3</sub> Application on Soil Microbial Nitrogen Cycle in an Acid Soil].,735bc61bd382f5d52f6433ffd09bab8cb80cd977efcc8d98faad32c3e4e23d48,71
10.1080/14660466.2019.1596689,Economic and environmental benefits of practicing green computing in the corporate sector in Indonesia,e5048e0caebae64cd74e32389b631d2cc79a44139e99ee319bf3dbdb8edd68d8,778
10.3390/ijerph10041268,Nature Appropriation and Associations with Population Health in Canada’s Largest Cities,1107349bb8750d4b8360831720ded4304c4a3b821e14d93755e23930bfd001ec,1935
10.17221/65/2015-swr,The impact of impervious surfaces on ecohydrology and health in urban ecosystems of Banská Bystrica (Slovakia),54d425fd1d76245c7db19eb569705643528538126dfdfa6bc1b1e1df47f5c7a6,1198
10.1162/glep_a_00430,The Media and the Major Emitters: Media Coverage of International Climate Change Policy,dabfe0cf1c9a9b83dcc7517c299d606b0086bb9c0d695a4b0f46b7a35984ad96,1019
10.2495/sw100561,Landscape evaluation on a regional level for sustainable tourism development,899adc71e99203ecc5463a2e6ad8e7203106a9fb06c75c4442b128bcda17cf18,666
10.1080/14693062.2018.1546163,Climate change and the agricultural sector in Ireland: examining farmer awareness and willingness to adopt new advisory mitigation tools,7563b1a9c478bfe56482ba78182daef3c861696821d69fe70546305efa82f3ad,2228
10.4028/www.scientific.net/amr.962-965.1997,"China’s Sustainable Development, Challenges and Solutions",b5522a3d8a62c9a03b828e3b778bc6c51f6dbb0ea0d317c9bcc7d91c1fc75dcb,611
10.12928/telkomnika.v17i4.11788,Neurocomputing fundamental climate analysis,bcdbb1363fff5c5994b5d8a64e4db7fd29fb8c4089b53f322ab7c54eb957b9a5,1044
10.4324/9780203181485,Law and the Wearing of Religious Symbols,ca0666fdeae7db9fec567d1a6cab74b0d0801c88ad908d1a52ed67393ab763aa,1525
10.1061/9780784412077,"""A Vision of Interdisciplinary Graduate Education in Water and Environmental Resources in 2050"" in Toward a Sustainable Water Future: Visions for 2050",462a867403bec19670302eb332069d275a3a28387c522727c666938ea8b6349e,967
10.1002/ente.201700868,Valorization of Chitosan as Food Waste of Aquatic Organisms into 5‐Hydroxymethylfurfural by Sulfamic Acid‐Catalyzed Conversion Process,7a86bc3a39dcfb7a0cc7bade5481e70dd18a38c2657546dd809628819c06e187,785
10.1142/s0217590815500149,GREEN GROWTH: IMPORTANT DETERMINANTS,e152765244516987f9a742325b0e8f83494306c863cc524a04e4cdbcaf6cb337,1402
10.1016/j.procir.2019.01.017,Life Cycle Assessment for the comparison of urban and non-urban produced products,501b03b53ad30db6a75225e1d8dadb803d0b2c91b09425723c3dcbb2f2ca8e8b,878
10.1080/00220388.2010.487095,"A Relational Approach to Durable Poverty, Inequality and Power",033683e74f319a800cceb6145b28165e04b104b07d70c20e5ee3418344ac6443,1049
10.1080/14724049.2016.1251444,Constraints of community participation in protected area-based tourism planning: the case of Malawi,10c7dda1261c2933b41624f177c9e193d03576acb66f0018385c1de363c9a64c,1543
10.1007/978-1-4614-4484-8_13,Increasing Food Production Sustainably in a Changing Climate: Understanding the Pressures and Potential,f0546f0b92e7fd563517cf11af43d683723e1b29d08e602ae301d80e12fad891,1179
10.4324/9781315546308,"World Heritage, Urban Design and Tourism",8c18cb744a3630fb88b245c7059f9b43c44be79dbbb6136f97de6ab485885d56,1034
10.4197/islec.24-1.6,Financial Development and Economic Growth in the Organization of Islamic Conference Countries,e3a16473bed43e2357116001992229addd9d46d4951cf3219832b6342711c15a,1276
10.2166/wpt.2016.011,Decentralized wastewater treatment using ‘Pumped Flow Biofilm Reactor’ (PFBR) technology,cfe1f850bfc7aefeb93e58303745c67460f1223656de30187bc333d7bd87585e,1862
10.1007/978-94-6265-222-4_19,Sexual Violence in War-Torn Ukraine: A Challenge for International Criminal Justice,8e2b16a80d18bdf2456e8235f04667022d33121d645f236182c03795a58d6afd,2378
10.5871/bacad/9780197264911.003.0005,The political economy of women’s human rights*,4da6c9ebd853fc185df08ac8bd0fdc7c1e21996f3a12c82f301bfe131c77bac2,906
10.1016/j.sajb.2014.11.010,"A one-year post-fire record of macronutrient cycling in a mountain sandstone fynbos ecosystem, South Africa",1c800dfcd267afda94d8334fad47b9919791a529b2ecd26bda7936d2b517d26a,1484
10.1177/0169796x13494279,Drug and Cash Donations to Developing Countries,7e870161f026cec41c41023802ce0b6d25f2870857fb4d4fbe679d01002df285,693
10.1177/0042098018815618,Households as infrastructure junctions in urban sustainability transitions: The case of hot water metering,1f008c839ec4afd440888c181ed78f2fef1efc2efe2a4874d17984acc1c31bf0,1768
10.2175/106143016x14696400495451,Contaminated Aquatic Sediments,02aef380df8b0331f58ad62508d15fd2f22ddac8cc9ce580c32eca7e162f80e6,303
10.1088/1755-1315/55/1/012035,SOCIO-ECONOMIC SPATIAL FOR THE SUSTAINABILITY OF THE ESTUARY ECOSYSTEM IN PELABUHANRATU COASTAL WEST JAVA,8392ac94344ac9e52ba4329e8f56ae09c197c388f6f761f58d3775e7b3b291d0,1145
10.1061/9780784412442.087,Study on the Intelligent Transport System and Social Economic Development,9cec804e0837cd22c64c34f86b32ceebcb879fad4e9b3359118ee93a3f27d871,1024
10.1186/s12884-015-0695-9,Losing women along the path to safe motherhood: why is there such a gap between women’s use of antenatal care and skilled birth attendance? A mixed methods study in northern Uganda,a0c48e4383ba72fb23ce4b1193ab803fa4a7052748dd074eb942c766b48e5ffc,2946
10.1007/978-3-642-15961-9_15,How IS Contribute to the Development of a Sustainable Procurement Policy,f1dbd698e62b665bc6577257f83805b095d51476de835f5aae1fead8eab832ed,1628
10.3390/su2123695,Crop Sequence Influences on Sustainable Spring Wheat Production in the Northern Great Plains,32d6849f6f28c813396796740fec4cb72fc7ce8f485ed721561cfa9f319d0086,1589
10.1016/j.jsxm.2017.11.018,Reduced Lordosis and Enhanced Aggression in Paced and Non-Paced Mating in Diabetic Female Rats,c386fd6427ff1043c20737a8e5a8efa91b539d431cf0554199da6a0c9ed0d0bc,2993
10.1108/igdr-11-2011-0042,Bribery in subsidized credit markets: evidence from Bangladesh,7cfe43ec923b627ad8a891d0a1cc53ce2ad78eb87b4414a8982f714d2c51f890,1358
10.1098/rsta.2011.0007,Global health and climate change: moving from denial and catastrophic fatalism to positive action,0bfa6144a09d0275995b3cc7c727329ad1d785de7dbfa0ed338ec7adaf6379e9,1730
10.1007/s11205-014-0848-7,"Spatial Variation in EU Poverty with Respect to Health, Education and Living Standards",745a29e096c5b70dbe18f66c28cf74679be61de0c3898688809387471eb8f2b0,1588
10.4018/978-1-4666-9773-7,Overcoming Gender Inequalities through Technology Integration,e152df590cd76fda615b7a949f73ea6cde8ba8f260f6b1caf2d88955961e41ef,310
10.1002/ieam.1612,"Interactive effects of climate change with nutrients, mercury, and freshwater acidification on key taxa in the North Atlantic Landscape Conservation Cooperative region",d272576c7e5d59507d267ac6fb2af83665634ae38ca491e821b245f555dac14c,4301
10.2471/blt.12.112318,Untapped potential of health impact assessment,68bbb3841360039adb40efb27c4ba21672221b9135f0745111314afc7fa26383,1501
10.4324/9780429459719-2,What is Meant by ‘the Rule of Law’ in Asian Company Law Reform?,c812ee1a93f9d9fd6645b421615bdb791124e9e7378b8ceaff8a4307031ae20c,948
10.4067/s0716-078x2013000300003,Un análisis crítico sobre el uso de macroalgas como base para una acuicultura sustentable,13d7619cfa75b6a21f75274e08371374e47308116d0bc9a6db0d11e6a2e4dd41,1192
10.1186/1752-4458-7-20,HIV prevalence in persons with severe mental illness in Uganda: a cross-sectional hospital-based study,96ee7425fcb5f76b60e69a2d48c2f2dab220bf21894bfb9a7300bed1ddc190db,2225
10.1108/dpm-07-2016-0137,An integrative approach to understand vulnerability and resilience post-disaster,3767df827854b9785bbb774024bdb4afa13c0768deb4a30d4029922011b7c6da,1791
10.1088/1755-1315/230/1/012086,Study of onion growth (<i>Allium ascalonicum</i> L.) using sediment soil media and urban waste compos,42ede040bc464e874ba87392571a53953afb7c8296d8412ce9036c74a4128c3e,1148
10.1080/15265161.2015.1088973,Sleepwalking Into Infertility: The Need for a Public Health Approach Toward Advanced Maternal Age,18762be7899bcac572c35bede7bf42af151b098f6dea12d2983602d3dba33975,972
10.5751/es-08825-220134,Identifying potential consequences of natural perturbations and management decisions on a coastal fishery social-ecological system using qualitative loop analysis,afcc4cbc8f7d5aa29d658140b1c8008459cdf38c68b8768ec98357ad56b509a1,282
10.1098/rstb.2014.0060,Multiple drivers of decline in the global status of freshwater crayfish (Decapoda: Astacidea),959eaef637d5ef0300d8a70a14bd29685b6bc4657851390c4d24c7f583d63956,1446
10.1016/j.egypro.2011.03.081,Environmental Protection Investment and SustainableDevelopment-Policy Simulation Based on Nonlinear Dynamics,5990edbffeffb3be25a8f864aad15d4994371fa3baa9d1d022dc68a2c96b2487,925
10.3390/ijgi7120470,Geospatial Methods and Tools for Natural Risk Management and Communications,0e4889b6c418fea7b67365ab4d23fac50ebfeee7d6837c94d0194c91b42a7052,1682
10.3390/su10124542,Sustainability Evaluation of Cities in Northeastern China Using Dynamic TOPSIS-Entropy Methods,a68605e792012424284b034793ce1223bd697fc3c916486924ed3315324bc7b9,1661
10.1371/journal.pone.0109365,Kernel Density Surface Modelling as a Means to Identify Significant Concentrations of Vulnerable Marine Ecosystem Indicators,4b76d60e234ba1d53a37cbbdb3446b634237d6b95e6529b720f958b02c9a692c,1997
10.1080/17565529.2017.1318743,Value conflicts and the politics of risk: challenges in assessing climate change impacts and risk priorities in rural Vanuatu,fcd9bfb3807fe74c7268370b68b9611f4e4abfa5eea9fe99589ae3a21470aee4,1670
10.1186/s12905-018-0624-y,Life on the margins: the experiences of sexual violence and exploitation among Eritrean asylum-seeking women in Israel,7f179ad036224922056a904e79c24aa15ed5a79f1e2ce51f8735b52ad7e0ceec,2114
10.1002/sd.1921,Sustainable development from millennium 2015 to Sustainable Development Goals 2030,13a570df53cff6ed3828d35c649c529446d8ecb19a4a842093da57879cf70b94,1741
10.1017/s0021932014000534,"GENDER-RELATED FACTORS INFLUENCING WOMEN'S HEALTH SEEKING FOR TUBERCULOSIS CARE IN EBONYI STATE, NIGERIA",671d3534b8190e194dbdbe02dcead9733220fb53ad27ceaf484bd43a06270925,1899
10.1108/whatt-07-2016-0039,How can the tourism industry respond to the global challenges arising from climate change and environmental degradation?,124eff7802037cebd150832ee72d93637784f524bf213c11100668e44a2a3113,1200
10.1093/heapol/czy099,"Combating non-communicable diseases: potentials and challenges for community health workers in a digital age, a narrative review of the literature",391b21c00b710862d6f52af9b1053eccdf837d4e5fdd14b1d813a3fe76350d12,2338
10.1016/j.atmosenv.2018.09.032,Black carbon emission and transport mechanisms to the free troposphere at the La Paz/El Alto (Bolivia) metropolitan area based on the Day of Census (2012),b5e7e036f64d00c4edf7369e5fb74485e597f86d477658c3184ec7c15d4b2e55,2933
10.1590/1413-81232018242.01662017,Os feminismos e os homens no contexto brasileiro: provocações a partir do encontro 13º Fórum Internacional AWID,11c34ac364022c329c2361e3eead4055a1a3c3b694b243a9205f43446f7c69f4,955
10.1177/1467358416634158,Can a wildlife tourism company influence conservation and the development of tourism in a specific destination?,5957e751d3586c90767cc8226901cb63f73b0577f35da67d969ac792a19e65f4,1330
10.1177/0095798418810054,Best Intentions Are Not Best Practices: Lessons Learned While Conducting Health Research With Trauma-Impacted Female Victims of Nonpartner Sexual Violence in Haiti,f56a2d0dad42616ede148906d3fa7f23cb30fe7f6643c2fc4c5b2df148c6a7c9,1183
10.1007/s11367-015-0999-z,Life cycle assessment of flame retardants in an electronics application,dc9ee214b5e47d9c1f8bb74be3613192568d871cc92df8e45e0febc94e4dbb92,2743
10.1080/11287462.2014.894704,"A “global garden” is possible: urban and rural life, and forestry",b22497863e18c35b6254a20f3daa9fa0cadd340ce485f3bd991807c3c8c5b4ea,1955
10.1073/pnas.1116437108,Global food demand and the sustainable intensification of agriculture,77083834e2fee88ff02dd877662cf4054608087c236048a44e7c0a64b7a04e51,1582
10.11834/jrs.20143304,Quantitative change detection of vegetation and three-dimensional terrain for geographical disaster areas from optical stereopair images,a65e3b3e3049a37b6b670450936b02b1a613fb27ae02509b98c85f98a018f545,988
10.1007/978-981-10-6129-5,Contemporary Issues in Human Rights Law,5bc389228738a29c441bf67f7648aa5b03f0a0f46bc624802d072c766fadc20a,482
10.3390/su11092552,Evaluation of Sustainable Development of Tourism in Selected Cities in Turkey and Poland,5a809065549b245c191f9e374e4c5f1eca1aed9a794739c2c1a34f2d7cad5435,1245
10.1108/ijshe-08-2014-0120,Innovative management for organizational sustainability in higher education,f647a3cbe15ca33ca2601d9aa02a94400546376a1c0801c32a395613a9dfb203,1874
10.3992/jgb.8.4.17,TRANSFORMATIVE RENEWAL AND URBAN SUSTAINABILITY,486718c9a529e5f8347f3f3eae03300111700c5524167aea48a9165658c55c1a,1604
10.1007/s41748-019-00118-9,A Drought Adaptation Management System for Groundwater Resources Based on Combined Drought Index and Vulnerability Analysis,7ab5ca86d58698a3201d319eaf148b8b504599bb23d4b25ee24ce137a8725ed9,2389
10.1177/0044118x14559503,Prevalence and Correlates of Physical Dating Violence Among North American Indigenous Adolescents,6447e6e301410d30e4725201e9eaf24f55adee9213627d2c4493bac5a6aab908,1125
10.4018/978-1-61520-847-0.ch011,Electronic Records Management in Africa,9b752b417b33cefebc22245c53a5bedbb75d0c2aa62c3c89985c4dd2fe0165c0,1730
10.1371/journal.pone.0080137,Modelling Coral Reef Futures to Inform Management: Can Reducing Local-Scale Stressors Conserve Reefs under Climate Change?,4225c0e83502c84b2366f1d1bd4652fde8e1ee90682e7ee813a6de61a9475a25,2003
10.1073/pnas.1702111114,"Waiting can be an optimal conservation strategy, even in a crisis discipline",8320e0af4ce08dcec369cd2d939d3f1f7060bac72471d4596d858b9cdaadd013,1782
10.1080/10371656.2017.1330837,The role of social capital and labour exchange in the soils of Mediterranean Chile,486be953c326bc40dcf2f63a12d202534831c0cb5f924a534975ddf7212be08a,1022
10.1080/02615479.2015.1063601,Sustainable Social Work: An Environmental Justice Framework for Social Work Education,4760b9c962d438910473a42a4a2790bae544c2a717f40b3fa018b01c93976bc5,1303
10.2989/10220119.2013.785021,Municipal commonage in South Africa: a critique of artificial dichotomies in policy debates on agriculture,ec6648578825206a1f1d82124527aed66843bf3df3490d848845a889907530f3,662
10.1080/08039410.2011.635380,Exploring Climate Justice for Forest Communities Engaging in REDD+: Experiences from Tanzania,9b8b7d1fb3259d8c9a3dfeeded8ff48c5a674472254ba17801b2f7410c8b4175,1703
10.1111/emr.12008,Big Scrub: A cleared landscape in transition back to forest?,db88bf6969bf36eb7a7e9f9c0e15cb81980a29940ec16b9fb343cad848191b34,274
10.1371/journal.pntd.0005729,Dengue prediction by the web: Tweets are a useful tool for estimating and forecasting Dengue at country and city level,692e9177a4ebcd5df40978b3b5934c4a79d29aaca919046a39f8857abcf4a7b6,2260
10.4324/9781315158785,The Growth of Italian Cooperatives,9377bbff3ce7a9e8970ac7ee067d26e1b94e4a2db7cd1568a86bf4453113679b,2171
10.1590/s0100-67622014000200011,"Cenários ambientais para o ordenamento territorial de áreas de preservação permanente no município de Sorocaba, SP",e10a7e4593a0d15ec530b3177ef4f9970d84ecd736e03f427405c573961ff1bd,1670
10.1590/s0100-69162010000600017,Desempenho de um regulador automático de vazão para canais de irrigação,dc9657d3443216807557e9ba6ee3b024aeaaf9ce8a78c6f2b0550225e901112e,1190
10.4337/9781782549925.00020,A political analysis of the global financial crisis: implications for crisis governance,cf605cc40d9ba63d5e0c44f9c7d8fed75fbb30a512a2271e01190ff1d9c9f5db,494
10.1515/opag-2019-0032,Integration of organic sources with inorganic phosphorus increases hybrid maize performance and grain quality,9c5672974b20cbcf6ab4ae73282323e861acf34eaa0c20c1bd82bd068669a072,1526
10.1108/srj-08-2015-0125,Measuring and understanding the engagement of Bangladeshi SMEs with sustainable and socially responsible business practices: an ISO 26000 perspective,cab55da1134562f01d6bb5e860ce3fe25fbaaf70257ded4dbae81f35d0f0d494,2245
10.1109/cet.2011.6041447,Development of solar energy and present policies in Malaysia,39fb84662560623ebcb0c8e50359eab82c5fd9fad8c88c9d8864f9b92e45557a,1234
10.1590/s0034-76122010000500008,Innovation for sustainable urban tourism: some thoughts on best practice,73f855258534c8b7bc9dd5f8ee77639e40c122f7bbb2f81b3b861dc562644fdc,678
10.1177/0956247810396054,Urban wildscapes and green spaces in Mombasa and their potential contribution to climate change adaptation and mitigation,1e00ce19bfc476a2c76d00c105b66d0b6fe37cfd85e496ae2f8e632095df1359,1092
10.15804/tner.2015.42.4.18,The idea of lifelong learning – Polish experience and reality,d1b34e7e81eb137ef47d3b23b843205fe09c8d7719736b79f32d55532e57801e,537
10.1080/02508281.2015.1075739,What could the next 40 years hold for global tourism?,40ab44dbd3af0f9b2b794710c9531ff98d92ac6b6ca04f41f80ac075d27cfa53,1069
10.1109/glocom.2016.7842033,Occlusion-Aware Coverage for Efficient Visual Sensing in Unmanned Aerial Vehicle Networks,8d6cabecf953e7509cc94aba72527daf40614d012b275e5ec5299557d867d461,1143
10.1016/j.ssmph.2016.09.004,"Using photovoice methods to explore older people's perceptions of respect and social inclusion in cities: Opportunities, challenges and solutions",17b4a365574b7c24e0698c9264d238f6efc2419d7994ab533062dfca5e92bd23,2220
10.1201/b17328,A Novel Green Treatment for Textiles,305d48985b751bd84e16d2f0c364683d51c1de22a09ee05c1cae377c7c4730d2,349
10.3928/01484834-20150218-15,Exploring Masculinity and Marginalization of Male Undergraduate Nursing Students’ Experience of Belonging During Clinical Experiences,e1895f602c8e4ac78600609e29fe1b123448bc3c32f7658f99a151fd6093c516,1128
10.1016/j.ocecoaman.2015.05.019,Impacts of aquaculture on social networks in the mangrove systems of northern Vietnam,aec2303435f750f3d4301f4b5c39c8a065b167af73517c248bb97c877ce12441,1773
10.1017/s0014479716000600,ASSESSMENT OF NUTRIENT MANAGEMENT TECHNOLOGIES FOR EGGPLANT PRODUCTION UNDER SUBTROPICAL CONDITIONS: A COMPREHENSIVE APPROACH,9cc0a07d811ffa934fb47df22828ee09c3fbe72dedc449d9eca6e37696ab3bd4,1505
10.3390/ijerph14080831,Assessing Risks from Cyclones for Human Lives and Livelihoods in the Coastal Region of Bangladesh,91b1e94149e5f22fad7929f0e5bd163c64e3f0448ec48c2dd7e1ccc16fba840d,1675
10.1145/2591888.2591931,Smart city initiatives and the policy context,6f9407070b42a95dffbadfa19f06a511cd10b1895a968bb0c08a1c1fb6770b27,1185
10.1080/09669582.2016.1223086,"Innovation, sustainable tourism and environments in mountain destination development: a comparative analysis of Austria, Slovenia and Switzerland",1a393404db1aec2721e8301867b7aa7e48b4197af71b5c04d53c7cfd7191ac8e,1483
10.3906/zoo-1606-57,Distribution and conservation of Acomys cilicicus (Mammalia: Rodentia) in Turkey,ce70bd1d5cfef2da5f4cba41756ef0eb4062f7b9376efb1c56ff44d9a886bb70,1262
10.1111/disa.12176,The Indian Ocean tsunami and private donations to NGOs,aa7973352f705200aa485889a3f8ac25a9aabe89967540700ea005805cf388d8,935
10.1088/1755-1315/170/3/032041,The applied progress of orthogonal experiment in wastewater treatment,66ea01e179b95773de3dda511a6b91049e92abed18f054c9f88cfb0f6ec11c38,740
10.1017/s0376892913000519,"Governing the urban wetlands: a multiple case-study of policy, institutions and reference points",959ba2f382e66df57a871a748225274c4b9992907e484db3337fb12f7a30db29,1867
10.4054/demres.2018.39.12,When working isn’t enough: Family demographic processes and in-work poverty across the life course in the United States,d10e8f00a09bc46d4a7e5331bf66255706ee5293903208deb9f50eca354fa389,255
10.1080/02726351.2018.1438548,Surface modification of low-cost bentonite adsorbents—A review,1ff2f535fa75c6b14360c5d718456da98d2da08ba9f3a5f941e3d3a48788f41e,1350
10.1186/1745-6215-12-224,Reconciling research and implementation in micro health insurance experiments in India: study protocol for a randomized controlled trial,cace4e604fc8dd8460dcfe9febbae3f0315b4c8afeba5f55bc8cfa9fdce27bec,1839
10.21837/pmjournal.v17.i9.614,"THE INFLUENCE OF GDP, INTEREST RATE, WAGE, INFLATION AND EXCHANGE RATE ON RESIDENTIAL PROPERTY PRICE IN INDONESIA",f5be157ac2b5b0c33cba2503a6fb1fa44e30879b2cd4e2130c1ee58264d10da4,1514
10.17433/1.2016.50153373.2-7,Naturtourismus - die globale Sicht,2df42e956c4b79738b4acb1110889ed0bf99d04c0e9f7a60599ac7ea2083ad28,254
10.20542/0131-2227-2016-60-12-5-16,WORLD ECONOMY LONG CYCLE IN XXI CENTURY,8c9dca888b0f626fe333828c47ca5bc16e52386c07438870debcff1422f9d4bd,1124
10.1177/0017896915610143,Leveraging social networks to support reproductive health and economic wellbeing among Guatemalan Maya women,ece1b9f6a47bfeb70b1b9966d50c115845e38ab8be6215cb1cfac99ffada5c36,1734
10.1890/10-0700.1,Balancing shifting cultivation and forest conservation: lessons from a “sustainable landscape” in southeastern Mexico,57fe5f37051ec7eb7b9683b83e8ce803f497339742249dff4b3cb8861130ac46,1841
10.1073/pnas.1406484112,Conserving tropical biodiversity via market forces and spatial targeting,3ebb408fe289d3a743f7caaef4aa71f2f844c6312166403e57d717f840ad6f49,1877
10.5846/stxb201209231344,Analysis of water ecological footprint in guangxi based on ecosystem services,06da86ed1c264900431603b7f89f37a69ed63c99b65ce1f7f24a6344f8bd9f7d,439
10.1590/s1519-38292011000100008,"Equidade e inclusão de grupos sociais na política de saúde: o caso do Recife, Brasil",7bbdf0e351326b10e0e1d7e3f0bc491dc3273cc0fa14efabe349a00de7b8beb0,1609
10.3992/1943-4618.14.4.169,Industry Perceptions of Sustainable Design and Construction Practices in Kuwait,864d8d118e643aedcc8a7684fd0df1407a6df1836452fde724a5f6d0d28fe63c,2046
10.1016/j.landusepol.2017.03.005,"Sustainability and Land tenure: Who owns the floodplain in the Pantanal, Brazil?",e71a21e7f73827af5251f356624747878805442c07d962c1925e6398ef3bf2ee,2063
10.4018/ijban.2019100106,An Evaluation on Carbon Footprint Indicators in Turkey Located Banks and Worldwide Banks,b1d9a356fb0ae2b46856b9f3b1e701c65c48434c731587044d3f770719d8dd3b,999
10.3402/gha.v9.33047,Gender relations and women's reproductive health in South Sudan,9051c8a1dbdf5213f44b39b5866b8c4cd4f0bfa1907501d2f7a61d3a12ea771d,1857
10.1088/1755-1315/170/3/032123,"Orthogonal design Fe, N co-doped TiO<sub>2</sub>/GF photo catalyst treatment of nitrobenzene wastewater.",f459f54d4d9f9189cbfa44ba38f4c48e2cd4bde8cf8a465205e916a3d7fdcf32,1059
10.11564/31-2-1046,Migrant remittance behavior in Uganda: A household analysis,b50bc5fad4b40485e511520e3cbb99b6e1a6ec7fada6ebbc3a7957f378fbb279,3010
10.1371/journal.pone.0216695,Linking management planning for coastal wetlands to potential future wave attenuation under a range of relative sea-level rise scenarios,b12612468af191522ece0978aedb6f42b1dd71c736735012a032ca962c73138f,1768
10.1177/0276146710376836,The Impact of Host Country Policies on the Overseas Chinese Family in Singapore,98ad9f4e2d5a747832af5da5e22e00cc53a9f6de4b14f82c949327e9218dab81,1009
10.3923/ajps.2016.42.55,Agricultural Waste Fibers Towards Sustainability and Advanced Utilization: A Review,61133bba8b7cebb5f5099ab67c0b1798e1143624b4dfbd91de2d3d1063bbeeb8,1163
10.1080/10926771.2011.546752,Relationship between Trauma and Risky Behavior in Substance-Abusing Parents Involved in a Family Dependency Treatment Court,ec957378107b45e2c9ce61a9c3f305abf247e72cd51011b54d5c066affffec0f,1071
10.1007/s13753-019-00228-y,Persistent Precarity and the Disaster of Everyday Life: Homeless People’s Experiences of Natural and Other Hazards,c9134215299bbf586c6fcc2e9761e0feca9b0a05f771f65806a5265b6a42502c,1104
10.5751/es-08255-210209,"Science, society, and flagship species: social and political history as keys to conservation outcomes in the Gulf of California",16e423c918cc394a6d1ac08f71ed426f1f7d5f08626d074355dfdd6df50ed10b,248
10.1017/cbo9780511920899,Socioeconomic and Environmental Impacts of Biofuels,255000be21442d7d0a27756c4dea1fc98cb6b330a21ca0c48eeca3404941cfc5,982
10.1038/s41598-019-38997-7,Decoupling a novel Trichormus variabilis-Synechocystis sp. interaction to boost phycoremediation,36e18844abca959e02e822edfb901c6ed2167f1adbfae9638114e35cd3390bff,1512
10.1080/13543776.2016.1211640,Cancer suicide gene therapy: a patent review,a76db397356747378236baf89ac001dbe079b70fa7b6c9b2d7db73508ca4baf3,1300
10.2190/ns.23.2.h,"Front-Line Worker Engagement: Greening Health Care, Improving Worker and Patient Health, and Building Better Jobs",4866d1419e01162bc9ee7748aec98522c0df26d308b36061d6d61311bf611ab6,1131
10.1109/picmet.2016.7806547,Using scenario analysis to manage the strategic technology planning for environmental sustainability issues in Taiwan,00b8419e53318dffff8926afda51a77ab964934f945c213965b4d94ba124726d,1210
10.1002/2017ef000673,Estimates and Predictions of Methane Emissions from Wastewater in China from 2000 to 2020,44fe56ee6553e6f06f53a02e7fab679e93b5fd627888f31f15598cbde9fd3ae1,1173
10.1155/2015/813921,Review of Life‐Cycle Approaches Coupled with Data Envelopment Analysis: Launching the CFP + DEA Method for Energy Policy Making,b56f52dab4891772cde0c3a2bc25a7059a8cc6ffb05d2887ebba45c3a9f38b45,1366
10.1371/journal.pone.0204905,Genetic characterization of the artisanal mud crab fishery in Myanmar,0bff5b48aa3424894b0c9358efc52d23ecbe6f5a63df0314ef625e916d8c396e,1454
10.1080/13510347.2012.674368,The politics of security sector reform in ‘fragile’ or ‘post-conflict’ settings: a critical review of the experience in Timor-Leste,24cc73a8bbbde54ef64749fc06efb46b23b0736821bec3876226477ef87d36e7,1339
10.1111/hir.12255,Involving libraries in improving health literacy to achieve Sustainable Development Goal‐3 in developing economies: a literature review,44405a0c0e5e3a49975c0c46ea5384b708c4983146d5f77f6315d46f97eaf928,1339
10.1080/09735070.2015.11905429,"Gender Inequity in Reproductive Health Decision Making and Management: A Study of Rural Women of Coimbatore, Tamil Nadu, India",4c69b261b6ffaefff5be6e7cf581ec0f05821abc5b26fd7a8e9ddebc42098f9d,950
10.17323/1996-7845-2015-02-229,South Africa in the BRICS: Last but not Least,50b9f7e1b8680e222ae1c738bfa375adf7eca25ba7d67c7bf347daebd8f1f7c0,1106
10.4324/9781849776097,The Citizens at Risk,19453e5f8bd4b290b337441d55292f3cb002f3b844ac8a14996fe192d72ee085,1215
10.1061/9780784413272.370,Sustainability Concepts and Some Examples Common in Geotechnical Engineering,3f2d121664f527e5d208b09690f71af10a3d9cdbd995c765f9c952e7928a918d,1688
10.1111/gwat.12373,Spatio‐Temporal Variations in Stream–Aquifer Interactions Following Construction of Weirs in Korea,0ae7de29513a20ab8c1d0a9cfa93ff53908220eb1ba8c8ee82268902cb09196a,1468
10.1002/14651858.cd012610.pub2,"Lipid-based nutrient supplements for maternal, birth, and infant developmental outcomes",8a28ec7705e7d6d670fe0fcd60d0d0d0ee02cc4de3c062f1d654272aa8a79b86,4972
10.1080/14649357.2015.1061140,Growth modelling and the management of urban sprawl: Questioning the performance of sustainable planning policies,acf94ef6082d22c42f162ee0ea3d4ebd7ffcbbe4e1fb632fa7c38d96b6b7b59d,1461
10.3109/10826081003682834,The Development and Validation of a Transformational Leadership Survey for Substance Use Treatment Programs,237d211b405f0c4c09536544944f781bfab9e49e67b71d22b660797ce4c69810,785
10.1080/09654313.2011.638497,Improving Sustainability in Urban Areas: Discussing the Potential for Transforming Conventional Car-based Travel into Electric Mobility,4f6ec381bd616d5d766cf9e59aa83c5d9b2b31ead3d1fc7f25549dc2c766f742,1579
10.1111/1746-692x.12176,How Can the <scp>CAP</scp> Promote Rural Jobs?,6c4e1318da8b2a25353f68bec6f6d31566a8f1f0ef03e69ccf1d60efe668bd03,1220
10.1080/14616688.2019.1674369,"Linkages between tourist resorts, local food production and the sustainable development goals",687da77178f4a3445f7de7f60294bf536820b92d18079d87e7aea4596ecc8ef8,1577
10.1097/qai.0b013e3182217f00,Game Changers: Why Did the Scale-Up of HIV Treatment Work Despite Weak Health Systems?,1e76a9b41410b6f98e4c3ffdbc793970748007f05c5b3d217c9a1aa01a2aeed3,629
10.1371/journal.pone.0069181,"Malaria Infection, Poor Nutrition and Indoor Air Pollution Mediate Socioeconomic Differences in Adverse Pregnancy Outcomes in Cape Coast, Ghana",2b86c03b60dc13d5c9b113538dd5899f3caf111461ddedbb8b1a268a8b53150c,2122
10.1016/j.jenvman.2015.07.002,Bradley et al. v. City of Lynn,7dba07641acc2215596ee314a39ac0059f23b8728ff0386bfb8ac7a978dd4338,1971
10.1371/journal.pone.0099268,Mapping Large-Area Landscape Suitability for Honey Bees to Assess the Influence of Land-Use Change on Sustainability of National Pollination Services,488e3823fb22459a7e1b5319efd7197fde0a9b347977119e532af5723371b49d,1725
10.2166/wst.2013.463,Production of propionic acid-enriched volatile fatty acids from co-fermentation liquid of sewage sludge and food waste using Propionibacterium acidipropionici,acc247016bd318a4130c7a2bf0b0cb93b8c3f94a9ee6f0e2869e2862fa6977ff,1265
10.1061/9780784412435.057,Influence of Air Temperature Changes on Soil Water during the Seasonal Freeze-Thaw Period,470b220844c13b36e768c563dce62c1ad38cba8374c111fe74822ff228fac246,1843
10.1177/0272684x18787150,"Effects of Community Sanitation Program on the Awareness of Environmental Sustainability in Assam, India",87eef7fa7500ccfb034fabfde897f4722affea1d537391d39db111f28c5442de,1132
10.1016/j.ijdrr.2019.101207,Pre-disaster planning and preparedness for floods and droughts: A systematic review,d1769eae53014d45c00d0bb74b987dbe26cf160f6eaa3b50b77104ecc86179d3,1079
10.1111/ecot.12035,Ethnic patterns of returns to education in Bulgaria,fda3f44be32dcae5c87d02942f0d9b88860c258b123db2b952857546430d4f6f,785
10.1177/1023263x1201900403,Some More Equal Than Others? Matrimonial Benefits and the CJEU's Case Law on Discrimination on the Grounds of Sexual Orientation,6f213847e2b4affaccdfc24b22d4a25423f0b13b361c889a9cd4f681a59045b5,1051
10.1115/1.4005905,Optimized Thermoelectric Module-Heat Sink Assemblies for Precision Temperature Control,24d4a7ea57214bcbb58c3431d1598f0cdf114623e2317bf3720f964169158200,1770
10.3329/bjms.v18i2.40696,"Assessment on the awareness level about diarrhoea and its management among mothers attending outpatient department in a rural hospital of West Bengal, India",186d1e5635f3d319bae7b0803ead93cd6b2dac7ef2f678dc9f2b685bd8350efe,2448
10.1017/cbo9781316048160.004,Introduction and overview,dc9594f73825b4311038f7dd26fba2accc3761a91383ffe721b03cc61257e97e,159
10.1108/jmlc-09-2016-0042,Practical application of anti-money laundering requirements in Bangladesh,d9c09e753ebcea1b0d3664db5561bf94970933f3ae5f142aeb8dacd470ccfda8,1796
10.1363/psrh.12119,Intimate Relationship Dynamics and Changing Desire for Pregnancy Among Young Women,00705b0972633ad48a9d7035c7f6a5c1757caf2c0396606ae275ea9c4f5646ec,1603
10.1073/pnas.1605678113,Examples of coupled human and environmental systems from the extractive industry and hydropower sector interfaces,5d3a0ba9927cc95cd765d8e5bf85d37e118e580a59b5d4b33468ce1392591655,1667
10.2134/jeq2009.0181,Elevated Atmospheric Carbon Dioxide Effects on Soybean and Sorghum Gas Exchange in Conventional and No‐Tillage Systems,5872c6896b939c5dd8424db8433af152b63a708ee9ffcb2f8f130a4c96e51ac2,1794
10.1002/9781119281269.ch2,"Urban Agriculture: Environmental, Economic, and Social Perspectives",26a7c1024bdeba764b4bc8c45147ca36c7861e880c63c9afb41c12da55160e0f,1066
10.22459/her.21.01.2015.03,Indigenous Plants: Key Role Players in Community Horticulture Initiatives,49eac60051db8624eea7da6ca118e1a6f567868b15f254b6678a049e18043de6,1133
10.1177/1048291118810871,"Implications of the GC-HARMS Fishermen’s Citizen Science Network: Issues Raised, Lessons Learned, and Next Steps for the Network and Citizen Science",8ce444ee091fd668f2ea328ab7b199f45d20a06a97b92e10218984b9524d4e3f,1235
10.1177/0734242x10383080,Challenges and issues in moving towards sustainable landfilling in a transitory country - Malaysia,9623381a9ff61931ef2b40374fe3236f4ee15a615af1cfec61c7a84849f68081,1733
10.5194/isprs-archives-xlii-4-w2-121-2017,FLOWERED-GEODBAPP: AN APPLICATION BASED ON CROWD-GENERATING DATA USING SENTINEL2 IMAGERY,99e243b0480dd3d162090a9ddc4c052a386057c7e08b717a2a2d866409a3b814,1775
10.1007/s10784-015-9274-9,Managing fragmentation in global environmental governance: the REDD+ Partnership as bridge organization,767b45f409150804c0812f0a251876d25acd027fda67de835beca38b6fe63969,1669
10.1371/journal.pone.0143049,ITS and trnH-psbA as Efficient DNA Barcodes to Identify Threatened Commercial Woody Angiosperms from Southern Brazilian Atlantic Rainforests,5b38d09f46fe1f39b441e49c4ceb651bf690d015bc88d0af1efa58da94ce93f2,1926
10.3109/02770903.2012.757779,"Depressive Symptoms, Low Adherence, and Poor Asthma Outcomes in the Elderly",ad847b3b163e15e63e82547a3babbab84a7f11744cbea06717122a5ccc8fdc60,1763
10.3389/fnut.2018.00026,Corrigendum: Environmental Impacts of Plant-Based Diets: How Does Organic Food Consumption Contribute to Environmental Sustainability?,f39d110bd66e19ee6a18a8dd852a0547e881e0934192148c30bade10ae1ac392,147
10.1080/08038740.2018.1529703,"Women’s Organizations of Political Parties: Formal Possibilities, Informal Challenges and Discursive Controversies",0086e80f35b95def744a85ccd51dae14d82c19a6b43820ccf983827e570e901c,1136
10.4081/aiol.2018.7580,Present and future of aquatic sciences: The perspective of AIOL scientific community for a priority roadmap over the next five years,cf6b996ee79ef7d603cc7befcfa5401471e58e698dcbac0dfd5c51853017ffb4,2182
10.3917/her.171.0107,"La municipalité frontalière de Tenosique, Tabasco, au Mexique et la migration centraméricaine dans le cadre de la politique sécuritaire mexicaine",b24243dcce4b3292f8cf8ef45279f657d60fc52b3a54088c2aeca0d6d406a403,962
10.1061/(asce)ae.1943-5568.0000253,Energy Efficiency and Global Warming Potential in the Residential Sector: Comparative Evaluation of Canada and Saudi Arabia,eb83c5be9c7317f2549528237e7cb1872874bed8dcd9915beb61b708f7a36e83,1714
10.1098/rstb.2012.0288,Food security in a perfect storm: using the ecosystem services framework to increase understanding,201cfbcf5a2349d18c93f6955ec9c9b04244b2bd106c2ba6cb9c9b6c55529ae3,1467
10.15244/pjoes/60177,"The Socioeconomic and Environmental Effects of Sustainable Development in the Eastern Carpathians, and Protecting its Environment",5d611a9adf09b6c27584bac967d37f4c73a2381311595fb89b26c4b52bd569a1,1039
10.3390/w11071469,Modelling the Impacts of Bathymetric Changes on Water Level in China’s Largest Freshwater Lake,5a2517a6667d14f0a8df168b822dda064745fe01641ec36f12e35b2768428a96,1286
10.1186/1475-2891-11-3,"Nutritional status and growth of indigenous Xavante children, Central Brazil",0ee3cfe57c655eda7623bd92a6abf8b532aea061b6b2949bdf708ceb8138147e,2305
10.1016/j.socscimed.2018.01.008,Rethinking health sector procurement as developmental linkages in East Africa,228f9853ad112f00158969132a1e266187670aaff9682def72e65c8039fb0e3c,1863
10.1371/journal.pone.0109779,Using Uncertainty and Sensitivity Analyses in Socioecological Agent-Based Models to Improve Their Analytical Performance and Policy Relevance,aa69900ae7c37f834ce6efa02d1e897a5f4a13452ee316d4bb8410b83957e330,1978
10.1890/13-2078.1,Future land‐use scenarios and the loss of wildlife habitats in the southeastern United States,74a9d26e4127b46eef9e2e51fa2b7ba8cbb8ce5ee05a570a14d1f2810049525f,1545
10.3390/su9081454,Overview of Wind Power in China: Status and Future,c4b3cbeff998477f6d20dab77441a2f87826b5f5089547dda9247dfa388e8523,2253
10.18517/ijaseit.5.4.546,"Socio-Ecological and Livelihood Assessment of Selected Coastal Areas in Sorsogon, Philippines",f9a8330148671af58ed8fd112bfe613bf46216a0d0e5c734055feb7d15005e07,1712
10.1080/15562948.2017.1305474,French Government Responses Against Trafficking in the Domestic Work Sector: Denial or Political Priority?,3b75948753c667efe46ac00d5c773f6843e3cd9efd8f87e0bd4fb80a309cea41,612
10.1111/j.1467-9493.2011.00431.x,"Reviewing the Guayana project: Lifetime migration to and from Bolivar state, Venezuela, 1950–2001",97697d97378c8175b7b818efcea05d4f0d01a3d441dce01b8e9e694fa5ae3277,1280
10.4103/atmph.atmph_29_17,Cryptosporidiosis in Southern Africa: Review of prevalence and molecular epidemiology of a neglected disease,75f929b479cda7cc61489c685bd16a9c236a7c15893d8f18c1a278fe21772fb8,348
10.1145/2513456.2513460,Categorizing the provision of mobile centric information access and interaction for higher educational institutions,cbbc021d87bb14af82fdbce07a664c544ad2ab0dbe27b1b07bdea658eb21f0c8,1546
10.1162/asep_a_00710,The Politics and Economics of the U.S.-China Trade War,0a30a8b2fc222c111f0b8d0b2ed9b8faef23bfb76a2cbe9bb3fc48fbe925d6e1,1951
10.1080/02508281.2019.1613299,Student living labs as innovation arenas for sustainable tourism,98a3e841ae0eae11d170532ed0b37b87a27e06baeb2d048a57eb65a9e7dc44f7,1314
10.3233/mnm-180272,Gender-specific difference among socio-demographic determinants of malnutrition and anemia among hospitalized children,f5a29620e49fd8ecd084179d4cb163242614f2c46e3ed434f88f0bf634071bcc,2047
10.1080/15567030903452118,Seed Calorific Value in Different Maize Genotypes,00e81c2e16cf311ec3d4c08865d134b6869d4aba40377bc6aa0e3da76fd015da,648
10.3390/su10124792,Environmental Sustainability in Information Technologies Governance,0899862ee9b332ab14a9933e2a5421a0d0f8b15c609aab46c4d14fb430f3b4fb,1233
10.1155/2015/710613,"The Link between Fetal Programming, Inflammation, Muscular Strength, and Blood Pressure",3339073260141cb22bb35f94ab55098911ea7bcb33d0a31c6ff017f1214b4e6e,1482
10.4324/9780203822463,"Prostitution, Trafficking, and Traumatic Stress",a3fb8eebc586eee3ecbb271839aa7974fc7a00354e5239ddf117311f100e13a0,350
10.1097/coh.0b013e328354da1d,Recent advances in pharmacovigilance of antiretroviral therapy in HIV-infected and exposed children,e3cafb7634a82585ebecd342ee6e13156c8292385514c6384f7d66f545bbfdad,1985
10.1080/09640568.2013.863754,Assessing effects of site characteristics on remediation secondary life cycle impact with a generalised framework,3d0447a62632369b51c4eb87adcb86c29dd87a712567e9276e156501436d9988,992
10.1371/journal.pone.0207862,Willing to pay to save the planet? Evaluating support for increased spending on sustainable development and environmentally friendly policies in five countries,98f51a6340a00c4a27c2abbdd1a74e9e299e909e33cd6fd17944bad811ba3260,941
10.1542/peds.2011-2303,Variation in Teen Driver Education by State Requirements and Sociodemographics,b10248f9e13994bca8f8ef934dfb1a0b37aa38a94bce54bcd97e62ddb92e6a9f,1656
10.1201/9781315365800,Sustainable Development of Organic Agriculture,ca7803707031445f8f3f3d954d8f2ea09a4247f0b707120319c474dffed8d839,330
10.1111/j.1467-8268.2010.00250.x,Revenue Mobilization in African Countries: Does Natural Resource Endowment Matter?*,4cb3fb4f9c7b31116dcbbd122be6e83f26e733f5b2ec50ff919a967d4f5f740a,1735
10.1371/journal.pone.0192538,Modeling intrinsic potential for beaver (Castor canadensis) habitat to inform restoration and climate change adaptation,5de1e0240ae55dff602c01c89efb16dbbc64ab7aa3cb467bfcdc0fb53367ff81,2243
10.5846/stxb201609031800,Driving factors of the ecological footprint of the Guanzhong-Tianshui Economic Zone,43ecb7ad7ab176957a47478ab35b591eb2f685bc1636bac8c52e89142979e5d4,320
10.1108/20428301111165717,"Addressing the impact of social exclusion on mental health in Gypsy, Roma, and Traveller communities",8d6c6debacddbb776658380ac12ec8e608fb6bcd07843be2be4e926bd1a3d8ca,1664
10.1002/bit.24544,Comparison of different modeling approaches to better evaluate greenhouse gas emissions from whole wastewater treatment plants,e57512de0090ea79aeb93b50d5fe2fc1a225834dedcf08862eaad2f8e02600b5,2011
10.1139/cjce-2011-0567,Simulation of pavement response to tire pressure and shape of contact area,905361cdadc40bc9fec0081ad7ad4bcb6ff613e0d40a051783dbd202c85f50f5,1060
10.1080/10934529.2018.1528040,Removal of non-aqueous phase liquids (NAPLs) from TPH-saturated sandy aquifer sediments using <i>in situ</i> air sparging combined with soil vapor extraction,ee22756009b98964922083ec652b416a9ef9727b5b9e4310ffa2c65d65602fe7,1603
10.2196/jmir.5413,Associations of eHealth Literacy With Health Behavior Among Adult Internet Users,0839b70ca2be60b60b6af048c3866942c00d799ed6cc7bb9aa9ef4f176164198,2474
10.3390/su11226499,Moldboard Plowing with Direct Seeding Improves Soil Properties and Sustainable Productivity in Ratoon Rice Farmland in Southern China,4abdf5ba42c6c0acef4f9277c67ee932144e92e0dec8d99ba2fc9b267d5a3b21,1239
10.1186/s12992-019-0463-0,Agricultural trade policies and child nutrition in low- and middle-income countries: a cross-national analysis,2ad02ef5c45ba6064fcdf28f83cf973fff62ff8b1050503edd6d835b23e7ffb2,1851
10.5114/ninp.2012.30272,Wyniki leczenia lekoopornej depresji stymulacją lewego nerwu błędnego – opis dwóch przypadków,ee580ac76377545447ec98cffb7b969aec26db60f0e02a9df2e1126270980c46,2704
10.1201/b17618-10,Practical application of life-cycle management system for shore protection facilities,d468d690119eb0dd050b7f851fa541094b46f6907b0dcef0c3228646c9ae692b,1078
10.1002/jid.1638,Vulnerability in African small-scale fishing communities,d191175dc26b321aba56e374945c1cfcba87c80db6406d9febd34a75e9de9589,756
10.1007/s10658-018-1573-x,Linking ecology and plant pathology to unravel the importance of soil-borne fungal pathogens in species-rich grasslands,32c1878540b4b8a85cdbe2afc4a2b85c22ef5f6690c0ef95241a467195dab43d,1872
10.4028/www.scientific.net/amr.700.89,Research on High-Rise Buildings Energy Efficiency Design in Advanced Structure,3585000783f65368a0ec0dfc4f40c1be893fdb17f68fcb4377b130e21f0985da,856
10.1080/19397038.2015.1011729,Of chalk and cheese: behaviour change and practice theory in sustainable design,0cd35b642d1a91fb0f34623b2ca211f480bd2dbf1b1d0ecf30ae5078f9afebe1,1217
10.3390/e19040163,"Modelling Urban Sprawl Using Remotely Sensed Data: A Case Study of Chennai City, Tamilnadu",a386d8f729a4b3c3897d4858374b9dd7e40e3e7232a5774ae28d4670e5429df0,1862
10.3368/er.34.2.124,Inadequate Monitoring and Inappropriate Project Goals: A Case Study on the Determination of Success for the Forester Creek Improvement Project,aba243f20594e4a7be9dc0be10ac43e17f4437f634eb9f5b7356eb6d6f9af87b,1611
10.1080/12259276.2016.1242946,Transnational feminism and women’s activism: Building resilience to climate change impact through women’s empowerment in climate smart agriculture,abf0611ebec3d7b7c6cb5d1c07abadff44f218da6e5797993bf7ea28507608f2,1355
10.1111/ajes.12103,Henry George and Jane Jacobs on the Sources of Economic Growth,bb07ad4e2cd9cc05864ce4ab57fc2aac634c2de168510e19bf8365c6278d1063,913
10.1111/brv.12251,Relationships among multiple aspects of agriculture's environmental impact and productivity: a meta‐analysis to guide sustainable agriculture,9be74633b84608d0c9efa098dadc6594f243fb018cc291437ab5e9aeb1ddfcae,1148
10.1109/africa.2019.8843389,A Preliminary Model for Estimating the Economic Impact of Broadband Connectivity in African High School Education Based on Large TVWS Trials,a7463a05bf0d25d0b42f4fc58524d6b502eccf0778db3ee7dfac0517ee26b8f9,908
10.1093/acprof:oso/9780199591527.003.0009,The Aim Is Not Spending Per Se,07242194e48abca41182a4af8fb7e70bd40653d363b54b4ed1cb7f3c79b12f15,924
10.1016/j.vaccine.2016.08.040,Stakeholders’ perceptions of 10 years of the Global Action Plan for Influenza Vaccines (GAP) – Results from a survey,622d1571230416b5cb150ce262de38380873c5e1189eac4af4790da2ed5453f7,2078
10.35808/ijeba/341,The Role of Leadership and Strategic Decision on Regional Development in Developing Countries,9bce3ca446fb7367cab4f236c73e10b5f1893b2d8df6052008a25dc1aa3235db,2488
10.1080/08920753.2014.877763,"Designing Marine Reserves for Fisheries Management, Biodiversity Conservation, and Climate Change Adaptation",677aa1d30d990b4354002321bfb2f35308f26e4532d7edc924840da9a2c39ab5,1600
10.1109/phm-chongqing.2018.00086,Application of Adaptive Mono-Stable Stochastic Resonance Based on Cuckoo Search for Incipient Fault Diagnosis of Rolling Element Bearings,b5877a433067069f940c2512f07c01f4f411464baa41dbe0f7281e206d2e9587,1274
10.1097/cnj.0000000000000244,India's Distorted Sex Ratio,8ea6fd3d8788fa470f83cc379c9b4dbb4312218eb58ebfd8d1027f0e50b62641,1016
10.1177/1358229119838457,Eroding the protection against discrimination: The procedural and de-contextualized approach to <i>S.A.S. v France</i>,09ac5669f51c348155a7db120caa56d73786cc0cfce08317a3d635a2665894a6,1312
10.1037/lhb0000103,Examining the impact of sexism on evaluations of social scientific evidence in discrimination litigation.,dc4623fdcfb32dda26ee66924b5c8d6e16f60c59749720759f1404d994aed430,1166
10.1163/15718123-01702009,Interpreting International Crimes from a ‘Female Perspective’: Opportunities and Challenges for the International Criminal Court,550784206ff1ae8305a1240dee858d7dec653861842b2f7b449fa8bc0deb5ce7,985
10.3390/ijerph16214125,Treatment of Metformin-Containing Wastewater by a Hybrid Vertical Anaerobic Biofilm-Reactor (HyVAB),373b7f028ed34cd889842aa68c2173e23b7895e3bb04d6f8a0e268a854147aef,1280
10.1051/matecconf/201817001050,Perspective trends in financing of housing-and-communal services,25e1e33604fc31d51f5826f58a509244f03db5a442c077bcea236c6877b5aeb4,1241
10.1108/ijdrbe-07-2014-0056,An international comparative analysis of local hazard mitigation plan evaluation for flood,f1ddcd02becdc354cb845cb91c633be1ae24e8ce3ba26292d7f4fa3d23b723d2,2337
10.1108/14601061211272358,Motivations towards environmental innovation,779d83f3e814ae8b89c069290b94330e000e3f1d0fbc53949615eb6b60ea184a,1444
10.4415/ann_19_04_14,Resilience actions to counteract the effects of climate change and health emergencies in cities: the role of artificial neural networks.,ee623e1f5ae783b55713e91ba0d610498f7a7b1ec05f2cc4d4329cf2c082c243,1245
10.1108/ijse-11-2013-0255,The role of migrant workers remittances in fostering economic growth,6f93e0e373eff8a5f5d6907f340946e4229d4c914deb9894f6d5c8cb6c518de0,1392
10.1080/15567036.2010.514597,Forecasting of Greenhouse Gas Emissions in Serbia Using Artificial Neural Networks,9717d34e49fb0389e64ae853dbe8c9376ae702a0339f8e9578914ba3b8a9a6e9,703
10.4018/978-1-5225-5646-6.ch047,Economic Impact and Current Results of Urbanization,2b71dbb74b4abe755cf9f3783dc3378e1017975300bc5ccb858421d5bc16cf99,942
10.1201/b16789,Managing Sustainability in the Hospitality and Tourism Industry,64a5a73583e4780606dabd2e903329cef76aed86b60bd356462c87e4932f84ac,1270
10.1007/s11367-018-1515-z,New ultralight automotive door life cycle assessment,2c6ca4777c0c3d1d3f9fb3b2e152d9c452f8b56279b139cd211a5f6389e15ae9,2367
10.3823/1663,"Migration, integration, and health for aging LGBTQ2 populations in the EU: a strengths-based approach to policy",a1a351dc1c7a4d4a6c8c6b71ab24b40f64b998e288ff0dc20e1e25772fa23703,1659
10.1505/146554818825240656,From nationalism to global climate change: analysis of the historical evolution of environmental governance in the Brazilian Amazon,2d04331fbd94d35cf738b0bcfcdcfeff174994df2ba457dfd75d9584c23ae59e,919
10.3390/su10010221,Spatial Configuration and Online Attention: A Space Syntax Perspective,906798e2c53b1c0e37b26b9f596cea808d6c84bb65b00993f40e654686070055,1147
10.1080/09669582.2012.685173,Counter-factual scenario planning for long-range sustainable local-level tourism transformation,97ca4e4b37b45e8ef4a37c8e8f57523cd283552875004f808c1c89147f4a80f6,1512
10.3390/w9020142,"Geographic Distribution of Registered Packaged Water Production in Ghana: Implications for Piped Supplies, Groundwater Management and Product Transportation",e04006231f0eea672cd277a8b62ac010949be39bf74ad61785eaba1333196717,1385
10.3917/reco.643.0483,Accès aux services financiers et réduction de la pauvreté dans les PED,6c966d98078d14b75dce624251977d7afb696fd9e485611f2c8bb2d3df46a643,700
10.1080/15570274.2018.1469839,Faith and Spirituality Informing Public Policy: Joseph Wresinski and our Understanding of Extreme Poverty,61c567ff8afce4dcfac520700adddaf589ce2b25bd1c63d726feb858f5b068a2,650
10.5593/sgem2018/5.4/s23.053,EUROPEAN UNION HORIZON 2020 SMART CITY APPROACH AND ITS APPLICATION IN THE BULGARIAN CONTEXT,9cd7b3519d0aec190ad31d65d143cf88938ada3d0f434e188133a381b381b259,2129
10.1080/10670564.2011.520842,Human Trafficking and Smuggling in China,ef243354bb5b11975e390eb07294eda364a6f64b28da481ce2511719df814f6e,987
10.1177/1010539512441492,"Prevalence of Undernutrition, Its Determinants, and Seasonal Variation Among Tribal Preschool Children of Odisha State, India",d4b8f70a7834f9268a06ab0080baf9594e696ec583a8c3166db9114b59712976,1105
10.1504/ijise.2016.078901,Governance of sustainability in tourism,f0879f71d8f2f8384de682ab487546876fac81a8922f86a5a0d14fedb23d729b,636
10.5194/piahs-367-455-2015,Challenges of ecosystem restoration in Louisiana – availability of sediment and its management,ab87878ec1a1601ad00c10f69ba58a4526626ce63e25b065103315adb83713b1,1127
10.1080/00063657.2014.1000261,Habitat use by Black Grouse<i>Tetrao tetrix</i>in a mixed moorland-forest landscape in Scotland and implications for a national afforestation strategy,811ca09ada6214a0d2c490cdd9f49f9299f7649ae97e3671fff2afcebe9026d7,1938
10.2495/sdp-v7-n2-237-251,Implementing wastewater treatment projects through build–operate–transfer contracts,f663c180b216bdd95e45ed9ba160096d750737ceece2badc99f0d89731814535,1550
10.4337/9781785363924.00008,"Keynote address On women, peace and security",ec528339a88561006acc783795eb8adba8e27ad5c408b0bc375261026470da2a,1174
10.1186/1746-4269-10-54,“Shark is the man!”: ethnoknowledge of Brazil’s South Bahia fishermen regarding shark behaviors,d68dd68e4988d02d1d12de351b2925f71473fd5436bf9e33369be10c199db07f,2358
10.3763/ijas.2009.0467,Empowering residents and improving governance in low income communities through urban greening,49f9e084a84aa3938d4878c49800fc35a4808df6164fc0dd6c73592bd38a1116,1092
10.1017/dmp.2015.125,Developing a Nuclear Global Health Workforce Amid the Increasing Threat of a Nuclear Crisis,f7349f8832104bbfba0882351951e6e897cce83a9410f82037b5d9e5e90d955e,1800
10.13182/nt16-25,"ATHLET-CD/COCOSYS Analyses of Severe Accidents in Fukushima Daiichi Units 2 and 3: German Contribution to the OECD/NEA BSAF Project, Phase 1",840f51afa4a2d0b6f9605b73861cef66eeaa7afa112abc78a9641156dab4ddd7,2512
10.1177/0964663917709526,From Offender Rehabilitation to the Aesthetic of the Victim,606d97e25f8b5a4142eca44ec17224c738052a6159d5cb5073a3430ff4c64fca,1172
10.1111/j.1749-6632.2010.05940.x,"Energy return on investment, peak oil, and the end of economic growth",7027d1fb79b185e8652803b205bcbdffca673b8f7dc2be5e92c007a510d73bde,962
10.3390/horticulturae5030056,Securing Horticulture in a Changing Climate—A Mini Review,2fdebf5b802ce7607738c2a1ddfd51c23ce14c7179ae778e9deec5b8d3524d87,1678
10.1186/s12889-016-2980-6,Making the invisible visible: a systematic review of sexual minority women’s health in Southern Africa,fcb081ad32e33a55db9d1ff83eac06e6228694ef276400b4b8be97bf02a5f773,2177
10.3390/su9081310,"Home Gardenscapes as Sustainable Landscape Management on St. Eustatius, Dutch Caribbean",3e50bc86bafc0c6e23d99ae42185ba4ec0c3d66792c6bf170f17979bfb6633a9,1397
10.1093/oxfordhb/9780199938735.001.0001,The Oxford Handbook of Social Psychology and Social Justice,d24a7aa1f6ad0ecd9057719a869447b3e008b59d672fdece5cf1f48bff497d4f,921
10.3390/nu8020067,Iron-Folic Acid Supplementation During Pregnancy Reduces the Risk of Stunting in Children Less Than 2 Years of Age: A Retrospective Cohort Study from Nepal,107d92a640bdbfc3006247ba61b4b09d442059b0e6f94f37a8353c05c9e8a45d,1315
10.1080/11287462.2011.10800690,"Water Issues, Climate Change and Globalization in International Law",60862fcb3d544752bd306d4fb1e3e3bb214a29536433c247023054a80f4a72d8,577
10.4324/9780429471087-3,Social protection in Latin America,d3b5c2566dfeeac00be654c595d8607fd8ffbe8a186aede2f71be6014df94b76,935
10.14665/1614-4007-22-1-002,Emerging Economies and Large Land Investments,3d7e8016d6289da8cf8deaca9f0efe7f7ab0fb0150d1bb61474ae115683c0093,1718
10.15208/beh.2018.65,Do financial development and personal remittances matter in South African economic growth? A bound testing investigation,29fdd00bf3a247c14d6156c4ec1ac5a135c7344849c5b419809e54a0d6f776c6,1201
10.1080/09669582.2013.855221,Using vehicle monitoring technology and eco-driver training to reduce fuel use and emissions in tourism: a ski resort case study,077989c9a45201ae397a2e2827c2766b6918945ccf7aa875ebf784bcb4f7f168,1420
10.1177/1057567713501517,Cyprus and the Global Polemics of Sex Trade and Sex Trafficking,8e00aaff30a2b05bce2b46dcb2218312f2cb7a0d7505fa3fb12f0205cd87d6e6,1029
10.1177/1023263x17754020,Once again: Plural nationality,8fe006d8492e6f7c0b385f0a2933a594ce1895f8939bca8ee863734227f549dc,1145
10.15779/z38th8bn20,Redefining the Legality of Undocumented Work,51cbd17f8b1836cefb13d4de2ffd0ef3d62bf8029e7ae67c413f27046dca2552,2106
10.1080/13552074.2017.1379781,"Indigenous women’s struggles to oppose state-sponsored deforestation in Chhattisgarh, India",77ae65831ce5116e1448433ace9b645998998ad411bba5130cc943b1b78bc9c3,573
10.1080/17597269.2017.1278930,Multifunctionality of agriculture products: towards collaborative policy guidelines on sustainable agro-related fuel development,6152730c342f5faa15f0a3b61b38b745372ff4d1b6e7d6e12fc33643bf02ec46,1190
10.2495/sc130241,Evaluating the sustainability of Volgograd,948d307cb995febdbbbd4d1dcb296e82dccaa5d47f58720310cfb211915df9f3,281
10.1016/j.envres.2019.02.043,Soil erosion modelling: The new challenges as the result of policy developments in Europe,c406109b8bdd7b3b462142975110b23aabe9a35dff24f0428a0a16ac238b06b3,1301
10.1093/aje/kwu316,Mediators of the Association Between Low Socioeconomic Status and Chronic Kidney Disease in the United States,666314338fe7c334268fbc8aa60611dd820e9b99840c787628bc8c482ffe8b7a,1605
10.1051/matecconf/201713807004,Integrated sustainability for transportation infrastructure development in Indonesia: A case study of Karawang region,6e483790bf6474990aaea775764c023f57025b0d4a9d0dedd1a6ec158cd84c66,967
10.1016/j.jenvman.2018.11.060,Mötesplatser för samarbete : En studie om fysiska och virtuella mötesplatser för att främja utveckling av innovationer,6f0518e59dcae4922a25bc01374374053ef9619d2cd63e381d9e7b03515834e7,1925
10.1017/s2047102513000186,Climate Policy and the United States System of Divided Powers: Dealing with Carbon Leakage and Regulatory Linkage,1e6f9afda34e6f28d20fd43c04cc29430f7cafefda31745fe860082c2d170afa,1640
10.17660/actahortic.2012.937.93,SEED COAT REMOVAL GREATLY ENHANCES GREVILLEA (PROTEACEAE) SEED GERMINATION,0f7fab9f29c49b272c229e9861975fae912ab7664bdea41342efec745d744a59,258
10.1007/s13280-016-0792-7,Assessing the sustainability of freshwater systems: A critical review of composite indicators,578dab7496eda5d315709fa0c6586853067483a7a14f5b647262f0fda7ce8c40,1768
10.1111/j.1468-2435.2012.00748.x,Financial Access for Migrants and Intermediation of Remittances in South Africa,766323d2a8a9e89d119398b9351e7c8b2c1571ee5c654c4710b41f70d1e0d70b,1026
10.1111/nyas.13332,Review of nutrition guidelines relevant for adolescents in low‐ and middle‐income countries,c6aa77957235979f4dfce23c1050729b7f027e3505eabb98448fc802fa4179e8,1377
10.1680/bren.12.00011,Design and construction of bridges in Fiji,512409c329ff29963982815044ca60fa40398cebb9d94aa686db6ede15fd673c,1337
10.7202/1024905ar,Mobilité et lutte contre la pollution atmosphérique,44f115ba51fb5b01c70598e2e58bf163ad0e272790e452038c1e83fff5efa08c,1169
10.3390/su11236627,Sustainability and Subjective Well-Being: How Students Weigh Dimensions,60c2f2263f1cc18c831f451722e7b509d9bdc15ddd281e22afab0cd5bc22568b,1317
10.1080/19463138.2014.937720,Building urban climate resilience: learning from the ACCCRN experience in India,8a749d2b9ff3286b13cde6c8816999fe395171cd721e11358f0907109a068836,1044
10.1080/00343404.2014.884275,The Geography of Inequality: Difference and Determinants of Wage and Income Inequality across US Metros,26170babc3febcce59878639217373180f600b7e885fce41684bb07f69240406,825
10.1080/19407882.2015.1057167,"Participation without Parity in U.S. Higher Education: Gender, Fields of Study, and Institutional Selectivity",82690e93c29dad0eda3a8f3f24e9a7b5d86d174538b7fd1e5638aacce6f3e271,863
10.1080/09593330.2012.673012,Mesophilic anaerobic co-digestion of pulp and paper sludge and food waste for methane production in a fed-batch basis,b0bd13b7a45aae788d7fb755602742fe3f0d4b4de0ed4952748971a5f35e71e4,1049
10.1111/j.1467-9485.2011.00553.x,"RICH STATES, POOR STATES: CONVERGENCE AND POLARISATION IN INDIA",10c9e0e1d4b84e11c7742f3e0e1ac1f6b4326ca644909fa646d74c4dd8967d79,796
10.1109/foan.2019.8933711,How Dubai is Becoming a Smart City?,c935927eb648504d2ce05a9ec24af2aefdbc91ea364792c15a297c2a20aaadda,1023
10.1017/asr.2013.45,"Of Extensive and Elusive Corruption in Uganda: Neo-Patronage, Power, and Narrow Interests",0a75569ce5f05dc680ddaf239ac32e9017ee1cc53b8df168cab2c533bb7fa06a,951
10.1088/1755-1315/167/1/012043,An Analysis of the Carbon Fixation Change according to the Greenbelt Deregulation Using InVEST Model –In Case of Anyang and Gwacheon City-,4573681d6b69dcc48ac1faaca48afa033187432159f3858b7037324e4ccbf8c0,1234
10.1108/k-07-2013-0147,Towards viral systems thinking: a cross-cultural study of sustainable tourism ads,e4cde31c986ed2efb9b7496fb407b2b2bb6cabbeba67f02a96db3fb06f36e059,2284
10.1051/e3sconf/20187314002,Rethinking the Gap: Digital Preparedness and Social Inclusion of Young Generations in Remote Area to Lessen Digital Inequality,d8d9ebd911970f441568ed30b344ee407a3d309794770721daaec08d93c49c8b,1459
10.1890/09-1786.1,Variation in physicochemical responses to urbanization in streams between two Mid-Atlantic physiographic regions,e2254064b527da3efb236642c602b8df2010e1824e82e4a2cef7c356b76c69cf,1894
10.1108/jpmd-04-2012-0014,An appraisal of urban renewal in Nigeria,7982c4b60990d006a3ce83c873ba4a40a54785bcaccfe1052ccc433afebacd4c,1731
10.1115/imece2012-85201,Energy Efficiency in Buildings: Think Pyramids,72abda18a818b109f32ec865d069ea3e56ef0eb2f32b458a4cbaa3628c89c6a6,2310
10.1080/09613218.2010.482236,Making morality: sustainable architecture and the pragmatic imagination,7fce6ca150cb8bf852979132984567f691199488d9d3f5499f6f50e0585d27db,3328
10.1080/10550881003684830,"Punishing Pregnant Drug-Using Women: Defying Law, Medicine, and Common Sense",1ccfcfefbcc3492c0116c1e33bd423b907fc4a9e1327ce56c2e79026517b8437,1039
10.1080/01430750.2018.1537939,Waste into energy conversion technologies and conversion of food wastes into the potential products: a review,123e5fa95fd947b7481f08c961d387df94dca4dc4be0eda8dc8d3501dba245f4,1041
10.2166/wp.2010.073,Institutional capacity and policy options for integrated urban water management: a Singapore case study,4b8fe9e1373dcaf07b2736af014b5efd436a7759172a9a1ae303008ddb7b67b7,969
10.1080/1323238x.2015.11910934,Wielding the big stick: lessons for enforcing anti-discrimination law from the Fair Work Ombudsman,4ab3a885bcb914e3179ce325e5d380cb4bea2c2a4b2ef5377418ef125b6bd1c5,1159
10.1186/1471-2458-12-641,Causes and determinants of inequity in maternal and child health in Vietnam,e7df0b7e47b69e96cf74b5f13951bcae668a16db19b1ce4b31dacc625492247c,1598
10.1186/s41043-015-0025-x,"Predictors of maternal health services utilization by poor, rural women: a comparative study in Indian States of Gujarat and Tamil Nadu",22b7241bc873b6c45ec7e48b4509e55ae66cc05cc21b458f0949f7032bfb3f78,2572
10.4074/s0338059917001036,Sécurité Alimentaire et Marché. Représentations des Acteurs du Monde Agricole dans La Russie des Années 1990-2010,ab596be063b934745fa91b02ff343ecce3c5cd5fbd08ad1f898c0624742439bb,1500
10.3141/2581-10,Bus Financing in Urban Transport Projects in Mexico: Challenges and Opportunities,6b6a1d7de017bd57b9b32835eb178d73bbd8202de213c67edf18a54ca7614b1b,1706
10.1039/c6ra22760k,Pilot-scale open fermentation of food waste to produce lactic acid without inoculum addition,e1702659b7c99f661cca8747ff3b27bf6cbe800dae6d78248fdd611bef02caae,129
10.1017/s0014479716000454,FARMER RESEARCH NETWORKS AS A STRATEGY FOR MATCHING DIVERSE OPTIONS AND CONTEXTS IN SMALLHOLDER AGRICULTURE,859d4641c0c3645363227af27f50388bc68330465bd1a7cbae09b50828496fb8,1589
10.1061/(asce)te.1943-5436.0000363,Pervious Concrete Pavement Performance Modeling Using the Bayesian Statistical Technique,bd819d69e1d9147f4aa474dcff8b094b878241630aa7d96c711a38b9bc47a6a0,1270
10.1080/02827581.2011.570783,Bioenergy from mountain forest: a life cycle assessment of the Norwegian woody biomass supply chain,c70870a77b10eb35c4f8daa1b1e7173d5bd9b9be5f405070a6aa9ff6f3ee84ea,1258
10.1080/16549716.2018.1473104,‘Because the baby asks for it’: a mixed-methods study on local perceptions toward nutrition during pregnancy among marginalised migrant women along the Myanmar–Thailand border,5bd103b2e4464ab62552d984ebbe0cb097017c72f5e6766a953bb37a0960ade8,2101
10.1017/cbo9780511794179.005,United States,92ac05da12817f8ad48bd3e17111d9cc3df564d9de58c936ec1ef369e07237c6,871
10.1017/s0014479719000243,Grain legume inclusion in cereal–cereal rotation increased base crop productivity in the long run,74349ecee530d36eb5f5648b9cf107aa253f47321cc0bf2282e81499fe8ea725,1551
10.1108/17465721211261932,Changes in the levels of psychological distress in eight countries of the former Soviet Union,a4ae1812988b6059ed8fc1ca031befe925bb9a5fa5dfd6353bc37e313eabe3a9,1857
10.1093/heapol/czw074,Does addressing gender inequalities and empowering women and girls improve health and development programme outcomes?,ed0cdc862f1d25e524f184c722e77779f52dad61cd87b61865ebd31836fcb0a3,2265
10.1016/j.egypro.2019.02.128,A numerical study on various heating options applied to swimming pool for energy saving,bb4b9cbcdf90606f1ef94b7b8169a0665a4350afc0f3fe39af18810db363a74a,1344
10.1097/pra.0000000000000287,Psychiatry’s Role in the Management of Human Trafficking Victims: An Integrated Care Approach,69c3db17d9fc4e737c71b4227e2dc01568e168c12bfc96bdb3f5e594e96e2799,1089
10.21837/pmjournal.v16.i6.459,DESIGN ANALYSIS TO ACHIEVE GREEN/ECO SCHOOL BUILDING DESIGN TYPOLOGY FOR MALAYSIA,dd079b80fed3bb8e5c24c767254b04af06f5c23863b25c69ad87ba386878b3a9,916
10.1080/00343404.2018.1453131,New directions in regional innovation policy: a network model for generating entrepreneurship and economic development,d188dbaa31f8ce120574de17a017becf38bdf07dcb31b12d01c64a9398a3e2ea,1042
10.1542/peds.2013-1630,Military Health Care Utilization by Teens and Young Adults,456f21a3d44007d1995921efff59b9dbaf4e437a741e5e7203f46aedf1c475ad,1792
10.1073/pnas.1912710116,A social–ecological analysis of the global agrifood system,59d3ac104c729a27de0c13823fb1eaed0a3c03c2c75387b8603bb61c43bc2003,1195
10.4028/www.scientific.net/amr.168-170.69,Application of Traditional Local Materials and Suitable Technology in the Modern Low-Carbon Buildings: A Case Study of Rammed Earth Building,8004b01ee40625095b4cf36c6c47ed25b17d0754312a9121b12960a14f34bbb1,1828
10.1109/cisis.2015.57,Effect of Temperature on UASB Reactor Performance Treating Textile Sludge,cfb258f4d563ca5ae97edb40edaa815dd8bb360df6ad266b2fd6eb9d94b91faa,1836
10.3402/gha.v7.23257,Collecting and analysing cost data for complex public health trials: reflections on practice,e53bc39461aec1d3367b84cc6ec779a8daaa900f0f13f82907ea67277ae3b362,2607
10.4018/978-1-4666-8259-7.ch013,Study of Carbon Footprint in Organizations,2786f104ea69bde1bc106e360d9eb54550ba5c30b8256c2251f39ef9b05ad32c,809
10.1177/1477370815617188,Human trafficking for sexual exploitation from Nigeria into Western Europe: The role of voodoo rituals in the functioning of a criminal network,ceb361ffde05b9b671da49803dbec6fb5864650a453515ef714d909620b6aa89,816
10.1051/matecconf/201818102001,A comparative study of Transit Oriented Development (TOD) at Yogyakarta Railway Station,651d3629a5cade3e4697404c3f404dffcdc376c402c8641054a80f6ee4a48766,1050
10.1080/09512748.2015.1011211,State transformation and resource politics: Australia and the regional political economy,663180db512e46ed78ff106c044e124c6a5b7f3a398b250d9bc71e6417873602,1504
10.1117/12.2030406,Dynamic monitoring and driving power analysis of LUCC based on remote sensing in Beijing in recent thirty years,58746cccc5119a14a8af28ec23c3bd0a830385cc6301e7f484b105b3dc22a86f,1628
10.1093/isq/sqx052,Apples and Dragon Fruits: The Determinants of Aid and Other Forms of State Financing from China to Africa,de5039a67afe38e6c90513a74c9b096c6dc7bb2cc6054c99cb7084b7ff4cee71,956
10.1115/imece2013-62304,Technologies for Waste Heat Recovery in Off-Shore Applications,1c66c0ec67e1e5bb875e22207594c9fe4cb77083da72ea8cfcc15f53ed919160,2026
10.1144/sp395.17,Coral reefs in the Anthropocene: persistence or the end of the line?,56de7f2d860ff70cf6dd0b6613590b3b2fd2c3bab042becf0d5c26b1fe8bcefb,1451
10.1080/13678868.2010.483823,Gender stereotyping and its impact on human capital development in contemporary Russia,a7bc13d51a5fcdcc6e5483ea7bf98ec3a2fe5a45d6316b9ed7eb873e668d60c8,719
10.1177/156482651403500212,"The Indian National Food Security Act, 2013: A Commentary",2f7a9f1652093940aaa253e48bcbdf355de42f4f58e6aae46c0077d5bafb6a40,1509
10.1177/0975425315619047,Gendered Exclusions in the Work Spaces of Peri-urban Areas in a Neoliberal Environment,6bf163e1dd1b66e133771f65e69f96a61ab6eaea3059910be5c6ba409624ebc3,1066
10.4324/9781849773515,UN Millennium Development Library: Halving Hunger,9400e9851ba055582ff954608a8c1cde53d55a5a806976699bf75c0f234d6d04,1925
10.1177/0973005213479207,Impact of Microfinance on Women Empowerment in the Matrilineal Tribal Society of India: An Analysis Using Propensity Score Matching and Difference-in-Difference,8b18c4d808bd540f11206d3c0faa8c9ebbe947020e040cb9eb6f7f01d32b0d28,1235
10.21077/ijf.2016.63.2.41238-24,"Socio-economic status of fishermen operating FRP boats in Nagapattinam Ddistrict, Tamil Nadu: a special focus on poverty and income inequality",5483278781150ee98d76275341d92ccf0089f7d25d1aef027156785db2b8fe7f,866
10.5380/rinc.v4i1.47660,Reproductive Healthcare Services and the U.S. Supreme Court: beyond Roe v. Wade and 'Abortion Clinics',a0f48dd951203651cb23f7f5f9369abec25d43593e46545664667b2a9c707724,1929
10.4067/s0718-915x2014000200006,Current models and practices of economic and environmental evaluation for sustainable network-level pavement management,935a4591c9d688f8d0f526688b05455d460b3fe875381eaf611ebd39e85c01ce,1260
10.2478/v10145-011-0010-6,Life Cycle Assessment of Biogas Production from Marine Macroalgae: a Latvian Scenario,19686481e5e38654428405b4f36989e3b9e38e2ae8caa65506e4f89df34d0ef9,708
10.9770/jssi.2019.8.3(6),THE MODERATING ROLE OF ENVIRONMENTAL DISASTER IN RELATION TO MICROFINANCE’S NON-FINANCIAL SERVICES AND WOMEN’S MICRO-ENTERPRISE SUSTAINABILITY,953fef57d49f63e7f9f11f81367c1a5f08209c537da9bfec7dca6169d74f219d,1577
10.7196/samj.2019.v109i12.13972,"A diabetes profile of the eight districts in the public health sector, Eastern Cape Province, South Africa",7ddf647a8ea02f6905f848f11d74b1b629b807f7d37951cd2e064d62e16824a0,1931
10.3390/en9121086,Systematic Assessment of Carbon Emissions from Renewable Energy Access to Improve Rural Livelihoods,f2f84bd798f98c7af371874835d999faa88e922a05d799645b35c514ccb47563,1518
10.4067/s0718-52002017000100011,CONSTITUCIONALIZACIÓN Y JURISPRUDENCIA CONSTITUCIONAL EN EL DERECHO DE FAMILIA CHILENO,b65ded2ada61833c5d430469f35687e5912a256ce9bad66eb892452eb78de3da,812
10.1109/access.2016.2622163,A Practical Design and Implementation of a Low Cost Platform for Remote Monitoring of Lower Limb Health of Amputees in the Developing World,91433a3a246d488e9b01e92d4e462977c87ce618b53441f110581368ee2b597e,2136
10.5194/essd-6-235-2014,Global carbon budget 2013,116bf42a30bd94067cce420c768d17b633d9dba2887cbfa9dc8f49133e1a54bc,3207
10.4324/9781315254517-7,What Makes Genetic Discrimination Exceptional?,14c98192865980497263d09bc449250b29b7d7381ea81056bbf20a876647936f,1099
10.1007/978-3-319-61615-5_5,Microplastic Pollution in Inland Waters Focusing on Asia,457f61acef9df6f8fd9a2890d8a2eabda00f497c86728dafad967e2e4117b31a,1363
10.1016/j.egypro.2017.12.297,Intermittent Freezing Concept for Energy Saving in Artificial Ground Freezing Systems,c6d53ced08c4d411dfa88251649b11872d41536f3f6b5c2414acee011c8abc78,1058
10.7860/jcdr/2018/34360.11758,Green Hospital Initiative by a North Delhi Tertiary Care Hospital: Current Scenario and Future Prospects,7d7e4120a5bbac77f824add3bc8bc3757d629933352a0a56177cae8d7e6a2903,1743
10.3763/cdev.2010.0053,Climate change adaptation and disaster risk reduction: Contested spaces and emerging opportunities in development theory and practice,193c8ea3b1a1b04a4f7724b36488c09b97351efb0f713078b6cda6c68433ee3b,1481
10.1108/jcrpp-01-2019-0007,Data hiding the truth for the last few years: a panel data analysis of crimes against women,975090e9ee79fcc4f2c0e6bf24b0b0375b9493f427b7a445537d37b000c2856f,1721
10.3892/ol.2018.9851,Differences in colorectal cancer surveillance epidemiology and screening in the WHO European Region,d03ed58a9ef2d533b268199e386c96d4be67be26b6be1f5c801e78851652c973,1627
10.1016/j.procir.2016.03.214,Open Innovation for Ideating and Designing New Product Service Systems,d11b2fbdd8e7f83bb06b01b364dc00791e7d60addb00beaf22f87a80dbfb245e,2095
10.1146/annurev-resource-091912-151930,Cumulative Carbon Emissions and the Green Paradox,429bcfc0b79f979fc84ea61a255b9849c05702059f473a8f929680a09b598ac4,1007
10.1186/2212-9790-12-7,Negotiating risk and poverty in mangrove fishing communities of the Bangladesh Sundarbans,44ec6b96f57773fd3fadd033e90cdd688cb0f38a32654c421e0958515e632a24,1050
10.1093/heapol/czx070,Incentivizing universal safe delivery in Nepal: 10 years of experience,a26d6815dbc6af5fa4d0b28b29b4ec8498559a7f697c199afc9af7c88ad5b055,1912
10.1109/iespc.2017.8071882,Modelling of reference electrode for a SÌ3N4 gate pH ISFET,2f40387206f12cafa323f2f51070f322e4c5a7c2220171da8e567fc3aaaf102e,960
10.1108/ijshe-08-2016-0155,Participation of student authors in reports on sustainability,f76d53baae930633059f064f38a508cbf4355e1fd37bec920fecc38817740d67,1949
10.1177/2158244019854496,National Level Social Determinants of Health and Outcomes: Longitudinal Analysis of 27 Industrialized Countries,d32ef623fbe8c376f0c78e996fcba25c37deeb0b582961e97ed4182168e3b1c5,1683
10.3390/su10030803,Multi-Criteria Evaluation of Irrigated Agriculture Suitability to Achieve Food Security in an Arid Environment,a6009a9dcfabd3bdfeed2bbccc5569861e01adbb1ef8b89b3e2cfa7b8823697c,1334
10.1590/s1413-41522016140991,Evidenciação de emissões ambientais em empresas brasileiras,8ffe298142ebaf67d909812af5ce0747571d8d3fa613e23aaf520a2902c779cb,1226
10.1108/ijshe-11-2012-0098,A comparative study of education for sustainable development in one British university and one Chinese university,5817f1735524b1d26724211d709736bbbb4fce467256c87585d22e1a5bcdee57,2187
10.1080/00036846.2015.1136392,"Business environment, economic agglomeration and job creation around the world",536a345a1e921683febdd3a74aa28a77622cc389611e5dc19f1a36f25151b124,692
10.1080/02508281.2013.11081756,"Sustainable Nature-based Tourism, Involvement of Indigenous Women and Development: A Case of North-East India",8cd8741fb978255aa94c3b2e2e61edbeac0467f152bb9b7dc611268611d98542,1084
10.17660/actahortic.2015.1104.19,Research challenges in geophyte science: from basic science to sustainable production,8d2bd04d0ef531f508579824c583742fe063c6fd4afc2811634a755e9259ce44,281
10.5194/piahs-366-23-2015,Water Security – science and management challenges,ccf3e726f6e47bafefbc925411ff15e95e730e033402baeebee2b7f5caa5a1e9,1337
10.1111/jocn.13625,"Violence against women: knowledge, attitudes and beliefs of nurses and midwives",911950a3ae5d63cfaa64869d0e7a880b9bbcccd3b0103bb6b5ab40a803ef050d,1920
10.3402/gha.v6i0.19145,Inequity in India: the case of maternal and reproductive health,4ae3ff6981b084b0b1eb49512908d80a646e76ae34eeab91120f5ae8017b8150,1916
10.3390/ijerph8041206,Combining a Fuzzy Matter-Element Model with a Geographic Information System in Eco-Environmental Sensitivity and Distribution of Land Use Planning,b4f6612d8b2e10cfda2c17d75b0adccbd825ee1d9e97b2809ad0ab330057bddc,1185
10.2495/ws170091,"CELEBRATING URBAN WATER, NATURE AND ECOLOGICAL PROCESSES TO MITIGATE URBAN RISK",4a92a7156dbd59b5f58a91ce5172c233179c2b3ae67ee94f1fc7d307a7f13e2c,2017
10.1504/ijtp.2010.034207,"Resident perceptions of sustainable tourism development: Frankenwald Nature Park, Germany",1b6dc0c79de7cf44721ac2a825dd5160809c8d469cbadc45f9570e581db0f03b,815
10.1111/j.1471-3802.2012.01240.x,Developing the capacity of teacher‐librarians to meet the diverse needs of all schoolchildren: Project ENABLE,2e5f7734450e292877507284c9cd6c93287fae3348b0ebfa2b3900805615484b,1839
10.9745/ghsp-d-18-00001,Universal Health Coverage in Francophone Sub-Saharan Africa: Assessment of Global Health Experts' Confidence in Policy Options,eda4602e8d479318bdf57eaa54a2535439662f34ba4f9e62c865a11256d0c324,2461
10.1051/kmae/2014030,Ecological impact of transhumance on the trophic state of alpine lakes in Gran Paradiso National Park,fa138ff2656900a0603164ee325f828d330d62b68a26e392cf537a46a573bf1f,1248
10.1109/fie.2014.7044323,Cultural considerations in service learning with American Indian Reservation community stakeholders,e64a287cbdb17c16de1575f0ae730fb44af8a5bfa6a598aa2692bbd3abc02226,3176
10.1016/j.ehb.2015.08.005,Inferring the economic standard of living and health from cohort height: Evidence from modern populations in developing countries,f894c3500c28b5d60c663c5b650a402d08ce97c58c524d146ad4ce3b90246cb4,1535
10.1080/10508422.2013.845733,Sexual Orientation and Human Rights in the Ethics Code of the Psychology and Counseling Organization of the Islamic Republic of Iran (PCOIRI),06398f9c71f0f5f2a185a4c098fda38f098a4354ee5066e2e8517d0923081fdc,1475
10.1108/jitlp-02-2013-0003,Climate change and trade policy: from legal complications to time factor,f05539c819abe0e3e59b183268bd9cc7852290af154e902cfa2b49d60f2dc5fa,3370
10.1080/17565529.2011.603193,"Three linked risks for development in the Pacific Islands: Climate change, disasters and conflict",b6afdbda5f8811f82c372d3146edd5a05758383ffc247ddcdc9824ab3250d332,861
10.2355/isijinternational.54.29,Decomposition Behavior of Fe3C under Ar Atmosphere,b234f1a0f0e8b1b90d5898b42cf915809638400d5233d7237f4da90e495484a5,890
10.1111/ppl.12486,Effects of elevated carbon dioxide on stomatal characteristics and carbon isotope ratio of <i>Arabidopsis thaliana</i> ecotypes originating from an altitudinal gradient,848a7f00713a1b8efbf332ca356a9d09a411f261a5cf537887384c9ec7dc976f,1723
10.1080/00380768.2017.1396878,"Effect of tillage, cropping, and mulching pattern on crop yield, soil C and N accumulation, and carbon footprint in a desert oasis farmland",a967f68f1db6c7ce68037424baa7342a3959a13cedbcae743f0e4b9669f44ce2,1765
10.3390/en9010031,Assessing the Environmental Sustainability of Electricity Generation in Turkey on a Life Cycle Basis,109817a9a6e9004556e8aef195d97f8e6b0bbdafabce9e73d9f8e33e8b1295ef,1260
10.1111/geoa.12093,Timescape of the earthquake disasters in iran: the intricacies of earthquake time and earthquake disaster risk reduction,69b6ed03a7e051069752ddeacd27122878686fb4668045255eb0aaa307aaa9bf,1662
10.1017/cbo9780511996191.015,From citizen to consumer: energy policy and public attitudes in the UK,ef4d67ed676f6511b7912501162c37b411e8fa5f8376f9d0d6463fa4d53d30fa,1055
10.1016/j.ecoser.2019.100996,"The role of non-commercial intermediate services in the valuations of ecosystem services: Application to cork oak farms in Andalusia, Spain",305d61549c1c61c2f84f346a09ccb2503637fcc3ec97fdbb54f32d80953289b4,1311
10.1021/es902266r,"Life Cycle Assessment of Biochar Systems: Estimating the Energetic, Economic, and Climate Change Potential",f0fef52189e0db4d8ebb531aa2da620ce839ca2d253275019aee7432632252fe,1774
10.1109/mele.2017.2685738,"Empowering Smart Communities: Electrification, Education, and Sustainable Entrepreneurship in IEEE Smart Village Initiatives",4456a59808d1e46d7dcb3efbd820842333b16ec59d46dbf759f8d422e98ef388,636
10.3389/fpubh.2015.00185,Postgraduate Education in Disaster Health and Medicine,44a2e67adf52248ae5867cd41351d3a6556263f298ea24451a2c8550fd908c24,997
10.15159/ar.17.070,Requirements for inserting intercropping in aquaponics system for sustainability in agricultural production system,8f6a51b57c16cbbcb741219ddf4d71d847eaa0d979904ea49b7945b8b243906d,1900
10.15407/ugz2019.03.053,LOCAL TOURIST SYSTEM OF THE CITY OF LVIV: ADVANTAGES AND PROBLEMS OF SUSTAINABLE DEVELOPMENT,d9d7923803d8d8134ccc5e625a3bd6b234718ae3ef91cacd26a604f2628be216,70
10.4324/9780203791035,Gender and Social Security Reform,ff8fbd88a7df47303cf7297d166e94d5ccd39216ea75738dc45598da75cdfa31,986
10.2478/s13382-014-0252-1,Evaluation of annoyance from the wind turbine noise: A pilot study,a6e9ba88929f7f1a18717cd7cb12ec43250416452ac140c8ef72dde1fcc2a90d,1706
10.3390/ani9090602,Purified β-glucans of Different Molecular Weights Enhance Growth Performance of LPS-challenged Piglets via Improved Gut Barrier Function and Microbiota,901acc5ccde3400320a481d510567fbc509cc64ec722b82631ce21e74e3d7ae0,1326
10.1007/978-3-7908-2799-6_8,Harnessing the People Factor for Regional Development: The Central Queensland Innovation Accord,0cdaff3aa09d6e5b93573528788530f08e9c7ade560b7d98544e307e15f3404c,2034
10.3390/rs9010081,Distinguishing Intensity Levels of Grassland Fertilization Using Vegetation Indices,8e64077dbe4b9eb5b174d7503b0c5d1e176c2f677db621081cc49d301d16416b,1495
10.1080/17516234.2019.1601065,Burden of out-of-pocket health expenditure and its impoverishment impact in India: evidence from National Sample Survey,58472a825af24cdb24040dda5c8d265a9d8f2c18d8b6c306d9fc793196a7be2a,1716
10.1038/srep16518,From sink to source: Regional variation in U.S. forest carbon futures,e3a5fc574faa91e33f0fc1a82889192e1d7334574c6f556279532b6806481039,1400
10.1080/14693062.2012.669097,Quantifying the social equity of carbon mitigation strategies,80e52a63a655c97bcadee740493284a38019159fe290b42aa085b0b71a37b7e0,1349
10.14529/mmp150105,Analysis of Socio-Economic System Processes Performance with the Help of Eigenstate Models,b814b5025c3cb51314288be3efb172b840decce48977065b4c8d4c21153c6e85,1139
10.7448/ias.18.6.20290,Human rights and the sexual and reproductive health of women living with HIV – a literature review,af21af2d18cd5e95c0562c6c82f1ca3699fcf080eab42769044707d1ac8c5753,2316
10.5751/es-09784-230124,Analyzing community resilience as an emergent property of dynamic social-ecological systems,e2b48c1c05cdf9981bb2fbc73ffc9814309b1cb803c3b2e9fb7f7907e1fb3e20,206
10.1080/18125980.2013.852740,"Music, land and liberation theology: Mai Charamba's ‘<i>Africa</i>’ and Fungisai Zvakavapano-Mashavave's ‘<i>Hamheno anoramba?</i>’",4a620f6737195c08c5130cdaa8d4402e681cebb1c75b2aef34e644d8c55c908c,1222
10.1080/00288330.2012.712978,Using climate downscaling to hypothesise impacts on apex predator marine ecosystem dynamics,72d300e3c59e81a160a8c29921ed25ed0471de1cf0757048e3e664ee78905e50,1133
10.1016/j.proeng.2015.08.411,"Building Energy Consumption in US, EU, and BRIC Countries",20e246f05a3dd1459b10dc5c2c70d0d1d25e3ac87a88c692929afb7c777cdf84,1026
10.1111/j.1468-246x.2012.01442.x,Social protection to achieve sustainable inclusion: A <scp>E</scp>uropean imperative in the current economic crisis,62a596c1c11b3e46d91cf5b694ab803ac6167b6dd213e4566fd7ecfbac65a7b3,1458
10.1080/14616688.2014.959993,Rural residents’ attitudes to tourism and the moderating effects of social capital,1855715f7109951e9c5cb0b30cc9db855d0905e96304da1d07af8debf8dd8633,1156
10.1111/geoa.12097,"Spatial distribution of disasters caused by natural hazards in the samala river catchment, guatemala",97d61fdcf1f04848b7bfe56d443e299b7a9ed598817b8678e69b95c252904ed7,1916
10.2105/ajph.2015.302905,"Housing Status, Medical Care, and Health Outcomes Among People Living With HIV/AIDS: A Systematic Review",5a342be482a177a9f64c83b1f46eaebae6316e602715a25becc03140f2bc458f,4259
10.1108/ijlma-08-2014-0047,R&amp;D expenditures and future innovation: evidence from the chemical industry,9481606fd11c6f8934f94d04739f1387b5b3d1e795a66c8dbe1d6ce24f91b9fa,1374
10.3390/ijerph14080870,Water Environment Assessment as an Ecological Red Line Management Tool for Marine Wetland Protection,a18d34f2dace3c26fe959ff87ee266635099ea8e3bd016ab5a7ec2795cfef439,1131
10.1590/s1679-87592012000200006,"Long-term effects of oil pollution in mangrove forests (Baixada Santista, Southeast Brazil) detected using a GIS-based multitemporal analysis of aerial photographs",22299cd13f9eb61d5db305b95a15e27c2bd79a95f3bd21b863c5584ade4b90a0,1424
10.1021/bk-2019-1334.ch007,Creating Environmentally Resilient Agriculture Landscapes Using Precision Agriculture Technology: An Economic Perspective,f4acdb1c751ecc4199e6f8e7f27e48b0aebb8303e5831ef2e6ae881be62d9e41,2011
10.1029/2012gm001206,Irragric Anthrosols-Artifacts of Human Adaptation to Arid Conditions: Examples From The High Himalaya and The Coastal Desert of Peru,7b1d3b65911864fa6125b5d5606744cfd0adcf364466a0dfbbcc93907bf35f72,113
10.7705/biomedica.v36i2.2953,"Factores de riesgo en escenarios emergentes de leishmaniasis visceral urbana, Misiones, Argentina",dec0377be0ec19b7c524817ec74d50ea6032db58c4bdf16462375d36105d159e,2074
10.1108/13563281011068113,From image to economic value: a genre analysis of sustainability reporting,ecc76b57ec878e5f016f18f5f8b2ca527e871bd9de99b76b6d211a2aa6ed19a5,1549
10.1007/s10457-014-9679-4,Farmers in Côte d’Ivoire value integrating tree diversity in cocoa for the provision of ecosystem services,654a3e884df67debb81ced990309ef37ec583fc8fa898936890f4a8330929a80,2111
10.1093/acprof:oso/9780199588817.003.0078,The Impact of Climate Change: Challenges for International Law,8e1959d0725dcfd7a2b1f7232d69ea7321ce9e336f2bc9118f6123db0ef74474,1488
10.1177/15648265130343s205,"Developing Evidence-Based Advocacy and Policy Change Strategies to Protect, Promote, and Support Infant and Young Child Feeding",eb1953de7c95edf7da5a7f6fae30e8efb6d0f2a4d21a4fb6c627abcc38808f59,1816
10.4028/www.scientific.net/msf.959.32,Allocation Procedures for Generic Cascade Use Cases - An Evaluation Using Monte Carlo Analysis,6eff368172eee582af9b46eb9e7f8e5d272ef560c18657ff6e0b13a0dc0f2d35,1054
10.1002/rra.3290,Biofilm early stage development in two nutrient‐rich streams with different urban impacts,82a67ae36eaade3c1f406d27770d9c0f5cc31951ffc76e533e3b54832baa4128,1472
10.1016/j.margeo.2017.05.008,Assessing climate change impacts on the stability of small tidal inlets: Part 1 - Data poor environments,ffde19f16a881536015265b6292c7861272b205ef572ecc86a4584bcbb7a8185,2209
10.3354/aei00244,"Unravelling the potential of halophytes for marine integrated multi-trophic aquaculture (IMTA)— a perspective on performance, opportunities and challenges",09023fefca3130b6fe1f3683ca67dbbd0b76ba8700ed24db2794a83fdbce19c5,1654
10.1080/10455752.2014.964504,The Revolution Will Not Be Motorized: Moving toward Nonmotorized Spatiality,81817d6ba730a4d13bb1584f072de56fa59545c1693b532b2fd8dc2e5c01c02d,200
10.1590/s0102-33062012000400003,"Diversity of plant knowledge in a ""Caiçara"" community from the Brazilian Atlantic Forest coast",220e53b68fceb851cdf7c2b5e36912700305031f3b2537d0612fa612bef4d755,1173
10.5888/pcd10.130193,"Childhood Adversity and Adult Onset of Hypertension and Heart Disease in São Paulo, Brazil",24d43c7561dab5ef45a305dfee8f1e858f57a20889c628fc59af051cf607b56a,512
10.4324/9781315183213,"Historical trends in calls to action: Climate change, pro-environmental behaviours and green social work",cd894f96c93b32bd6412a16e7f006a694103c429aec3d00c1b7b1858f86bb69c,1384
10.1080/02508060.2011.561770,Lessons learned from environmental management of the Iraqi marshlands in the post-conflict period,cead0ed6a2f324558992513e01f8fbae90772a3ded5405349ea16642110750d9,760
10.1109/bigdata.2016.7840903,Unravelling the Myth of big data and artificial intelligence in sustainable natural resource development,d1c5d8844136af37a0d75c573fa289131c9d5ba9cad45121f9d9c542c2509c23,941
10.1177/1757975913507297,Living well with HIV in Nigeria? Stigma and survival challenges preventing optimum benefit from an ART clinic,968a18bc0e44a83bec4cb87e1ffd60a3aab8a7d976595cf41a4bffa1c76371eb,1662
10.1080/17565529.2013.830954,"Climate change, relational vulnerability and human security: rethinking sustainable adaptation in agrarian environments",8b68c7a731356734be99b4c49c1fa33ada78d4718f6e6f43335378ea1577b458,1316
10.1109/jurse.2017.7924603,Mega-regions in China - A spatial analysis of settlement patterns using Earth observation data,ade1a1075519571e2ba50c42805e17c5248a2c10e769e94b9bb2f25d94d57bf7,1082
10.4031/mtsj.52.4.2,"Assessment of Freshwater Inflow and Water Quality for an Urbanized, Subtropical Estuary (Lake Worth Lagoon, Florida, USA)",998d54d1c75929fddb91d4bb36878304c710071fb4fe18378ad714c3b498b238,2039
10.3109/0142159x.2015.1044955,Challenges to professionalism: Social accountability and global environmental change,6de27fd3e7b165b4b617720be0ca31c92327deb1665aa91fd46519fae2b0e9ee,1374
10.3167/ghs.2016.090206,Indigenous Girls in Rural Mexico: A Success Story?,b5db8bdc27ea78c7c186bb66a17ca079bd72aed2d0352e7575af3fde83a14466,971
10.1080/14634988.2012.731367,"Assessing ecosystem health impairments using a battery of ecological indicators: Bay of Quinte, Lake Ontario example",3757531f6883f33b10368b7ac1307b5a3d26cf5dfb28f3af9aac31c3a71a8ffa,1896
10.1111/j.1564-913x.2012.00136.x,Part‐time work and gender: Worker versus job explanations,0efca94b6903299384ae6c0da7e9307aeebe89baf3b5e2d88f5f75d0420097fd,785
10.1108/ijcthr-06-2015-0051,Leveraging nation branding opportunities through sport mega-events,c473eedcd03cd7af041631322c5003378285e89d36da746de4819e0d116e15cd,2171
10.1177/1077801218809949,Sexual Assault Information Posted on College and University Websites: Size and Setting Matter,6d503fe99067d689d92f312b4e4ac5244d1550299008e39ffafaf66046aeec86,719
10.1080/13504509.2019.1573769,Shark aggregation and tourism: opportunities and challenges of an emerging phenomenon,6bba003914e6c6e0eb79eae470e4a077dd0d4ea3806076b229de50891194f208,1050
10.1109/mpe.2016.2620658,The Consumer's Role in Flexible Energy Systems: An Interdisciplinary Approach to Changing Consumers' Behavior,abe2f1a472adcdb3209dc444e6e84b9c53e73912f032ec6e9f9ed4b291f7642d,588
10.5657/fas.2012.0241,"Chemical Contamination and Toxicity of Sediments from the Gunsan Coast, Korea",54fe0e79a26a19102c50d894d5b94abfc1c6768c39d742415af88004ca596d8f,1422
10.1108/ijcthr-04-2012-0015,Community-based island tourism: the case of Boa Vista in Cape Verde,9cbf6cc7760d35f6e8ee79e223cb187a87e6fba09d75443259aed9b4870544f5,2528
10.3390/rs10091331,Mapping and Classification of Ecologically Sensitive Marine Habitats Using Unmanned Aerial Vehicle (UAV) Imagery and Object-Based Image Analysis (OBIA),bdda3f3ebe1a560952db3b10da2c255493f1a81e53c997026dd37356add5dc25,1536
10.3390/su8070621,Water and Carbon Footprint of Wine: Methodology Review and Application to a Case Study,55c66fb977be89dd11e86c52a4fedd830debfa3312d6ca24fe131f6e828a5f5e,1468
10.1371/journal.pone.0222080,Transcriptome divergence during leaf development in two contrasting switchgrass (Panicum virgatum L.) cultivars,9adff79ab8336bdb17ff206de66df66883b5313927021d0f46482e8a37f9f2c0,1911
10.1088/1755-1315/58/1/012044,Developing Vulnerability Analysis Method for Climate Change Adaptation on Agropolitan Region in Malang District,9382374609be92b9b52f82db126dbf73ab45a7ef520b5bbe0d24d838fd3c04f4,1692
10.1051/metal/2013057,Cooperation and competition among structural materials,66453be68650bee86950641ac222edbef2213665757230a31005dec468fab12f,1355
10.1080/14693062.2014.953903,Encouraging clean energy investment in developing countries: what role for aid?,3bea3a2274128afef823b59fafb8ddde189c27f2982d1868cadc7df0904b3bea,1499
10.4103/0019-557x.152862,Risk factors for cancer cervix among rural women of a hilly state: A case-control study,93b9fa3df544bc2fcb8a758be7754ee00fe8293439b728af30f0f4d1c4306d0d,1072
10.1179/002436311803888393,Safe Passages,83ada97662028f720f69a5ba683fddb72713903cdca0aa2b9b3ed676c2fc6cdc,907
10.1017/s1751731114002122,Evaluation of the sustainability of contrasted pig farming systems: integrated evaluation,4c249d748da84f075b530c249bc0bc78094a40de8bb497e8eff0a9af75d9e5d7,1419
10.1016/s1473-3099(19)30165-3,"Tracking spending on malaria by source in 106 countries, 2000–16: an economic modelling study",f7e90b6c5304f0a5fe2162c09a8d55370f0699bbe338f8eefcadd26c938668db,1823
10.1088/1757-899x/339/1/012018,Optimization of Power Generation Rights Under the Requirements of Energy Conservation and Emission Reduction,7101203f19af1517fe7c986671cebea2ba150bc037e0918bfea7727821e57640,1427
10.4324/9781351174589,A Microcredit Alternative in South Asia,b33163bdeea39ea51b39b1dbe9a350969c069c860e3eb37619841543995d77e5,1328
10.1016/j.apenergy.2018.03.127,Untangling the drivers of energy reduction in the UK productive sectors: Efficiency or offshoring?,e520cd893621a130b6a74dc7e55479a47c2a304b54880ce3c6fc1190960ca5b0,1854
10.3167/reco.2018.080304,El desarrollo sostenible como política pública,3a89785201fcc56755a0d13a825825888479ea9e5f948476f028dc1943d36ac2,2659
10.5814/j.issn.1674-764x.2019.05.012,Evaluation System for Yunnan Cultural Tourism Routes Based on a Five Component Model: Case Study of the Ancient Tea-Horse Road in the South of Yunnan,b64dbb8f327f48ad748252cc611421d1e7bbc8f1f6a1475ee3db5b2e00d57f77,2502
10.1186/s12992-018-0341-1,South-south collaboration on HIV/AIDS prevention and treatment research: when birds of a feather rarely flock together,73e5140a428bd91992bfb4f26919c37f272f6321dcd8ee7fcca3bc7aebe72669,2307
10.1525/bio.2011.61.3.8,Media Literacy as a Key Strategy toward Improving Public Acceptance of Climate Change Science,d65941468cddc1f7ac2f3d1fd5dd035ce20d2ee30d8ef4332a8243f9ecfbe12a,1108
10.1080/15562948.2017.1330981,Unpacking the Presumed Statelessness of Rohingyas,aeec351d1dac34c8c858a73584734f5aa0495a97c891585523ccb371a5946c45,740
10.1002/eco.1471,Modelling changes in grassland hydrological cycling along an elevational gradient in the Alps,bf036cac63f093e2e74711be45da1f096380bafec9fb68932e92dc23d243597e,2040
10.1145/3365610.3365641,User values of smart home energy management system,890e8e471dc89211357b8cf7dc3ffba1b4fad332549a7e9e8c8cd9fdffa42b83,1294
10.5463/dcid.v26i1.268,The Role of Community-Based Rehabilitation in Poverty Reduction,74d60269de42de3863e05f9d5b10bdbf0ba66d7cd433a95f6431af17df1cc306,210
10.1145/1978942.1979083,Utilizing DVD players as low-cost offline internet browsers,aa677878a99c096b96088a4178fea9bb602dc523250b945c1922cdee32be4cbb,459
10.3390/ijerph15010072,Attitudes towards Potential New Tobacco Control Regulations among U.S. Adults,3d57e2c029725f0c2a1ba07373ccdb93d86a3bdbbe278a51b3a3052cd50cedf7,1558
10.1109/hicss.2013.521,The Impact of ICT on Intermediation in the Microfinance Industry,0f84423bf5c4d9c03c1677c3bd08c3d7282c3de793450c4beaae97d44b934802,613
10.1080/09669582.2017.1421200,"For-profit environmental voluntourism in Costa Rica: teen volunteer, host community, and environmental outcomes",69ed7e8d17a8f1ede55ef104ee8d183f671304f3453f8f09654740c51b08e065,1535
10.3926/jiem.770,"Ports: Definition and study of types, sizes and business models",094e6c9945a59239d7e960e2c79425aaa45cd37fdce0ebbd32411715a41ae519,1452
10.1186/s13717-016-0057-1,Surface storm flow prediction on hillslopes based on topography and hydrologic connectivity,ce04fa3c1691d0d1901228af1d30cc57a842e5307eb2c3e0693cd2ddc55bdf7f,1996
10.1017/9781108579360.014,Filling Institutional Voids in Thailand: the Case of Nestlé and the Seafood Coalition,1b406cf21c9b727934837588f3687c585142451845e252306110c7a27b0d8160,834
10.1177/0022034518763605,Reducing Indigenous Oral Health Inequalities: A Review from 5 Nations,7283b84d4a7f48141544505589bd370d5c865103a60457f33e7ba6e37644d0e2,1891
10.1088/1757-899x/471/4/042028,Water Balance in Urban Areas,96546217972a587f9baed106c9dca3e9a9b970ca6cbb8fe25ae7eae80f55289d,1817
10.3389/fmars.2018.00521,"Managing Eutrophication in the Szczecin (Oder) Lagoon-Development, Present State and Future Perspectives",ad70317c85c32dc26120ae2b2a0ef211eef9428b356e75a2fbd9e51c30a21955,2313
10.4103/0019-5545.158182,Human rights violations among economically disadvantaged women with mental illness: An Indian perspective,abb4e4a9474bd153d2115d515283fcd79ce6c00b09e47aecbf97e72d7655f42e,1773
10.1111/1477-9552.12323,Consumer Willingness to Pay Price Premiums for Credence Attributes of Livestock Products – A Meta‐Analysis,e770906a426d6fb3f4800ea2d34cda151e3719bcb8db8b417f4d667591b97d7c,1326
10.1108/01443581211274647,Education inequality in Ghana: gender and spatial dimensions,53717e5a2678bb33a81935e9a24cce1be8db875a0b98b2fcf527d130bc0617fc,1884
10.4028/www.scientific.net/amr.962-965.2315,On Sustainable Development of Eco-Tourism Economy,72bf37d3a5e6abf19ae74b7ed6483bb076a2d6d89ab6a4b14cd9236f1a82136c,427
10.1145/3038912.3052642,Information Extraction in Illicit Web Domains,1b68788c4462cbee6e69ff91c605b70ae3518ecf4b4f78f655bc4d70029bd4d1,1004
10.1080/09669582.2014.902065,Motivation-based transformative learning and potential volunteer tourists: facilitating more sustainable outcomes,7e3658ed250e22313bcd6ad4c438f8ac67989dcf1127bfd3b92445c3895e5982,4427
10.7158/s11-092.2013.14.2,Structural design for disaster risk reduction,1a607fe9e1a2d662432b8123e471b17a95a7e28f93f5f5bc38da73b2d1fd794b,890
10.1111/j.1751-9020.2011.00380.x,Trafficking in Humans: The TIP Report,2a9ca6d578e8b2411ba05722eb49feac012f91f470bfa89109e922942422fe3b,1259
10.3390/w10010048,SWRO-PRO System in “Mega-ton Water System” for Energy Reduction and Low Environmental Impact,12c961e89196fc80dbf872ef37cc74f36859f083cfcdd92e6eb408b57bbaf2da,1839
10.19026/rjaset.10.2453,Farmers\' Sustainable Agriculture Perception in the Vietnam Uplands: the Case of Banana Farmers in Quang Tri Province,8b156ebad98ace52130d87967bfb34b88b16a173561cbee991c199cd21a3f98a,1453
10.1080/14702541.2016.1146327,"Tourism and Sustainable Development on the Isle of Eigg, Scotland",c57199137b91749352e804c5f6cf3003083130d84cb2d8aa3a0f0df9f87ec043,675
10.1111/j.1748-720x.2010.00517.x,A Global Framework Convention on Health: Would it Help Developing Countries to Fulfil Their Duties on the Right to Health? A South African Perspective,12efcd461736ff726141091f12fc422f8feecc1de58b0025e7cbbf4bb9874ed8,845
10.1134/s0965544110040043,Membrane gas separation progresses for process intensification strategy in the petrochemical industry,f97aa8bf58c10e240ecbb9b43e47fbdf5dc692db1dd3de19f1f7dac79528aa65,667
10.1177/0265378816636795,"Sexual Exploitation of Children and Adolescents, Human Trafficking and Mega Sporting Events: A Case Study from Brazil",efb637e401653a68ca317ea45f7e4bbdc5178e758ca7baf05e1af87a7418624a,946
10.1080/10494820.2019.1680392,Sustainable academic performance in higher education: a mixed method approach,0a941ff60d374a1d9e564a651979ababc5ce7eb7d8a60ace3392620b152b60e2,1441
10.4438/1988-592x-re-2012-ext-206,Políticas educativas de apoyo a escuelas de sectores pobres y de bajo logro académico en Chile: 1990-2011,a9d79d0938513d37956e86e315906697d9ba5e213049485cf6093bf2f7effeb1,1945
10.1002/bewi.201001470,A Suitable Country: The Relationship between Sweden's Interwar Population Policy and Family Planning in Postindependence India,a9da499c74cfa2169861c12a54ea26261f993121c266375521a5f7bf97b78564,2577
10.5846/stxb201803050434,Influence of agricultural structure transformation on ecosystem services and human well-being: Case study in Xi'an metropolitan area,1c63b1aeafbb71c6c05c624f7121427dc5feaf8f910c121f5a088e61138dc136,639
10.1093/heapol/czv032,Strengthening capacity to apply health research evidence in policy making: experience from four countries,834ab86f122f250dde4e6b1664e1ee9dbf272cacae86725fc0e6fe3dd56cc204,2224
10.1002/ajhb.23059,Child stunting is associated with weaker human capital among native Amazonians,78d2c365800aee5dc60fc1d91bb96d86d1e91b950826b59d36433c91f83e7824,1771
10.1353/sof.0.0300,"Globalization and Industrialization in 64 Developing Countries, 1980-2003",a7cf7f92c9b4cb5aa9f827662930df22944a392a3bdf8abb937fd2fa0dd2dde2,1548
10.13031/aim.201900588,&amp;lt;i&amp;gt;Evaluating climate change impacts on water quantity and quality of the upstream Everglades system&amp;lt;/i&amp;gt;,38fbf1852df48b0879503b3c2abb913ed77e33ce3405983a565041ad3c258c67,1674
10.1016/j.biocon.2016.10.039,"Optimizing land use decision-making to sustain Brazilian agricultural profits, biodiversity and ecosystem services",1f4d66ed34febf4fa765f8d90bb2605da11728210f4c4c122b6095e6f4d7fe28,1869
10.1111/j.1365-2664.2012.02212.x,REVIEW: Reducing the ecological consequences of night‐time light pollution: options and developments,ba0acdf9e200cd6ce20d559cd6e06ac2445f7bd2e1267e186571235563b101cc,2393
10.1016/j.watres.2019.115067,Synthesized trade-off analysis of flood control solutions under future deep uncertainty: An application to the central business district of Shanghai,bd1acc5ed4b8f6f6410dcbc2da96269052ec845ced682789a064298a6af85d22,1892
10.1186/1475-9276-10-23,"Social inequalities, regional disparities and health inequity in North African countries",c3ad76ad5c700bad6e5823a0aa8a1ad397e611050e322fb82843ba371df4e641,2453
10.30827/cuadgeo.v58i1.6732,Efectos sobre la accesibilidad de la red de autovías planeada en el Plan de Infraestructuras para la Sostenibilidad del Transporte en Andalucía (España),c51df55da7dffb845f6fd2b030c13844582010b0de966bde2035c9b5aec6dac3,1035
10.1163/15718107-08201008,From Engines for Conflict into Engines for Sustainable Development: The Potential of International Law to Address Predatory Exploitation of Natural Resources in Situations of Internal Armed Conflict,c96683610348cb11771aa8d1459021bd9c8a8f2bb9f865fb5517de5b72dcff6b,1287
10.1504/ijceell.2016.078451,Sustainability teaching in higher education institutions of Kazakhstan,c794ce28d986738073a72f8e519cf50b00e039622af3592ced94a99fcda918d3,1096
10.3389/fmed.2017.00218,Innovative Approaches to Increase Access to Medicines in Developing Countries,0b0d2e298fb74e6cfe6578a2ae40a0f48f8ae721d88eb62ea58228e8b272d775,836
10.1016/j.egypro.2016.12.022,Energy Consumption in Urban Water Cycle,74e1f2505ff4da447031dc322106c594c5ff522d80820e2408af8d163fac4a2e,1402
10.1002/9781119961819.ch24,From Stockholm to Rio II: The Natural and Institutional Landscapes Through Which Rivers Flow,08cbe8b096ff49399bf38b18bc851920ac4722d13bfe4de032869be6c38b4744,2021
10.1093/icesjms/fsu102,Managing a complex population structure: exploring the importance of information from fisheries-independent sources,cf352a9329674647bbf6c39a5871b97ab56fc90d1059fd04124d7e40d7e77086,1732
10.1021/bk-2016-1238.ch014,Review on Greywater Treatment and Dye Removal from Aqueous Solution by Ferrate (VI),6b234779a67f5cca9bdd07b9e510ec0726f1abe6f7a0623b4edc5b60284da58d,1837
10.1016/j.bir.2016.06.001,What are the biggest obstacles to growth of SMEs in developing countries? – An empirical evidence from an enterprise survey,d792ae01369873cd471be8cc8cedcdf0f7a45146cac5e21a9fbaff49c152ac4f,900
10.1136/bmjopen-2017-018885,Is socioeconomic segregation of the poor associated with higher premature mortality under the age of 60? A cross-sectional analysis of survey data in major Indian cities,23a84291a2914f6c4fba6235c5ee9aee9e8c3a6fb8df799934c1f15432f8ed11,1882
10.1016/s2214-109x(16)30304-7,"11 years of tracking aid to reproductive, maternal, newborn, and child health: estimates and analysis for 2003–13 from the Countdown to 2015",fa8fdc4dc7f96497c413707c31079c939a29317d1e155a06e74274c7bca7b23f,2606
10.1097/bot.0000000000001295,Partnership in Ethiopia: University of Utah's and UCLA's Departments of Orthopaedics Collaboration With Soddo Christian Hospital in Ethiopia,1dee2cb739802455a578223dbdd8c46dabac80dfbcaa1c57c509bffec786f6ac,919
10.1680/jurdp.18.00009,Mega sporting events as tools of urban redevelopment: lessons learned from Rio de Janeiro,6206e91fed38c40e614f5cb1c013e184a3dd8b1ea05610c469f9bb91179aa75e,966
10.1016/s2214-109x(18)30535-7,"Integrating an early childhood development programme into Bangladeshi primary health-care services: an open-label, cluster-randomised controlled trial",2680ff01d41c0f4f92af61b197bc83cd2120647ff5c4f7cf2c95053c1935223b,4635
10.12688/f1000research.17559.2,"Climate change, migration and health systems resilience: Need for interdisciplinary research",b0f7b6d9eb208795bddce3dabd036e996e558471a927d0f2b7c494064b72535e,1128
10.1177/1049732314557087,Psychological Coercion in Human Trafficking,94dac506ecf1e59132b030ae2d5ba47d709c401f6ccb8eebf18f5bfbe71140cb,1115
10.1007/s12155-014-9423-y,Modeled Impacts of Cover Crops and Vegetative Barriers on Corn Stover Availability and Soil Quality,d891441d69666b3bf9a73795e447a307d8d280929ba316bc6e32d8d92cfdff65,1615
10.1080/20954816.2015.11673834,The Renminbi Exchange Rate Reform and the Rebalancing of China’s Growth Model,9cc3960536cd7faa43d441fa373d5eaf1d2eefb493723a701c28e6a0574e944b,801
10.1371/journal.pone.0065625,Impact of Community-Based HIV/AIDS Treatment on Household Incomes in Uganda,5c81eb389e69d90b12874bab0888d4c02504a2c7330cdb9d901b872271321ef6,1946
10.1128/aem.02583-15,Ultrafiltration and Microarray for Detection of Microbial Source Tracking Marker and Pathogen Genes in Riverine and Marine Systems,976508da390969cb9e60f43693dce201d41527ecf98bbcf1e96ce44b44522df3,1838
10.1051/e3sconf/20187408003,In searching the appropriate elements: study on the community’s environmental friendly behavior in daily activities to achieve an urban sustainability,ac7fe8edafae31b52dde38218634efc42acefb0b644cd11cbe01411610570f39,1194
10.2298/soc1801363s,Religious feminism periphery within the semi-periphery in the Balkans,6fbe19134b500efa8cffdb477e6f5ba23c516f04945ec8af9201edd7d46d205f,1612
10.3232/gcg.2016.v10.n3.04,RESPONSABILIDAD SOCIAL EN EL SECTOR HOTELERO. ANÁLISIS DE CASO EN CÓRDOBA (ARGENTINA),21d11dd8b68403d708035c36c664422d3c926f75b0958d898499ab4ae42e7712,1094
10.3390/nu11102507,"Translation of a Mediterranean-Style Diet into the Australian Dietary Guidelines: A Nutritional, Ecological and Environmental Perspective",c4ba4f63471eb32ba6e498b0c19e5931e052e549dd5a872ae785dcac8b3905cf,1408
10.1017/cbo9780511762680.016,From microcredit to microfinance to inclusive finance: a response to global financial openness,54bf4fcc113f047ed7d3fd097fea5a8d51beae734051d77b1f312c9c80c43636,1333
10.3724/sp.j.1145.2015.12015,Development and optimization of ecological network of Shunyi District of Beijing based on RS and GIS,ecfb215ef0ca6b2eb555a1e208089dc01f83faed22c7e8a03e644f14866f4991,360
10.1016/j.rser.2014.01.056,"The effect of bioenergy expansion: Food, energy, and environment",381d017d8595145e63ec2f1389a81c94e8509b3e5948d0b08dcfe363f01ee436,1924
10.2134/agronj2017.12.0751,An Agro‐Environmental Phosphorus Model for Potato in the Canadian Maritime Provinces,99ca36e825d0ef30db480dee7ead80eea6ea9391c7b539ced9f2d273d31cd1ec,1793
10.1017/cco9781107446618.005,The Black Arts Movement,dc9594f73825b4311038f7dd26fba2accc3761a91383ffe721b03cc61257e97e,159
10.1002/eet.588,Can Participatory Modelling Support Social Learning in Marine Fisheries? Reflections from the Invest in Fish South West Project,0d63f05fcf4592dd172f1d10cc64da0c23464315cdef7d5da7b4b287f52a5f7e,1188
10.3233/978-1-61499-790-0-144,Data-Driven Maternal Health Literacy Promotion and a Postscript on Its Implications,2789e5300016beffcd9e89a5a0483cd66632ce0e1b73611a87d683b9fb0cb2a6,674
10.1111/j.1365-3156.2011.02736.x,"Millennium development goals and the water target: details, definitions and debate",2635a6e101f69d484992964d767fcc749e0affafc3ca7526286e1c0e7df364c0,795
10.1088/1755-1315/345/1/012006,Financial engineering to promote renewable energy in Indonesia: Case study bioethanol,8acdab242e36c660324d47a7b4541bae4bf6a85fabf4e05c1a7bafc420d56eda,1271
10.1108/01604951111127452,Making engineering standards available at the University of the West Indies: perspectives of a developing country,9d2ebcd8e4a71baeb6e94a19f66e2e50131cdf19be2f1e05b35db63478077244,1844
10.1142/s1793431113500024,TSUNAMI MITIGATION MEASURES FOR TSUNAMI PRONE SMALL ISLANDS: LESSONS LEARNED FROM THE 2010 TSUNAMI AROUND THE MENTAWAI ISLANDS OF INDONESIA,50126fa75b17426abd5e4c8014dd2f936ccad5ac949fe009aaf1afe533377635,1703
10.3389/fnut.2016.00047,Visualizing Alternative Phosphorus Scenarios for Future Food Security,faa1db81ba299042c78a16b8bbdad8931a011fb246a6f78f4855bc5cb7812ba3,2024
10.1142/s1793993316500150,Intellectual Property Rights and Export Sophistication,ccd56fbb24af7edffb60356f581264272ce4e58a175a8c9ff40604b213c395a7,818
10.5194/nhess-18-3137-2018,Brief communication: Strengthening coherence between climate change adaptation and disaster risk reduction,1525f4c4e9511db1b1aeafaaca5c090c2ab70cbc5c82973356d64d66d902b785,694
10.1002/ecs2.1364,Fog drip maintains dry season ecological function in a California coastal pine forest,0a19c7abe8c85c4f1d852fb40b851ec4c1ee674d849429079be7c296a1187318,1388
10.1080/08927014.2018.1502276,"Non-indigenous species contribute equally to biofouling communities in international<i>vs</i>local ports in the Biobío region, Chile",67590a53c059d2e8297a9276262bd871882a7f6578f9ef26a09778b99f81da85,1058
10.1088/1755-1315/106/1/012038,Water accounting implementation: water footprint and water efficiency of the coffee shop in Indonesia,06f60533b140b9955f5e634c4fc02dba532cdc769073dddab675e6940b3fa760,1171
10.4028/www.scientific.net/amm.353-356.2353,Trend Study on Economic Loss Induced by Typhoon Disaster in Chinas Southeast Coast,c78a9391f1f139486a64268db33f6fab554adae228d103d26f8bd1983eb0668b,1032
10.1111/cch.12176,Effect of a food supplementation and psychosocial stimulation trial for severely malnourished children on the level of maternal depressive symptoms in <scp>B</scp>angladesh,08ec996cae2c31a50e7bf0a55eba62f803921005f6aee207581fbc7b93e1cc20,2257
10.1108/ijdrbe-05-2013-0015,Stopping the tragedy before it occurs,1b3acffb57e95c5b85e95944b05aad00009840392308cb1cfa2f0945e14481e6,1818
10.1016/j.biombioe.2012.12.019,"Micro-algae cultivation for biofuels: Cost, energy balance, environmental impacts and future prospects",28b2de376c944197904b2f87412404e37b09daf5932e1eb2ea8f444d787c92e5,1749
10.1186/s12875-019-1069-6,Identifying subgroups of persons with multimorbidity based on their needs for care and support,eda5fd7d765cf9bd886f0a270f28f166047bfe24e8bb71beebcec874c0e336e7,2144
10.3390/su11174800,Short Food Supply Chains and Their Contributions to Sustainability: Participants’ Views and Perceptions from 12 European Cases,7c7182be0d004fa49ddb5dc1319473c0a6071dbb9ba6471330ff5d7fc3e67aca,1707
10.2495/esus190051,ENERGY AND SUSTAINABLE PERFORMANCE OF A MULTIFUNCTIONAL FAÇADE,a057e25fe0a565d9b8ead46c2ff9bb7eae159b4bb64603ad32a54f479a146b99,1372
10.1504/ijem.2015.071044,"The role of community-based knowledge and local institutions in managing landslides on the slopes of Mount Elgon, Uganda",efcb01685749e11591fb5e624fa18cdf1f086c62670732d92c55070b84875617,990
10.1016/j.landusepol.2019.104060,Financial returns from collaborative investment models of Eucalyptus agroforestry plantations in Lao PDR,c0471511157f260f7dea7eb97a5932f058de275650ab78b023b501b8a0cbd54d,2589
10.1108/edi-10-2012-0088,"Academic employment and gender equity legislation in Australia and Japan, 1970-2010",187e4c119d315586f6a60dc266b563251a463a911e66a1ec10204dfe65017db1,1562
10.2507/ijsimm14(1)9.292,"Multi Objective Optimization for Sustainable Manufacturing, Application in Turning",6d40f8b3641f793d945cea21c22449059fc9f147a7d8f3ccbb8a74b8ff0b2ef2,569
10.1177/1077801216644072,Insights Into Intimate Partner Violence in Pregnancy,838e8a4775d6b4efda89cedd92bf2e1ead6fb31f3fd1b26a820f7a73d5e91518,594
10.1002/jid.3084,Defining and Measuring Poverty and Inequality Post‐2015,47d85e44d13ba99e0d6a242baff83a3165e910894ebbf189c19aa55c1ddcdf41,802
10.1108/13685201111173857,Corruption as an obstacle to development in developing countries: a review of literature,9c6351057683a58cb7353c1eadfe3f07954d85cd7253c8a991122fc81af4ef5b,1774
10.1080/13504509.2011.604683,"Promoting living space protection while ensuring sustainable tourism in Yuhu Village, Lijiang City",5283e86f379851e1c689495d8469e1444fa429a7eed70783fb4a3ae59aa1ec67,1000
10.1057/978-1-137-50830-0,Gender Shrapnel in the Academic Workplace,0773106c62a33a0d0ec419efb9e2eaf272575ae7c1b3fddf3e056f19bb1b47f6,758
10.1111/j.1521-0391.2010.00051.x,A Tobacco Reconceptualization in Psychiatry: Toward the Development of Tobacco‐Free Psychiatric Facilities,55291d2489020e902cebe7bd1d0325deda2790e1356e1d737596f3a01a1365cc,969
10.1002/ajhb.22757,A hierarchical bayesian analysis of parasite prevalence and sociocultural outcomes: The role of structural racism and sanitation infrastructure,a8c5c7d098637358a1e858c48d0fcbaaf1a0b4b320d10d8f5018be8ddc3e126d,2179
10.1186/s40623-014-0170-2,The capacity-building and science-enabling activities of the IUGONET for the solar-terrestrial research community,17287f5e28a6aee19f9432fa04ed9064207766800782c8d7dba15cd3416add90,1717
10.1016/j.ijer.2017.09.002,Study protocol: “Two Teachers”,38f39bc0f88d940e9a2d24e87a9a99376fa4c7514e81211ae7ae72d5a0fd872b,1145
10.5846/stxb201305131042,"Analysis and evaluation of the eco-economic systems of the main crops (rice, cotton and rapeseed) in Jiangxi Province, China",ae16b096abfd507daaf4f0c15022addf70c89189352ed049d132e20092de4cf5,614
10.3390/environments2020139,Mechanization of Conservation Agriculture for Smallholders: Issues and Options for Sustainable Intensification,85fc2ff0fa4f2fd661b3f4a3b3dd29375e7d36b47168ccfd2bcdd6e341080748,1335
10.1016/j.wasman.2013.08.024,Environmental &amp; economic life cycle assessment of current &amp; future sewage sludge to energy technologies,2f719c43f88b3b2854f0c951a498561dbfba38f3878bf33de9624a06da189085,1798
10.2105/ajph.2012.300829,Influence of Community Social Norms on Spousal Violence: A Population-Based Multilevel Study of Nigerian Women,3677587eb6f0737d658884322341ae2581f3966d9737444e29a6891568521ef1,1403
10.2105/ajph.2016.303649,Housing Assistance Programs and Adult Health in the United States,13be8946003d39a9790a34f23b26ae9bd7f5055070e50763ca0fa11a841449cc,1356
10.1007/s11027-010-9255-9,Algae: the world’s most important “plants”—an introduction,3712b3a9b9163ffa660227c7380d06cbf427ea97a7fde66e712a8c5979dad252,1680
10.3390/w8090390,Phosphorus Retention in Stormwater Control Structures across Streamflow in Urban and Suburban Watersheds,e51b65c4990af61dc16971d3b4a48a6d6f04de4f4a65d2ba9deff39a3cdeef3b,1674
10.1097/dbp.0000000000000083,Race and Ethnic Differences in Early Childhood Maltreatment in the United States,a6179d208b0cb792284936c1303d90eb46e2623629b20a5e4c602e784efbce72,1646
10.3138/utlj.60.2.707,‘TO HEAP DISTRESS UPON DISTRESS?’ COMPARATIVE REFLECTIONS ON INTEREST-RATE CEILINGS,fcb935aa4085680c0ecfd10170c12e1884d3b36e3cd6319ea3d662b14452e575,1439
10.9745/ghsp-d-15-00056,"Private-Sector Social Franchising to Accelerate Family Planning Access, Choice, and Quality: Results From Marie Stopes International",1bd2de3a55cb4f48205837754eebf1eec355e829870128bc9e3d1024397c5953,2851
10.1007/s13753-014-0022-5,Natural Disasters and Economic Growth: A Review,6505e62873d2251b8e8e005157f386a71154a90d4f2acc31280b7a141cab8fab,1028
10.3390/su11061531,Multilevel Coordination and Cooperation during Implementing Supranational Environmental Legislation: A Case Study on Invasive Alien Species,dfe259c6fd083240b46948656dc62615d9d3a1006bab561e1e9fd3b422f77d3c,2197
10.1177/0002764210368096,In the Name of Equality? The Missing Intersection in Canadian Feminists’ Legal Mobilization Against Multiculturalism,cba3e7ff8013a836dc5c7086afc03f5ab0a28ab9f64700e6e91a70707cc9915f,1458
10.1080/00213624.2015.1042803,“Greening” Gender Equity: Microfinance and the Sustainable Development Agenda,6b2fa28f0d38ba7e4c05a3b9d951ccfb4dee3245b2045e3043d5818808f5da8e,930
10.14507/epaa.26.3280,"Avaliação do Programa de Educação Profissional (PEP): Estudo de caso em Minas Gerais, Brasil",ae382d608e92d8843a7c3cd001068d2aa12a364daad7c8e4a27e1fc255ad4031,1250
10.1088/1748-9326/aab9d5,"Climate, economic, and environmental impacts of producing wood for bioenergy",d1f72017c88a1ec27cc15a85d2e5483a51b4e68f5387bd898d9e474a9b53a969,1732
10.1186/s12884-017-1250-7,Umbilical cord-care practices in low- and middle-income countries: a systematic review,5561ef408cb63436cdd297367a2aac729c9dc89b3734ae8d56ed463f0b3d3561,2244
10.1016/s0968-8080(10)36531-1,Obstacles and challenges following the partial decriminalisation of abortion in Colombia,280aab087b4703e75705567c7a5870749ad8224e15f766fdb937cd4bd9369eaa,4376
10.1371/journal.pone.0172015,"Identification and evaluation of semiochemicals for the biological control of the beetle Omorgus suberosus (F.) (Coleoptera: Trogidae), a facultative predator of eggs of the sea turtle Lepidochelys olivacea (Eschscholtz)",ead0dc6319059b27bffba901d4f5818d4661dcad59ae579b59b5326408ecb4c5,1464
10.7126/cumudj.467382,Injuries in the Maxillofacial Complex and Associated Factors in Brazilian Victims of Violence: A Cross-sectional Study,af45cd696b5fd60553b53abfd32a10c8dea886787b2221f0c5f919af1d67a244,1508
10.1093/fqsafe/fyx009,Food quality and safety progress in the Brazilian food and beverage industry: chemical hazards,f5905ff26337b27d9022fee4d4ec1a76b3c79763624584b3c79400c2c806a040,255
10.20529/ijme.2018.044,Global research partnerships in advancing public health: A case study on India,5708a15ddffac2a26214922eff8271b5a9ffd9d997f989518699f93fa7295c02,710
10.1080/15226514.2014.950410,Phytoremediation Potential of Duckweed (<i>Lemna minor</i>L.) On Steel Wastewater,18a6daa22af6f9577eb0d3289fed06c47c8cba8208b77ea9613ecbaf3513b90c,1067
10.1109/tpds.2016.2615625,Oasis: Scaling Out Datacenter Sustainably and Economically,ca4c90edeb9c73e2da9c45b25908a0f2b36058fd5bf6d4e8c1a890ea5640c949,1454
10.15826/recon.2015.1.009,Innovation and technological development of industrial regions under social and economic insecurity,8867c35ffb6fd7dfe311b47ada1fa7df4a31dee783895cdf5597a26e3353d74c,2036
10.1371/journal.pone.0197429,Managing the 1920s’ Chilean educational crisis: A historical view combined with machine learning,22bcca01edac04b4b55cfe1c635335aaf13555b471f2558facd0367077130cc3,1237
10.1080/10926771.2016.1272657,A Mediation Model of Sexual Assault among Latter-Day Saints,11f8dae8a47b74a68a146072c288b6caa2c597b87bf57cd98b61209f52cc184c,1082
10.1007/s00267-017-0866-8,Natural Resource Management Schemes as Entry Points for Integrated Landscape Approaches: Evidence from Ghana and Burkina Faso,c6b6217774b08a9182392d002942d7a01848f72565cb9e199b5dae618c783e3f,1640
10.1108/josm-12-2017-0350,Identifying the resource integration processes of green service,3e0dc235138b9b10597cad49a8d72cd67229ee208d6348d7a2dbc127c169abe6,1669
10.1201/9781315198101-16,Clay robotics: A hybrid 3D printing casting process,7a1bdcc934eda9b2bb80f6955bac6ec8d03e13c15a388fc5047405ba6a68443c,881
10.2112/si94-012.1,Infrastructure Investment and Sustainable Development in Coastal Areas in China,a90c9f2aa0a20da90027842f2336c8710f34bb36ef715bdbfea48cf584991f2d,1288
10.2166/wst.2015.578,Comprehensive scenario management of sustainable spatial planning and urban water services,c1a6cf9bd9ee476367cf0066b51e6d5319254a4e613899678e05b75bc0e8e8e1,1247
10.18848/1832-2077/cgp/v07i06/55012,Picturing Sustainable Water Resources Management: Photo-conversations with Irrigators and Policymakers,849639610f3177d90d54487055514ff218d4169bffe0a1ca9cfcd042aab59779,1365
10.1080/09540121.2014.931562,Male victims of sexual violence in rural Malawi: the overlooked association with HIV infection,d79d3613c9ec96f7a3035684f942f11a73e411afb641fb910da825ed6552c394,1732
10.2166/ws.2018.057,"Situations, challenges and strategies of urban water management in Beijing under rapid urbanization effect",e2142538d8836a4f227569ecfbeab84187f918c0b84231a3ea05881d1d25aca7,1294
10.3934/agrfood.2016.2.144,Conservation Agriculture for combating land degradation in Central Asia: a synthesis,a527cea257831421e3748b6315ae2d961f32333518bc9133c9cfdb98e409dfaa,1545
10.1017/cyl.2019.13,Canada’s Treatment of Non-Citizens through the Lens of the United Nations Individual Complaints Mechanisms,f93fda096ce986a0d3966ccbcc1f430a74af3e8c8632ac08d85c8022f919506f,1406
10.1115/imece2013-64664,Evaluating the Rate of Technological Improvement Necessary to Achieve Greenhouse Gas Reduction Targets,8ea883e9d71ed7b4eabf88bf5570c2c8f8a970d6765faab646c29a80e0d0886c,1429
10.3390/en12193644,Evaluation of Feasibility of Using the Bacteriophage T4 Lysozyme to Improve the Hydrolysis and Biochemical Methane Potential of Secondary Sludge,3230826fde8ac0d8bdbe6b84bc300ccb29ee0daf7487238afd6a7528cbedbcff,1346
10.1088/1755-1315/300/4/042018,Research on the Prediction of Total City Energy Consumption Based on Grey Prediction Model,4f704b22e6cbb31e69b51ebbe8ab80a77e7040e5b0fc429dd8a76b7d97aee50f,868
10.1680/ensu.10.00052,Waste stabilisation ponds for anaerobic wastewater treatment,8831c16a932b41b97ab261e01bc00a4b1b616d3d3a5d804707c7033bbc110afc,1300
10.3390/su9020293,Disaster Risk Reduction and Climate Change Adaptation—A Sustainable Development Systems Perspective,90f68a5b4759f37aee0cd85d5e87dd8fd32a3e41bb26ea5869cbdb0149248a97,2181
10.4018/978-1-5225-0302-6.ch005,"Towards Smart Urban Transportation System in Harare, Zimbabwe",3ee4260f8b87cc172b9a679c0d23271f2e742ad5a5d90d98bcfcbf5ba7f60642,3110
10.1111/j.1467-7660.2010.01639.x,"Understanding the Southern African ‘Anomaly’: Poverty, Endemic Disease and HIV",b99ccd15725b0afbc48090d69d00b8bff1a2d705a550914bbc51755132b9a2db,1369
10.1177/0013124514549832,Providing Homeless Adults With Advantage,3c502216dd33743a731c98bce6ea39cd37ed20b399fcaaa6dc7ac567533b29ec,1010
10.2495/wrm110491,"Effect of irrigation amount and frequency on phenology, vine length and biomass partitioning of wild cucumber (<i>Cucumis myriocarpus</i>) and wild watermelon (<i>Cucumis africanus</i>)",f502225c743f0c7970ab0485d6ab067ea55613573a88ef14fa6a289951d7aa6b,980
10.1088/1755-1315/302/1/012131,Targeting innovation activities of arctic enterprises in developing mineral and energy resources,571a956e789684a89c3df56da6ed7d7be526df5fe77644e173de127d6cc24b50,1393
10.1080/13636820.2014.958869,Gender policies meet VET practices – the case of health and social care in Norway,cb96cb78b38fd65e67969b365f703087129b90c2bf8467c71deecf33b0c396a5,1600
10.1021/acs.est.7b02567,An Osmotic Membrane Bioreactor–Membrane Distillation System for Simultaneous Wastewater Reuse and Seawater Desalination: Performance and Implications,309584012773517732bb6b6ad28792b387061518eb7b0cce888faa80d4a44dfc,1306
10.1111/j.1467-9906.2012.00648.x,International Connections for Local Government Sustainability Initiatives: Networks Linking Detroit and Windsor,6144f798c8b780da7e6be7f841f9ca40bd55ba263dd98aa438e282266f0f7fa7,1026
10.1080/17441692.2019.1632367,"Precarity and the HIV/AIDS pandemic in the Caribbean: Structural stigma, constitutionality, legality in development practice",0298e3e29e143b732007f48194713d9ef878626cb8863e246ab8efebd8e50ab0,1151
10.1201/b14080,Sustainable Soil Management,187e2beabb168fbc4692da54c3da030b754c6cf76b3f2c612f57ad340df5653c,1156
10.1201/b17917,Microwave-Assisted Concrete Technology,54fd4b0286f7c27e42dbaa9fd943d835c28a4d868f6ebc2ee6c9bdfacd6b65f4,2430
10.1080/17450128.2010.507808,Child-sensitive social protection. A new approach to programming for children affected by HIV and AIDS,ea12989b404d5459bf334d555351e03170f6cd843da331dc01bc6ffaba474a5e,1992
10.1088/1755-1315/273/1/012060,"Why tsunami survivors remain living in the same location? Evidences from Lampulo Village, Banda Aceh",66bf883450e874413e1e7d1959c53f4ece60c5af706730b6f06f5dcd849ea5af,1519
10.3390/su9091608,Effect of Uncertainties in Estimated Carbon Reduction from Deforestation and Forest Degradation on Required Incentive Payments in Developing Countries,687a51d9afef4ae9d9a04becf93a581c09c7369e0fb43a23bac84b94b518ee04,1521
10.1109/icace.2018.8686974,Green Internet of Things: A Survey of Enabling Techniques,5c733b4890d51f31ec9a599f2e997725ad5b50863de9a20498e6a5df4b5363a1,1415
10.21273/hortsci14271-19,Potential of Integrating Biochar and Deficit Irrigation Strategies for Sustaining Vegetable Production in Water-limited Regions: A Review,1644b822b9809359669f8acdfd72aaefae01cd87b6ff88406ece1dc86561e970,1848
10.3402/gha.v5i0.15638,The role of information communication technology (ICT) towards universal health coverage: the first steps of a telemedicine project in Ethiopia,c9729933e877b22d7f271d7bd1109c3cd014886ae94f1b7c5e6d6a1eb9965fa4,1734
10.2457/srs.49.231,Sustainable Development of Cities and Creative Classes in Japan:Focus on Tolerance and Diversity,2462692fec8982ca6d48ce297a8a22b9946aa80ca74e45ccd63e5ed4a7a891fe,833
10.1186/s40152-014-0016-3,Walking the talk: implementing the international voluntary guidelines for securing sustainable small-scale fisheries,aa97c1835431003a2542e009614df00e5c37b3c501f05bf321c933c185eab9ec,707
10.1504/ijplm.2014.065865,Life cycle assessment of CRT lead recovery process,17cfd5b090921508fdf87136436305dc6e619d244e48d8b8288cf025a123c1ad,898
10.34659/2019/4/56,Circular economy in sustainable development of cities,109a9285bce089dca182f18023719db465fc0dd7d9dd96facaa5843b0f2b282a,1021
10.1080/14725843.2014.881278,Modern day slavery: poverty and child trafficking in Nigeria,62f5a9b5e157a424e675a0be682f832604607d35d4b49ad4ace377e3a79d3cf8,883
10.1071/he11189,Evaluating NSW SmokeCheck: a culturally specific smoking cessation training program for health professionals working in Aboriginal health,9964abe6f9e31d2a653ce641735d6603cdf4d9ede32f620d8ed987194f9ea46d,1555
10.1177/0090591714538267,The Scope of Formal Equality of Opportunity,f8a77ba796826b7469ced8efe86adcdd6483dd16513045804d601a94f83b62e5,1750
10.1136/bmjopen-2017-017606,A randomised controlled trial of an intervention delivered by app instant messaging to increase the acceptability of effective contraception among young people in Tajikistan: study protocol,517c9ffad03bd1cc5e7f4e1e855a422d0e8c89e96595bd8a0f67f44ded9cfedb,2253
10.1097/nna.0000000000000483,Transforming Care for Victims of Violence,4e339ec8716797437700bdb4e490d65e797cdaa4f80e8408e25c8fce307e83ae,959
10.15232/pas.2016-01557,Invited Review: Matching forage systems with cow size and environment for sustainable cow-calf production in the southern region of the United States,fbc3d6431e7dc01ea536ca74a32bc8fb3180ff1375edadbfbcd18c159be3712c,1735
10.1108/cg-06-2013-0082,Sustainability-driven innovation and the Climate Savers' programme: experience of international companies in China,db9931b68185ed443770e951e1b3a3da0fde90d5157544e49d08d3b474eb9bb7,149
10.1016/j.apenergy.2019.01.147,Integrated modelling of the impacts of hydropower projects on the water-food-energy nexus in a transboundary Himalayan river basin,9d7560d93e45e5e380835ccab3b7c2090ff47c0e2bd0fb47a1f42ae43abbca96,2353
10.1061/41099(367)68,LID and Sustainable Natural Resource Management in the Urban Environment: The Unique Case of New York City,8e1f36dc267a7b11b052a6a7c57cd6176bdbf5c909ad615cd11d6c786d4c3591,2321
10.1177/1468017310379451,Child nutrition policies and recommendations,8fb985c10efdda16fa0a9ad070eaefac050a2944e6a03aa39159e0f8a31370e4,864
10.1088/1742-6596/1157/4/042056,Achievement of ESD (Educational for Sustainable Development) through mathematics learning,98c3c1226930bcb8f43ef1d304f58261e1a41db944006de286c82a5525f9dcc6,1255
10.1080/23322039.2018.1435443,The impact of macroeconomic policies on the growth of public health expenditure: An empirical assessment from the Indian states,d4fc5219134b36fff7f6620ae3b83f6b386748ab5a3626371cbb473c527d3d6c,1557
10.1038/s41598-018-35482-5,Freshwater lake ecosystem shift caused by social-economic transitions in Yangtze River Basin over the past century,1a1344b5cdde432105ab8857ffaabb83e0777e453036828519b8346f0f99ee7d,1428
10.5209/rev_hics.2013.v18.44369,Modelo de rotación de personal y prácticas organizacionales.,fc390a03a32d5e41b563e6fbe0d17e285e4ae91c282e34bf24230b1f5421e598,808
10.1425/80766,"Genere, settore di studio e reddito : un'analisi delle disuguaglianze salariali di genere tra i laureati italiani",75f865d501dc04fde4bc28499cf03c83699d1e0bfe62267630b77bbb0fa8db7b,210
10.12776/qip.v21i2.942,Socio-Economic and Regional Factors of Digital Literacy Related to Prosperity,23dcad5d280f978340bc22e3c7ee0315522eae2fe20a918f51351be4f72b76ad,769
10.5751/es-11118-240405,Exploring natural capital using bibliometrics and social media data,38a7bff7ca888b931ee744bd672da6d3824a3860d4b74622d9a01e503a2253b3,1260
10.1080/2093761x.2016.1237397,Blind spots of sustainability: architecture,8f78efa00e178669b1a71a132a21fa99c5e2dda0cdf368f0c4f4b12ba9974697,1027
10.1111/aswp.12023,Transforming the Local Capacity on Natural Disaster Risk Reduction in Bangladeshi Communities: A Social Work Perspective,7ef992906e7bb757bfa69e0a9ee6d18c986c6f3eb54648dad4afad1f432b91ed,816
10.1080/09592296.2014.873615,The History and Dynamics of Globalisation,65620719063be87b701c7fa4dffa3c0dfa11cdc46ad78725f63b2ce7d5a27336,1049
10.1111/1477-9552.12212,Assessing the Income Effects of Group Certification for Smallholder Coffee Farmers: Agent‐based Simulation in Uganda,1ff08c107ec52ace95bf861391e045f4f80d9c9559b58bb80d8beec83ebac6c5,1110
10.1108/k-07-2013-0159,Holism and social responsibility for tourism enterprise governance,a97dcb8e56c75be8bfc28c9c1a22c5951ac7aa6ddd9bce0b7afdb8f3a601b963,1897
10.4324/9780367274726,Threat to Development,9b176434aa4243354d9a4b4f565517ce9b30a5279beff9b03fe0535f662bce88,1427
10.1111/rego.12162,Governance gaps in eradicating forced labor: From global to domestic supply chains,b84492a221cf374bf5616094fa56e7cc08e8cc45e1962c554ba02d92cb5ff22f,957
10.1093/pch/pxx177,The effect of child hunger on educational attainment and early childbearing outcomes in a longitudinal population sample of Canadian youth,ff87e0dc8b1ba00866d861f2a185d3b7cca96700308d77976a385c3c856b7154,1722
10.1017/s1368980019000326,Do Europeans consider sustainability when making food choices? A survey of Polish city-dwellers,8f106aad613c199a5497eb4134f8f91d857cd7c671951753d941d635aae03eab,1784
10.1080/23322039.2017.1351674,Empirical test of the Ricardian Equivalence in the Kingdom of Lesotho,529919220765e8a0a8de5373290fb36e196bab578545699017d0a4fe82fe7bc6,1054
10.3303/cet1227030,Biological treatment of industrial wastewaters: a fungal approach,78ea092385b45aa5892b8bf0e948d4eeb9a4576d467a8c23c9a7cef7158a3343,1010
10.1002/9781118460566.ch7,"Market Entry, Standards and Certification",4cef56724cbbe1beed934ec2cae7edb902d947c29ae12e296404f2d43aa52221,905
10.1080/10796126.2017.1336705,You are where you live: Methodological challenges to measuring children’s exposure to hazards,1b1af46ca4b8995b803ea991a579b07f38d9a9e6b8b51a9dd546e5d97761ebbf,1050
10.1017/cbo9781139540841.013,Property and security:,dc9594f73825b4311038f7dd26fba2accc3761a91383ffe721b03cc61257e97e,159
10.1002/9781118061992.ch57,Reduction of Anode Effect Duration in 400kA Prebake Cells,724f24c1deeb30d30b25fa0d3237f99047e88cfc3945fa3a85537663e5eaf819,1093
10.1080/15320383.2016.1085833,The Remediation of Chromium (VI)-Contaminated Soils Using Microbial Fuel Cells,f26eec32e7ccdefaf67078d71ebc45378a5dc790953cdc7c89e6a479bd6ab1fd,1231
10.4324/9780203075067,Problems of Poverty (Routledge Revivals),ea1544cc5e152e800555ee24db69b6ba249e77b6bfbca50b8f2afeb976015008,346
10.2174/1874149501509010177,Building Scheme for an Ecological Slope Protection System of Three Gorges Reservoir Bank,9feba289b5c5191c7d807d93990631063ecff2bff7a8078dd19233ee1ca1908d,902
10.3390/su10010177,Evolution of Integrated Open Aquaculture Systems in Hungary: Results from a Case Study,943b84d21e45ae7a3faa6df27ca0e4d57bd04f2170d4179265b28eaccff7e8d3,1197
10.4102/jamba.v8i2.183,Community led total sanitation for community based disaster risk reduction: A case for non-input humanitarian relief,9f24803094afc2c68e1be0b6669f2e0f71c7145c100a23a944a6542788bd3dad,1532
10.1080/0376835x.2013.853611,Mortality in South Africa: Socio-economic profile and association with self-reported health,bb73339497aab3bb51e1575cb680215842cd0930d9a0f791a21c315c446f165d,898
10.4028/www.scientific.net/amm.641-642.1025,The Analysis and Application of Building Water Supply and Drainage Energy Saving Technology,385993c249f2d0e9dff09b365bf85beeb3960911ad4762cd16bd201bc5536561,559
10.1039/c7gc02935g,Phosphorous acid functionalized polyacrylonitrile fibers with a polarity tunable surface micro-environment for one-pot C–C and C–N bond formation reactions,feec540fc8efad6c2de7bf12b974c21b755fea7b0c5bffb2d2189f35c59c59ee,214
10.1177/2158244012444280,Dynamic Incentives in Microfinance Group Lending,480657400dc20770a17ae4210cbe55831434aca87566a4759911224f431ee8af,1512
10.14214/sf.102,Network co-operation as a source of competitiveness in medium-sized Finnish sawmills,dfd03af58eb6f5e8450ee8c62dd3d44c1ad185cd32c13bf007d49ff2b5f6336b,1850
10.1080/09739572.2015.1029714,"Are African diasporas development partners, peace-makers or spoilers? The case of Ethiopia, Kenya and Nigeria",5b8eeb7bff529942f7b330a321f08b7eaa91015eda96752089944d228aa67780,1452
10.1016/j.gloenvcha.2018.07.001,"An innovative approach to the assessment of hydro-political risk: A spatially explicit, data driven indicator of hydro-political issues",73fab61f7ff997094a19472bf495c8f78fbd95857cd3d4f3059cbd6679ad0f09,3433
10.1093/jue/jux007,Urban grasslands support threatened water voles,f22fff35ae0666abefe82b63a5ee993d385f65df299492897b12aafc3c889576,1460
10.1186/s13068-019-1576-7,Simultaneous lipid biosynthesis and recovery for oleaginous yeast Yarrowia lipolytica,d1664df4afd94271a67ecfd897228b7a25eb0d5fab6589c84e5c3debdb6e0f7e,2208
10.3389/fmars.2018.00233,Anthropogenic Litter on Beaches With Different Levels of Development and Use: A Snapshot of a Coast in Pernambuco (Brazil),4f67325d2821a9030547db3cff1e577575ce2e86414f6fd7eb1e718b888d601f,2199
10.1080/09645292.2015.1019431,The influence of conditional cash transfers on eligible children and their siblings,da7c8c69c60443acff7fa4f319d421277020c12bbf5d7a3d1ea15fd1d03f1082,656
10.2495/sdp110551,A policy framework for sustainability in developing countries: applying value chain theory to a society’s hierarchy of needs,07a62350a2a93b0f1886e3080164958c30b26dea69956ed8b9b4dd28ab09a858,1507
10.1016/s2095-6339(15)30047-2,Sustainable food production in marginal lands—Case of GDLA member countries,3094207fdb1cdbf1978794c2a653ec1a6d62c2981d9a07f7dc21442e07e0a55c,1931
10.1080/0735648x.2015.1007614,Arrest as a way out: understanding the needs of women sex trafficking victims identified by law enforcement,92f9e9cce73ec19d5140dbe94593e4930bbcbe62ba1ab85f06f1bee38b43e69f,962
10.3362/1756-3488.2014.015,How can rainwater harvesting contribute to living with droughts and climate change in semi-arid Brazil?,20d83d2e9b0ee98037954373f2211e670319e171b87d9312eff396e147c66199,1349
10.1111/jonm.12488,Workplace violence against nurses in Korea and its impact on professional quality of life and turnover intention,8ea4cdb7b480ee6ac4a144bcb07f46335a82167c567dbb28406cb0f9d6b03183,1474
10.1080/10549810903543865,Taking of Rights for Natural Resource Conservation: A Discussion About Compensation,f763b8e1192b5a6c5b5516880a65b8f79db9fbb36a3f29b53d532dd9a7e48874,949
10.1504/ijesd.2017.080848,Do climate changes lead to income inequality? Empirical study on the farming community in Malaysia,5c6fff172db673e147789f872e7ed087b4a4c4553d4b5a2a92d831738554a967,1135
10.1080/17480930.2014.1000645,Ecological restoration plan for abandoned underground coal mine site in Eastern China,39bfd4ad14fd4348bc50d0c2b604b37054ba3133d2ef6d6d2b06df53abe67d1e,747
10.1080/08920753.2018.1474066,A Resilience Framework for Chronic Exposures: Water Quality and Ecosystem Services in Coastal Social-Ecological Systems,ae2cff2ab7214a7ddf7bef80f343f13f5b25423b4d4fe2e6c5bf138529457282,1407
10.3978/j.issn.1000-9604.2015.08.01,Chinese Anti-Cancer Association as a non-governmental organization undertakes systematic cancer prevention work in China.,56acf844629c07d49d5eab900b59cd6f352ddc970c571f51d705d37e6feafba9,1370
10.1061/9780784479926.109,Sustainable Infrastructure: Quantifying the Impact of Pavement Construction,06889b9f82394ffb46669f211ba4683be4ee126baf068c46da81d48287286b63,906
10.1111/fme.12075,Explaining participation rates in recreational fishing across industrialised countries,9b63723e66e510383965306568905ca2c07548cd564871f0a6f5a31718360a4d,1176
10.1108/jes-02-2012-0026,Kaldor-Verdoorn's law and increasing returns to scale,f6241fa427f77beda683dbc7ed39fbee77308bb9226307a42ac637d46b53512d,1727
10.2495/sdp-v13-n3-373-381,Empowerment versus charity in bringing microflush toilets to the poor: Sustainable local economies for the common good,ea96389a16ffe272f267ae4f59f18ed52933aa3abd22e465db7a18a0f6fa0018,1452
10.1021/acs.iecr.7b04598,Toward Economically and Environmentally Optimal Operations in Natural Gas Based Petrochemical Sites,4df79430b15ba3b948161d766af1f7636c85a4f6174b110a7ca7077112ac2b1b,1294
10.1080/14659891.2019.1620886,"The association between health literacy and smoking (Hookah and Cigarette) among the young men in Sirjan, Iran",42a057f25e23f4652f682f78a1dc2309c87ad582df335d6bcbb9f253f4f80af9,1478
10.3390/su9101700,"Impact of Urban Climate Landscape Patterns on Land Surface Temperature in Wuhan, China",a53b749ba6ffe48b2d0f60c65d6ebb2e823b26dba19499b56dfc4e35c833e1b0,1703
10.1136/bmjopen-2016-013823,Cross-sectional association between ZIP code-level gentrification and homelessness among a large community-based sample of people who inject drugs in 19 US cities,db16b3f4eadac6a0604bf00798c145389bb488760edf829082e862a0c101881d,1662
10.1016/j.worlddev.2018.04.005,The SDGs in middle-income countries: Setting or serving domestic development agendas? Evidence from Ecuador,9242e8858f684fd91ebf5cf797a872f282de154bd443839ec2198d05efda8a08,1989
10.3390/w10020148,A First Estimation of County-Based Green Water Availability and Its Implications for Agriculture and Bioenergy Production in the United States,fa2a0ae0db406c5e8cd36a256a15008a9210b6593d9c297de2174cc61e4d73ac,1401
10.3390/insects10060170,Mayflies (Ephemeroptera) and Their Contributions to Ecosystem Services,0f787b407a5137bbede1a6daaf1ebe012b6ebd97a40576c43afb0dbc098b10fe,2199
10.1109/infocom.2015.7218485,Optimal scheduling for jobs with progressive deadlines,d790cae7b5bb6935c46ee0bccafd4bb0a9d37e8ad233654951f0c903a609b991,1152
10.1017/cbo9780511996221.010,Improving the participation of small developing countries in the governance of the multilateral trading system,a0da7b92e95c6bdb74cbc686153b93bc30bda9e5a0e9ad8d4ed11fe82955afd2,320
10.13031/aim.20162460507,AGRICULTURE AND FOOD SECURITY IN GHANA,eef5238fb886719cca2400a4c11b00762584cd84a68f642a307e08f07260b46f,1605
10.1186/s41200-016-0096-4,"Zonation patterns, composition and diversity of macroalgal communities in the eastern coasts of Qeshm Island, Persian Gulf, Iran",89a713c9118776356947270cb4b9571b2b0e0e214a3c32d34655811d119a30c1,2061
10.1186/s12870-015-0648-5,DNA microarray revealed and RNAi plants confirmed key genes conferring low Cd accumulation in barley grains,b36dd9874457fdb6f5417835b7caeb3ee62cc71595312265b1580c1dc44bd2db,1550
10.4018/ijepr.2017010103,In Search of Indicators for Assessing Smart and Sustainable Cities and Communities' Performance,c27bd9d510ac885b3c95171402e43c28d57ee9add3452726a3611340b90c3f9d,965
10.1007/s10811-014-0304-8,Seaweeds: an opportunity for wealth and sustainable livelihood for coastal communities,657873912d67bd508345dce4f4af56083a9e59f6b5f061436f14aad931b2ba7f,1805
10.3389/fenvs.2016.00005,Sustainable Intensification of Tropical Agro-Ecosystems: Need and Potentials,73c339ab57c9d933c493821060242a5c7cc951817407f195ef71934efef3ece7,1550
10.22616/erdev2017.16.n275,Relative evaluation of agricultural land for purposes of land consolidation,757a0321e05bb0a541e435991f0a5e1d9f3dd842faf67f1f8d247f5d801e53b3,1886
10.1108/jeee-03-2019-0032,The moderating effect of corruption on the relationship between formal institutions and entrepreneurial activity,cd8df2beea0e635bd255da027e8523154ead212990707defe7b633edbbb77d6c,1728
10.2495/sc190351,"CREATING BALANCE BETWEEN TRANSFORMATION AND PRESERVATION WITHIN UNESCO WORLD HERITAGE SITES: A CASE STUDY OF BELPER, UK",6eaf7f317eaedf18cb473bf90befc96c5bad1030de4b4707c36cd16c185a25ba,2079
10.1111/jbg.12085,Persistency of accuracy of genomic breeding values for different simulated pig breeding programs in developing countries,7c606b0806e410b3ca241c548b518b7777420c795b84bbc3ef583c841fcd6db9,1790
10.1073/pnas.1510856112,Global alteration of ocean ecosystem functioning due to increasing human CO <sub>2</sub> emissions,81ff6c2d06aadedb915cf2a0e0e1ee108532f59ff774c368d9b66924e459dc25,1831
10.1073/pnas.1302089111,Impact of climate change on global malaria distribution,59a11a4e144964ac8e8c7021511d1d6b7278eb9a2afbe776ffa3c6f9fdbf2f63,1698
10.1177/0170840615580011,Building the Social Structure of a Market,762bb42704ed294e2f9ed5ac1eb6c8ee3eb17d62b69bb9dfc6242d12b9ae9e91,1722
10.1111/j.1467-9515.2011.00803.x,"Housing Provision for Rural–Urban Migrant Workers in Chinese Cities: The Roles of the State, Employers and the Market",7bc5520ee3d3efb5315aecddcdca4bedb52af8c8e87a432f45803f417483c7e5,1109
10.1111/j.1467-8330.2011.00953.x,"“We are Gauteng People”: Challenging the Politics of Xenophobia in Khutsong, South Africa",a46bdac702966802dcb6291d5e44e69d088af617e7f81d084c332841109b5e21,976
10.3390/su3010097,Human Capital and Sustainability,bf919227eb4ba5225f144d23f3d8e4ded9aaee5d8e79474b8ce98cc143d389f0,1435
10.1080/17538963.2015.1108118,Short-term trends in China’s income inequality and poverty: evidence from a longitudinal household survey,9318cfb502d04843e1a938d5bb9bf74c45c1cd0db95c0a1f11e184816ac226c3,823
10.1007/s12544-012-0081-x,An examination of the national road-safety programs in the ten world’s leading countries in road safety,2b983778ebfa57b2442c00afc66db0c3679fe507a36a2401c70f4caeef743564,1758
10.1201/b17433-32,Drinking water protection studies in Turkey,49c5a775c3fc09e8c51be2c410a18320e79e6d737a554c39699e0ef9d82c9bcc,884
10.1080/0951192x.2013.814161,Analysis of the impact of technology changes on the economic and environmental influence of product life-cycle design,bd0245a810f1d0ab5a72e23dd6255fb1564451d9e1572727a81895dee26e5f6b,1197
10.1108/17566691311316275,Is intangible cultural heritage able to promote sustainability in tourism?,b52cdecfca87254919f4b776e6d73798e548b32becfff04ea08bf9c61aa2b0d2,1385
10.5198/jtlu.2018.1209,Land-use transport models for climate change mitigation and adaptation planning,c2cf313bd57a4c32bba8af9c7bedcdf64f9a13620de0e361948a82db2dc8db58,1921
10.5958/0974-0112.2019.00037.9,Increased water use efficiency for higher yield and quality in guava under rainfed conditions through <i>in situ</i> soil moisture conservation,5d91304f8b2930e33fef7071c0ca38ed603b0f6d90bc4fa326b55c4d17f5a4fd,951
10.1088/1755-1315/336/1/012006,"Linkages of smallholders’ attitudes with the implementation of principles and criteria RSPO certification independent smallholder forum MRM Jambi Province, Sumatera Indonesia",b7a78ea9759863d357f48997a1780b004d9cf573567642d8079f4dd1a1b1dc27,2022
10.1080/14443058.2013.782061,"“The worst female character”: Criminal underclass women in Perth and Fremantle, 1900–1939",7ec3704440c7a05cf4453c8154d2353532baee6528e9d15ba55b6993002a5086,764
10.1179/0040496913z.00000000028,Shawls of the Germans from Russia: Connections to the Past,ad73d0a102a0aa442412f938f09ed84e683d258b0305f6d94bcf40dcaee0eac2,1789
10.1186/s12992-019-0487-5,"The integration of the global HIV/AIDS response into universal health coverage: desirable, perhaps possible, but far from easy",8af2be794cbc0281f5941d3a4a52c4a03dd85f85458eeca1434d88f49ca72534,2866
10.1504/pie.2018.095884,Experimenting with runtime and energy tradeoffs in high-performance computing,3dac390776ee9bafffc0578434713c2f576631d1888c129c1328ed255b51c42b,1235
10.4271/2019-01-0673,Trajectory Planning for Automated Lane-Change on a Curved Road for Collision Avoidance,a26e59176d857986ff4257f5c34e46f0f97d8ea449c3a1bcd07b7d735983c26f,1452
10.22452/mjlis.vol23no1.6,3I index: A new method to examine the competitiveness of countries’ international publication productivity,438242bd004dac34ea3119902926afc8beb77980451305d37807a7840c5d7360,1418
10.2989/16085906.2011.626295,"Sexual-risk behaviour among sexually active first-year students at the University of the Western Cape, South Africa",cfac3dc2cf9c3729b818bfba0deee0c1cdb626780f72ce773187a4d0eda9720e,1982
10.1111/beer.12074,Institutional dynamics and organizations affecting the adoption of sustainable development in the <scp>U</scp>nited <scp>K</scp>ingdom and <scp>B</scp>razil,b3f40746e22a2758412dfe00fdb2d2e8fa8705c468cab513354e66fae5e700da,1090
10.1177/1468018114527099,"Mothers, household managers, and productive workers: The International Labor Organization and Women in Development",59d3d52e7f7d9911588566732a9c6cd91e8b4de10e9bbab1d44bd589c7bd1ab2,1408
10.1017/s1049023x18000778,"Disaster Risk Reduction in Schools: The Relationship of Knowledge and Attitudes Towards Preparedness from Elementary School Students in School-Based Disaster Preparedness in the Mentawai Islands, Indonesia",8dbc8984dca2d97076245d0872f9959613f16983eafac3cc1122d1c09ab8741c,1310
10.4018/978-1-4666-8268-9.ch007,The Global Implications of Ecotourism in Emerging Economies,a3e704c30d0bf8ef70768a926307b7920604dcece8d1e32b16ca9fb48a858b02,947
10.1111/ajps.12195,Breaking the Glass Ceiling: Local Gender‐Based Earnings Inequality and Women's Belief in the American Dream,0a1bedb63b75412e6a85f23579a7f00d2dc66d940dc7b743bac7fe2c07f2df96,1071
10.1177/1391561415598460,The Role of the State in Alleviation of Poverty in South Asia,1bfb5aa21e2cceaaaa66b28ae2df10c92e036d21ff727e57f94036c83dd6bae7,1367
10.1108/ijbm-06-2019-0203,Systematized literature review on financial inclusion and exclusion in developed countries,69f3d3814b48fa878144a7d34f3fd4f6ad6f678c706ae660454f49b33306250a,1847
10.1080/15228916.2017.1247330,On the Causes and Effects of Exchange Rate Volatility on Economic Growth: Evidence from Ghana,f9adb0ad10527450081edaac5b1b4b040eb7290a17d1ced9f9adc98950cdc3eb,853
10.1080/14735903.2019.1567245,Gender and conservation agriculture in sub-Saharan Africa: a systematic review,baee34970338cb0402498a2c287c89531e6ce3e77edeb66db38cf4bd91d250fe,2100
10.1504/ijbg.2017.084373,Urban food insecurity amongst households receiving income above the minimum household subsistence level: the case of a low-income neighbourhood in South Africa,6ed94aeb13fd28c83199a96cc282a8ab7e48f56df2d99355058f3f376417bfd3,1176
10.1080/21665095.2019.1605533,Methodological issues in measuring international inequality in technology ownership and infrastructure service use,0a6bfe8b1017964507803560d9b7cae21c6b3ce98b22ad22512f5a2e738a44bb,1451
10.1071/cp14007,Predicting the future of plant breeding: complementing empirical evaluation with genetic prediction,9f3f5e7328f3df387c87d4ba6cb516513470b69dd588b022a11ca598e544cbbf,1499
10.1177/0954408914546146,Sliding vane rotary compressor technology and energy saving,13d99f5f82b8456669d0505a48c23e669fb15f4b06e56d5d96ec13d270a3d474,3918
10.1186/s40064-016-2737-9,"Vegetation greenness modelling in response to interannual precipitation and temperature changes between 2001 and 2012 in Liao River Basin in Jilin Province, China",bdf4738c204895b00b5702e65bc35eb0925956b24f99f8899e3bbf187aec5127,1475
10.13057/biodiv/d201107,"Poverty distribution of different types of forest-related communities: Case study in Wan Abdul Rachman Forest Park and mangrove forest in Sidodadi Village, Lampung Province, Indonesia",7465e36876db999004e2a745c089a6bc73ec05f167773fd3d7a7ab6c5db15e4a,2265
10.1021/es303459h,Environmental and Economic Trade-Offs in a Watershed When Using Corn Stover for Bioenergy,fdab7d17ebdfe9ffdff827aa92b982f45697dc9143d3e51f1ec29b01333bc143,2039
10.1186/s12961-018-0289-x,Gaps and strategies in developing health research capacity: experience from the Nigeria Implementation Science Alliance,3c260690936f0c1f0083cfaf09db0abed217873ba1fcef0ff87be69d13dae35c,2576
10.1080/00036846.2011.624086,Credit access and life satisfaction: evaluating the nonmonetary effects of micro finance,dcc48e6770a124a77944f0fd8e306869d93096c86e475718795a2d9a4fb9903f,735
10.1016/j.proeng.2016.11.641,Performance of LEED Energy Credit Requirements in European Countries,519ea817412fdab4f72ff79debb42cf90a5fe5c7754aca9bef35e3ee9bfd9e77,1409
10.1108/s1530-353520180000012002,Chapter 1: Anticipating and Practicing Fatherhood in Spain,19d32ed6962c48b0ba2deee0d9b73fa2bfb08cae147377a14af463ca5952fd66,1730
10.4317/jced.52693,Effectiveness of dentist's intervention in smoking cessation: A review,75e5a165f60597e4c9b890d16b855623ec539fdc0731c1c469404b61226a5756,1306
10.18505/cuid.527285,المواطنة العالمية من منظور تربوي إسلامي,90f568c6fd26fdd551725158453bbb840e1ad344e58e6284fa2034ae6398e9f4,6984
10.1515/mgr-2017-0002,Impacts of natural hazards on an early industrial community: A case study of North Bohemia and its implications for long-term vulnerability assessment,9af79aea12ab0235afc21b99100a003b19b0b8bd20d720d86c6e99d4902cfdb9,1048
10.1080/15332560903520351,Substance Abuse Treatment Outcomes for Adolescents With Violent Behaviors,fb33fbb8c4afa0115fb6551138d04daa4d6dd4b22c728107af54320ddddee33d,898
10.1109/icee.2018.8472508,Implementing Virtual Synchronous Generator to Load-Frequency Control with Penetration of Wind Turbine Considering Limitation of Storage System Capacity,be1e0b31ac774c0030a146bd6984c6126e35bf581548209a55f205454162a5b6,764
10.1002/jccs.201700337,Efficient and Robust Cu/TiO<sub>2</sub> Nanorod Photocatalysts for Simultaneous Removal of Cr(VI) and Methylene Blue under Solar Light,53c1459bf504a5426308c3f8cf1f0a41a8ddc37900b59e350b38098898aac051,987
10.1675/063.035.sp116,"Reducing Impacts of Double-Crested Cormorants to Natural Resources in Central New York: A Review of a Collaborative Research, Management, and Monitoring Program",0e04aa0b55245309b5c2229681a40c5825007dbe928a716d5365eb5a84adb535,1164
10.1021/acs.est.8b03882,Visible Light Driven Organic Pollutants Degradation with Hydrothermally Carbonized Sewage Sludge and Oxalate Via Molecular Oxygen Activation,cc0d30b8aaf9974382a36c653ada7e317a73c32bf5c3b776f9fcca50d47a0ada,1438
10.1079/pavsnnr20138033,"Poverty, livestock and food security in developing countries.",edfe52d4a9e82f162b75472909110b703d64575bd18b272235774f1088fd471c,1734
10.3390/su7010164,"Enhancement of Land Tenure Relations as a Factor of Sustainable Agricultural Development: Case of Stavropol Krai, Russia",eb7bcbd354bbe4cb90f92cdf6de281baa791dd1d10269c6f501b35f59f726602,1060
10.1080/00358533.2012.661532,"Seas, Oceans and Fisheries: A Challenge for Good Governance",8bc1bbaea98eac992c376a53de531ded776205a93fe94185440925538f083ce6,623
10.1002/cncr.28186,Severe lack of comprehension of common prostate health terms among low‐income inner‐city men,f59eafbde49e7c97ad6449ff53c7441770b8af21aad8c7b2cdc41461b3adf628,1793
10.1177/0263774x15614674,In search for effective public-private partnerships: An assessment of the impact of organizational form and managerial strategies in urban regeneration partnerships using fsQCA,4df4793b81e43c45a607fff225b5e55de66d209f6c0ace8dd8de51847cf85ac8,888
10.1186/1476-069x-10-68,Policies to clean up toxic industrial contaminated sites of Gela and Priolo: a cost-benefit analysis,7a244e5567d26da4208baafa700b73cd7ea5a6b26b454dbc7f0d3785865390c9,1856
10.2478/v10091-012-0027-2,Urban greens and sustainable land policy management (case study in Warsaw),4f7674d0a6aa08b0687c3047cbc047170e9c69ea908517d3264f55a7a40a4322,468
10.1051/e3sconf/20199108031,The international clusters in the innovative development of an energy efficient economy,76514ade8f8386b7cafc6b8f25920ffaabe2b84947142b50298514dbe27feed0,623
10.3390/su11010249,Affordability Assessment of Energy-Efficient Building Construction in Italy,f99ec8a42eded2946fe96efecdb67775544a51a1986114eb98dc914e36d4fe2b,1775
10.1007/2288-6729-4-1-1,Universal and Targeted Approaches to Preschool Education in the United States,8dcf9e7fa7ba83e1b67af4d994dd08cbd855164f16114801cbfa9c340466a768,1892
10.18408/ahuri-7116201,Improving housing and service responses to domestic and family violence for Indigenous individuals and families,5902caccf3c744dd1ad135af7695b087bb637fcd285252674743c25d52f247fe,905
10.1136/jech-2018-210817,Socioeconomic inequalities in health and the use of healthcare services in Catalonia: analysis of the individual data of 7.5 million residents,99d6b1791feb2a7e8682e1aaff766806ed47f40bd638998b19d321536641e5a8,1611
10.1111/jfb.13609,Photo‐identification as a tool to study small‐spotted catshark <i>Scyliorhinus canicula</i>,0fc5a6691bfb98e3e8f9deccee8a672ee26faf57e8d7e1bd00bb3818d4dcd0dd,480
10.1017/s1068280500002872,The Trees and the Bees: Using Enforcement and Income Projects to Protect Forests and Rural Livelihoods Through Spatial Joint Production,72783960339669d52b1681e52b81f906ed32f7c7cb73df190d099af7ac50c672,670
10.1186/s12884-019-2256-0,"Associations between intimate partner violence profiles and mental health among low-income, urban pregnant adolescents",afeda27c02040dd18a2b5881002bdccbb3f3d2b061efc6213ae3c70294048076,2628
10.3846/1648715x.2014.971088,DETERMINING APPROPRIATE GOVERNMENT GUARANTEES FOR CONCESSION CONTRACT: LESSONS LEARNED FROM 10 PPP PROJECTS IN CHINA,e700b7fc46a6589ca02c2b525f145518b173b00deb6fa3cebc9bcdfdb692e632,1194
10.14254/2071-8330.2014/7-3/17,Quality of Life and Environmentally Responsible Behavior in Energy Sector,fc66916d44f53985ba72944781669fed87dc9bab93cc2e59e2cb559fda925625,749
10.1002/9781118724248.ch29,Legal Medicine and Forensic Science in Uruguay,7af4b3989e462097a9c0e951f34d97edf980e5fb90d885a209df3de73ade51d1,913
10.1016/j.resconrec.2016.01.001,The influence of UK emissions reduction targets on the emissions of the global steel industry,621b52e6ea8d241e2725c0fd96b454b6f1c257cbb2ff65388783eee3d51b7260,1638
10.1108/jec-09-2013-0027,Addressing gender disparities through farming organisations in Malawi,2615ae1517238e12390d40aee2f1af9778122e831f82daad69f7ead52cf64443,1738
10.21678/apuntes.84.1017,¿Retorno o remesas? Políticas económicas de los Estados de Latinoamérica y el Caribe hacia su diáspora,5df2d6b9a517b050a85cb880cae0e6facfb82994f55ccfc125ced4417bf06347,1338
10.1051/e3sconf/20197603009,Comparative analysis of disaster information website based on web usability evaluation and quality content of disaster information,66febcab2796c5d379e29f96ece1c594a3eaadc6e370363728c0c37c7ecdefe8,1719
10.1021/bk-2011-1072.ch006,Understanding Greenhouse Gas Emissions from Croplands in China,517826197b03073bc7820e7b3f5f486e854bd4e8372e6f24a896ceb5308f17b9,2133
10.1051/kmae/2011077,Socio-economic drivers and non-indigenous freshwater crayfish species in Europe,a2a46d4fae22350388c9febc45fc8f5512bba385fd859ce9fe09bd140dc5d9d0,1097
10.5194/hess-16-1685-2012,Training hydrologists to be ecohydrologists and play a leading role in environmental problem solving,2e64b381a1ebacab32d0aba5ade7ff1d4acd06601f8c9761bddf3ff3b8bc5ec2,1860
10.1016/j.trpro.2016.11.095,Investigation of Carbon Footprints of Highway Construction Materials in India,12a54eb72a26f17934fc0dd7bd14a588f3a4a9e66211dc25b300a518e42bbf6d,1500
10.1080/08956308.2017.1301001,Creating and Capturing Value Through Sustainability,eececd6fb59e740456eb6cdcd0cb26fd5b5892043d5b030a03872cfb513ec3c4,931
10.1371/journal.pone.0180685,Life cycle energy efficiency and environmental impact assessment of bioethanol production from sweet potato based on different production modes,6384980875e823bf6774cab98dd8bf520a1c3bdbce12758de09bd450818e37bc,1376
10.3390/su11195427,Sustainable Development of Power Retailers and Industrial Parks in China’s Belt and Road Initiative,67577a519e56cb00ee0129b8a6b477e9d51e3dfae715dc73d9075fa110709880,1309
10.4324/9780203102312-18,Religion and security in international relations theories,2c9b46ef92274b5b144cc6887dc427c9954ca4b5e1834d5b007adde68ea5ee4a,836
10.28945/4447,The Adoption of CRM Initiative among Palestinian Enterprises: A Proposed Framework,7239f3f79f553d0c96295e591d4856113dfe10708e301f7256ae226a3afec5f4,3468
10.1061/(asce)ir.1943-4774.0001388,Computational Model for Gradually Varied Flow in Channel Networks with Hydraulic Structures,cc27850bec9f93ea0c360e5c19c23d8c957216c6d27c0b589cf90f3858d49864,1689
10.1088/1748-9326/aaf3d3,"Advancing global flood hazard simulations by improving comparability, benchmarking, and integration of global flood models",785f9f5263bd92efb9920bd2621c6a28d945bb9f2e1029c20cff35c2d20bc9de,1930
10.3390/v4091592,Filovirus Research in Gabon and Equatorial Africa: The Experience of a Research Center in the Heart of Africa,265b1164dae9b617af36b967d601dbe0eb285b11b71d5b23daf4cf7f48ffe43b,932
10.1109/esd.2010.5598870,The potential of sustainable energy in Thammasat University Rangsit campus,48fa0c57e7134897448dd7983a73bc1d41dd75ada98f6bb184ab1d69b7515420,1188
10.5740/jaoacint.17-0168,Miniaturized Temperature-Controlled Planar Chromatography (Micro-TLC) as a Versatile Technique for Fast Screening of Micropollutants and Biomarkers Derived from Surface Water Ecosystems and During Technological Processes of Wastewater Treatment,6e921d857a2214affe3c886fa017f070c92ebc711b149d6d6ab6b2e5f1265a3f,2138
10.1108/ijtc-09-2016-0028,"Domestic tourists’ mind-set towards responsible tourism management: a case study on Cox’s Bazar, Bangladesh",a7a6cc1d3e56b03353922520117a0ba83112f0a7a97b62f7bf5e143734268b9b,1851
10.1371/journal.pbio.2001886,Simple rules can guide whether land- or ocean-based conservation will best benefit marine ecosystems,e8b41d7858390cd15d6555637c08d316fa64bcccb8b7d7ac4c537cf713493571,1948
10.17582/journal.sja/2019/35.2.449.458,Farming Household Socio-Economic Influences on Land Degradation in District Mardan of Pakistan,6010b2ec30a372a364d6611d6b3e3037c81784c19380e473c6d051ca9f203b83,250
10.3402/gha.v7.24814,Is violence associated with increased risk behavior among MSM? Evidence from a population-based survey conducted across nine cities in Central America,fad837d01e7a4666fc79815f06d4e824b2d85d1a940985ab7c7c649ebe6a74bb,2804
10.1080/14634988.2013.858009,Institutional arrangements in fisheries of Ganges River system,db9c3cf4124f3b75d49fc1e4fce227c93a69f0bd7588f05788ff7716e9670ac2,1985
10.11159/icesdp18.119,Reflections on the Green Transformation and Development ofResource-Based Regions - Taking Shanxi Province as an Example,6c5055c9ca1cf7a5ec826c3f3f12224f0c850487e50ed77afe1dd8236b7eb730,900
10.1186/1472-698x-10-15,Sociocultural and epidemiological aspects of HIV/AIDS in Mozambique,d8698b03a76ce20a0c3987760077946479e076a25b70fea5ab328fdcc1983e25,1964
10.3390/su8070605,Is Tourism Development a Sustainable Economic Growth Strategy in the Long Run? Evidence from GCC Countries,381a76063df13fe2d1666698581ae56094240922b1b6e01c0fbc5d5babf35f6f,858
10.3390/environments2030415,Using Landscape Metrics Analysis and Analytic Hierarchy Process to Assess Water Harvesting Potential Sites in Jordan,e95749c22202daf5f61fbc28f315b51a2d2655c03f1fbb69eef34983ec11fed0,1353
10.1088/1757-899x/154/1/012029,The Formation of the Urban Environment in the West Siberian Oil and Gas Region: Problems and Challenges,42888edb8f0e30178d805057bc94d88f04d3ce59f3b9b9066e381b5131f1504b,1139
10.1177/1098611113489888,The Effect of Rank on Police Women Coping With Discrimination and Harassment,24b0a2b4c2b950a5613f16d9d39f8bfdc680af846e692b0908dc3012ae4cd849,697
10.1363/45e7519,Closing the Poor–Rich Gap in Contraceptive Use in Rwanda: Understanding the Underlying Mechanisms,0f51d81764aed9d7bf66782638e72e76de6261ebba32e9472ab2182cb179f4dc,1687
10.1186/1471-2458-12-370,Assessment of eight HPV vaccination programs implemented in lowest income countries,92b02043c8170606283569b83b2c9540974d2aff753da8155d129fca878e60e7,2618
10.3303/cet1870220,Analysis and Prediction of Greenhouse Gas Emissions from Wheat Production in China,daa83663b263fba9ae73ee6511bdf6a3fcd36f7338842a5fd7444f976ba2e0fb,1215
10.3390/w7084063,Urban Evolution: The Role of Water,71a1ac3049eeed569c79bb674be0c9dbe4195be9a5c42d4f2c98395a5bc14660,2029
10.3389/fsufs.2019.00105,A Climate Smartness Index (CSI) Based on Greenhouse Gas Intensity and Water Productivity: Application to Irrigated Rice,d2c84a5f23675f9d766234f69d93712e877ae4f34aaf360a7189b417c9efbdcf,1987
10.1073/pnas.1217822110,Integrating indigenous livelihood and lifestyle objectives in managing a natural resource,d09d2d2a9c3abb7f80e2d6fc155cbff4cfa99757f657c25139e1d4b4f7b581fa,1524
10.1080/21645698.2016.1151989,Innovative farmers and regulatory gatekeepers: Genetically modified crops regulation and adoption in developing countries,299cd2eb47db2ff8c29805c1159a4ce348decd48a56ad4d0f2d4e516a24c6b6f,2020
10.1517/13543776.2014.931376,Changes to intellectual property policy in South Africa: putting a stop to evergreening?,a571063b0fdf61831a223e2cd18166534f339e3ea8ab16be4fedeef03c6aeda1,1378
10.1071/pc140180,Agrodeforestation and the loss of agrobiodiversity in the Pacific Islands: a call for conservation,15bc4cd51e554e75f0242aa7e862ce08add06773bf96648c032ee6c967db2085,1215
10.1371/journal.pone.0226294,"Correction: Examining the relationship between socio-economic status, WASH practices and wasting",1221ff28370a7c8c2e901e61cd4a3c3a56010448dcfed524a686708e689feefb,63
10.1093/cjres/rsp034,A typology of 'innovation districts': what it means for regional resilience,3fcfe9e0faf7caf6c57a62b396d341a114bd82120bbfdd5c7041f5bf5d3eb21b,707
10.1109/sege.2016.7589504,Badgir (wind catcher) an example of traditional sustainable architecture for clean energy,d9b2b956de15a050ab94f4f043af89d249af46e7c56a16b9d448fff5bfc7e4b3,1049
10.1136/jech-2017-209701,Intimate partner violence against young women: prevalence and associated factors in Europe,85181cbd27af8688cdc00fa50282f6535287a9b7f2640fb0734ac746a0ec935a,1772
10.1186/1746-4269-10-80,Comparative analysis of diversity and utilization of edible plants in arid and semi-arid areas in Benin,c6d43cf114f2b79bc698782d7479f705a03d1d333e30205a0c10ea03f3f349fb,2261
10.3303/cet1870285,Manufacture of Nutraceutical Compounds from Chestnut Shells by Hydrothermal Processing,eef70c8a63ecf7a59c9c4fc303c39c34b0a67aa38a8b3524fb6d4ab479dee372,2209
10.4324/9780203128480,Organic Agriculture for Sustainable Livelihoods,107741af47755105b22fd1d7a07e7cbd728377d93b31112dd328b7c5f1ebd209,1278
10.5007/1980-0037.2016v18n2p243,"Contributo da Educação Física na área do esporte, atividade física, saúde e educação para as crianças e jovens que vivem com o HIV",c30de9402e208bc6deabbb02239c0c8f826806cadd2ac97179c4a3ee5e3554a0,829
10.17660/actahortic.2018.1215.78,Training pioneering entrepreneurs in urban agriculture: a model of curriculum based on the URBAN GREEN TRAIN project experience,6d11a1864fdc46e81d7ff39c6960c33183c9e883ac9020a9b840a6fc2cdb9097,240
10.1177/0269094215579014,Driving education for sustainable development potential within professional curricula: Built environment sustainability training and training development for professionals in Wales,0f122f738ff7a6122895b3eed84acc4061a64aec56aa8e8c9ac7c7c84c3063e5,1699
10.1016/j.sajb.2018.05.026,"Regeneration ecology of the climber Flagellaria guineensis (Flagellariaceae) in the Transkei Coastal Forests, South Africa",dd2e81a77277ab3581189bdac9a1d5dcce2b8602e42c84ff449a91465e3634ab,2174
10.1177/0886260515585545,Coercive Control and Physical Violence in Older Adults,45a5dce369c5f4e043fed4c768c17700fb0c8661ed89cfe91d756e511e9e0cac,1290
10.1080/14786451.2014.907292,Sustainable energy planning decision using the intuitionistic fuzzy analytic hierarchy process: choosing energy technology in Malaysia,b87134dabf7ec8856025c51e008473ccbfd154cc597492da658d400969851fd6,1049
10.1186/s12914-016-0103-1,Is the UN Convention on the Rights of Persons with Disabilities Impacting Mental Health Laws and Policies in High-Income Countries? A Case Study of Implementation in Canada,20740bcc7b67fbc4b0d3a50d5f82f4fe157d9443bef0becf1eb60e2a52545051,2255
10.1080/15588742.2012.655208,Human Services Professionals' Awareness of Human Trafficking,64f1dc4e233a7bd40db300e43b2d3dd010dcb44e40848a171f14cf107f6c68e4,605
10.1201/b12816,Valorization of Food Processing By-Products,2ed58acd803597f5d18ae17bc5b7555fb2018a269a48746b302d0540c3e6f9d6,350
10.1108/ijm-01-2012-0013,Getting what (employers think) you’re worth,fc1ee8c20cf96960eda083b75c4e5e99f21b8b8fba6f06b5aa295f88db0ba57b,1660
10.1080/15575330.2011.553289,Using health impact assessment in community development to improve air quality and public health,34a5a6dd21797233959ca17778544e9f97d7fbb1e755bd1477f5e9b5c3a50013,1141
10.4028/www.scientific.net/amr.724-725.405,Physico Chemical Analysis of Linseed Oil and its Blends as a Potential Fuel for Diesel Engine,85905d8aa0f2b8c79be7d81696073c001614653f81068db7e9d2f505e47be421,1585
10.2355/isijinternational.51.1269,Effect of Fe3C on Carburization and Smelting Behavior of Reduced Iron in Blast Furnace,df70369a74a03a28efc1bc4497df1c08844a9ca073dd880ccd3ca9ab285239f6,1002
10.1108/heswbl-03-2018-0041,The green economy learning assessment South Africa,34f92bdc7c3b4c56cb9c450f64c7f53e525829afe4ab45839d3ade70c5465636,1941
10.3917/anso.131.0051,Les paradoxes de l'institutionnalisation de la lutte contre la pauvreté en France,c41dbefc3a82a68f347535427f0a9357a816a80665b69ee523ed235ac87afa1d,869
10.4028/www.scientific.net/amr.1010-1012.580,Process Optimization of Chemical Precipitation for High Concentration Phosphorus Containing Wastewater Treatment,eb8d5148c282c8eabcca7d43f5530b0c2181d2175817c9a51c83c3e2089f5d1a,969
10.1371/journal.pone.0210051,Modeling the spatial distribution of grazing intensity in Kazakhstan,3d28c98a4474578ad3f174ab7947c4e9f06f5711634154333d9b38618c9b8af6,1704
10.1117/12.2530661,Curcumin-based photosensitization: a novel and green technology to decontaminate food systems,89acb4aa0f188cca388d3f7d31c558a731825c9d5cd00a858888dff6beb9f3af,1471
10.1016/j.imic.2016.09.003,Environmental changes and building resilient community in Penghu Islands,924af02004a31f62d4fff03d2308aef26d8b54b1502d0848b3bbfa37b1a24a48,1166
10.3760/cma.j.issn.0253-3766.2018.08.002,"[Incidence and mortality of nasopharyngeal carcinoma in China, 2014].",4d7765d4e0fe09ce4f0a8aaa32f3b9c21af4d6e7b10cd1bb6ec375cee31c1e88,258
10.1111/j.1754-8845.2011.01114.x,Rhetoric of the future: Writing and identity at a school for pregnant and parenting teens,8e51be58e7cd85bcc368373401cce13242a96ee23597bed5cb5890dc80201d2e,505
10.5814/j.issn.1674-764x.2019.01.002,The Conceptual Model and Its Empirical Studies of Sustainable Carrying Capacity of Water Resources: A Case Study of China Mainland,721033c1f6dc1b47aa57e9453b5b8fdc9e89c55c38d1040c16500dc7e6000448,2635
10.1111/faf.12087,Fuel consumption of global fishing fleets: current understanding and knowledge gaps,eba5d33832386fcb81189f94708bfeead2b8da089536ab09fc09458ebf257022,1623
10.1353/foc.2014.0006,Two-Generation Programs and Health,91377ebc5879cb424bcdc4830cd5c086f272dfdcf40dd15960043913c6322117,1435
10.3763/cpol.2008.0604,Financing REDD in developing countries: a supply and demand analysis,c6c5966ac764e00f0fac6f362fc4819d8aba425a0348f8d8d51b60819bf83056,1448
10.1177/2399654418820077,From policy community to issue networks: Implementing social sustainability in a Swedish urban development programme,1dc492f29e8156503f0cc1e7c091b2c535dac8bdbfed69e399bbc2bcf91dea21,1790
10.30638/eemj.2015.169,MULTIDISCIPLINARY AND INNOVATIVE METHODOLOGIES FOR SUSTAINABLE MANAGEMENT IN AGRICULTURAL SYSTEMS,a60eae22b0517222981bf0eea86fe50b621443b47271119865b33b390a1840f3,1834
10.2190/hs.41.4.a,"Gender Policy Developments and Policy Regimes in 22 OECD Countries, 1979–2008",0c361182e46d8476e08c1c77497c75120f0f9d2bb6c142ad9a8c86d2458f1375,1040
10.1111/j.1541-1338.2011.00539.x,Cash at Your Fingertips: Biometric Technology for Transfers in Developing Countries*,3dac94e8b43f13754428cb6a13cca0d8b7519aaaa8ec017fc54af03b817d20b3,1243
10.1093/ije/dyy058,Physical activity and cause-specific mortality: the Rotterdam Study,f4db2368a3d379ab6982dbae33a909a4b114d1e668195773d05a703f35d521b7,1717
10.1061/9780784479926.024,Efforts in Transportation Sustainability: Case Study of Villanova University,263a26f7599a6f1575d4c9e313eff8b2d083a71159bbea3226561db053276598,1616
10.1080/21520844.2012.666646,"Libya, Social Origins of Dictatorship, and the Challenge for Democracy",14ad37172c5eed83b42df3bdcbfbe9db483dd2cb7c36ae7b640279e3e3a0dfe5,1301
10.3390/ijerph16162902,An Integrated Fuzzy AHP and Fuzzy TOPSIS Approach to Assess Sustainable Urban Development in an Emerging Economy,a31ce9e18cf55d6025c7aa6de0610d9812033cecc8fcd6dd91df7d444c087ac4,2435
10.1186/s13561-014-0016-4,Reservation wage of female volunteer community health workers in Dhaka urban slums: a bidding game approach,855169feba2c28e911c284add7bdeb15b2464de893e735b98722d2859f757de2,2291
10.1177/0887302x12446064,Consumer Preferences for Sustainable Wool Products in the United States,3262119800ac0d80c06352bc154db24252eb15a5ac2234216441cf8acbd4c022,751
10.15244/pjoes/67337,Nitrogen Losses in Paddy Field Drainage Modified by Different Water Level Regulations,ce6020778720e823370c3db0fa58e66c623079baea0a9dc20b5e78ba827fd526,500
10.1163/157180912x650681,Medical Interpreting and the Law in the European Union,6fb6050ae24077501727faaffae6fad31997edfafcdc9f8d19b0e34136441455,1115
10.3389/fmicb.2017.00186,Methane-Oxidizing Bacteria Shunt Carbon to Microbial Mats at a Marine Hydrocarbon Seep,c6609be390fe389c9368f500661277abadaebeb1f9508cebdfaf496fdf296e95,1583
10.1097/aog.0000000000002589,ACOG Committee Opinion No. 733: Employment Considerations During Pregnancy and the Postpartum Period,bd53cbcf35fc7bf6972077f761f94fc3f59e567491b6c0ae0cdf0a274783883f,1717
10.1097/prs.0000000000005416,Foundation-Based Cleft Care in Developing Countries,ca7308d9168525cc69d25129f0d8533cab725c57326fc4a1e42b8bc3ed743a5a,1785
10.1061/(asce)ee.1943-7870.0001220,Framework for Enhanced Stormwater Management by Optimization of Sewer Pumping Stations,4e989e1181741a65140feac920abc9c49c77c36f051bbcd34955210d854af2d5,2149
10.1016/j.envint.2014.01.015,"Climatology of gravity waves over Poker Flat, Alaska for 1983",e5b63266e18dac3484815d96ca05f8d1f56d617f853b4c28d9e3349bc9680baf,2193
10.2495/sc130632,Wastewater reuse in Kuwait: opportunities and constraints,c79c943764323eefb1c547947648309a90c31420c37ac910e9d305c9724d65ff,704
10.1097/aog.0b013e3181c8824e,Interventions for Preventing Unintended Pregnancies Among Adolescents,8748e1ae0ecd0a77ff1b4189168f3e0a38fd6095625d7ce269ce9240a126c690,110
10.1016/j.sexol.2015.06.003,Femmes victimes des violences sexuelles dans les conflits armés en République Démocratique du Congo,3c4a56fe41d41593e5cad131adb80cc7c459f25465009feac1725dd101e5cae4,2175
10.1002/2013wr013956,"Effect of land cover and use on dry season river runoff, runoff efficiency, and peak storm runoff in the seasonal tropics of Central Panama",f760f8890bb69531dca9bb10e7be2642711894488d4ae2a04e7e15f34b9f5cbe,1784
10.1371/journal.pone.0224041,Understanding spatial patterns of soils for sustainable agriculture in northern Ethiopia’s tropical mountains,e02b9006d111895377165b55506a76dca8d3d83ac25b58cb63f478a56ae312cc,1723
10.1017/9781316402528,Patient Capital: The Role of Family Firms in Sustainable Business,1f1862296967f755d6761c37cb769d5cff8232f5144512c58803a0102702c93c,191
10.1371/journal.pone.0157814,"Association of Low-Birth Weight with Malnutrition in Children under Five Years in Bangladesh: Do Mother’s Education, Socio-Economic Status, and Birth Interval Matter?",962740bbda6ec0e064f3bf1a4eef6713b6c677cd1aa9caeadd68bec83705fb62,2451
10.1088/1755-1315/329/1/012018,Strategies for Urban Residual Areas as a Planning Tool: Towards Achieving Sustainable Built Environment by Connecting Neighbourhoods,4809143bdc3b51c79d20951f2f7efec744ee452b8d9610608e2ed75ddc74475a,1941
10.1097/nna.0000000000000739,Building Evidence-Based Nursing Practice Capacity in a Large Statewide Health System,a9844db8b18f41eb6ee0c7185bf33e178f324dcfbed7fca78a9da11cf9d1191d,497
10.1016/s2214-109x(15)00060-1,The Good School Toolkit for reducing physical violence from school staff to primary school students: a cluster-randomised controlled trial in Uganda,34757fa5f4fe946f58834a423b96cf5ba5d472106436a1e4196ae31717d161d4,2306
10.26687/archnet-ijar.v10i2.936,URBAN DISPLACEMENT AND LOW-INCOME COMMUNITIES: THE CASE OF THE AMERICAN CITY FROM THE LATE TWENTIETH CENTURY,c62b6c89847d431d8af6f7cb69c9be853891a9a704d52d89f982ec88814e643a,1240
10.1111/dpr.12121,A Less Gendered Access to Land? The Impact of Tanzania's New Wave of Land Reform,9e3c006a079e5921414e24a2562839f67e13490fbc8c71c4abf4e0dc8ba7bdf7,753
10.1080/13504509.2016.1193778,Land-cover changes and sustainable development in a rural cultural landscape of central Italy: classical trends and counter-intuitive results,346cb429690b202d8797a0637bcc9c8ef6208329d8374626fa6d87533727af41,1729
10.3390/w10121711,"Establishing Sustainable Development Goal Baselines for Household Drinking Water, Sanitation and Hygiene Services",dff67362a7f532eaa992017d271cda09a165add96c75583f5841bb99f252f573,1840
10.1088/1755-1315/63/1/012050,"Green Development Status in Zhejiang Province and the City of Ningbo, China: Examination of Policies, Strategies and Incentives at Multiple Levels",2280670ca8ee3b0f91538d30e8db8834e4cbc0eb7b37299d9da31ce51b564562,999
10.3390/su10051490,Quantifying the Spatio-Temporal Dynamics of Rural Settlements and the Associated Impacts on Land Use in an Undeveloped Area of China,f9264cd0067c64b6b589e5e043918298ae10013b11ab01c09f3214d490851c0e,1813
10.1002/bin.338,Training Employment Acquisition Skills for Adolescents with a Substance Abuse History,cab422041dca043da0ed5cf0814da379f0302f01ff3f05583f28c162a98f362f,931
10.15389/agrobiology.2016.6.951eng,"BIOLOGY OF FLOWERING, DIVERSITY OF SEXUAL TYPES AND SEED PRODUCTION IN Salsola orientalis S.G. Gmel.",4983e75e34161ddcc585d33c37db6a5c709ec7eca232cd0e9860723b55d8bc90,3981
10.3920/jcns2010.x183,Small farms building global brands through social networks,6d3ab5aae21db16c75b617d726801bc308d1ee01d338afcb5e209e33ed4e6c2a,2057
10.1177/1010539514548759,Health Risk Behavior Among Thai Youth,e1dc304216314fff5717ae12972769235641add04cb79b31ec80a8cea15c2e21,919
10.1111/j.1468-2427.2010.00954.x,The ‘Right to the City’: Institutional Imperatives of a Developmental State,bdbabe654fdd978ccfa22af20dfc2f74ed02be8290a3edcff42d56827f0d97fa,2684
10.2214/ajr.17.18755,Screening for Lung Cancer: Effective Recruitment Methods,daf83dfee37d4a06ba155aa63f48cafe580db0d9bc54ac6d71beb586ea829662,788
10.1093/geronb/gbz016,Neighborhood Environments and Cognitive Decline Among Middle-Aged and Older People in China,b5f14d45d9b54c3a3e1d75dc9a04ced5063d2c31f2107ff1338beec8ed3ea4cc,1447
10.1134/s1064229315060022,Specific features of determination of the net production of nitrous oxide by soils,69e71488af4d27367e6087e77091b3973a0f5d8b10831304162f57a4006386a3,1851
10.1017/s1368980018002859,Evaluating interventions to improve child nutrition in Eastern Democratic Republic of Congo,661eeb6727f5858bd00b653f744ee214191c26ab801f12c68bd9cfcfc2a3571f,1747
10.1177/0886260516650966,“I Will Never Know the Person Who I Could Have Become”: Perceived Changes in Self-Identity Among Adult Survivors of Clergy-Perpetrated Sexual Abuse,64fee3c1b3037684e69714a2bc5c282259fcfa08574d562e774262a0083dc315,1396
10.1177/1358229118810107,Seychellois courts and the protection of the right to equal protection of the law,a47b3d8916f338cd97df7317e47f1d37356f9827e867eaf532bfafc3349ae471,1047
10.1080/0972060x.2014.983995,Effect of Bio and Chemical Fertilizers on the Essential Oil Content and Constituents of <i>Melissa officinalis</i> (Lemon Balm),59f1cd889e71602947559ebdd7a35edbf2e30955bb0f1a41cb988fcda08f939d,1832
10.3389/fpsyg.2016.00727,"Clarifying Associations between Childhood Adversity, Social Support, Behavioral Factors, and Mental Health, Health, and Well-Being in Adulthood: A Population-Based Study",435c61c0fd2ec6a10e1cdd23433e9df8d03e80cebb1d43d19cddbc5bfd9bcc26,2513
10.1017/s0014479713000264,"TILLAGE AND PLANTING METHODS EFFECTS ON YIELD, WATER USE EFFICIENCY AND PROFITABILITY OF SOYBEAN–WHEAT SYSTEM ON A LOAMY SAND SOIL",ae329996a1b846be0c0b04ef58a889e47a8119ed80a3f00be2e4925ad2148d5b,1799
10.1098/rstb.2012.0110,Biodiversity loss decreases parasite diversity: theory and patterns,0a0c680f214e22f0d6776d640acb0c2d5e55687a9613de2d37a3aaec32d48e73,1427
10.1080/07399332.2018.1522319,Mothers with children born of sexual violence: Perceptions of global experts regarding support in social care settings,1a8ded3aea363832ff5a6a6f122f53a7d0892b7ffd123d692063bf3ef4ce05e9,671
10.1108/s0885-3339(2013)0000014010,Financial and Decision-Making Participation of Marginalized Small Farmers Through the Pragathi Bandhu Model in India,f0245289563ab3e52e589a4fd406c103dad1bc335da20be1f23c4cc6e4b98ebc,2481
10.1561/0300000031,Entrepreneurship in Developing Countries,def5735aab227c3b00b18ae9effd627d978a80231fea810476f1c40dc76a6203,1253
10.1080/09612025.2014.945802,"Gateway to Equality: desegregation and the American Association of University Women in St Louis, Missouri",edd9cebcff087ad03c4851742aa0c83fc7c282a6684329f3625ee6d6649cf3b8,1162
10.1515/ijsl-2013-0057,Translanguaging and multilingual literacies: diary-based case studies of adolescents in an international school,17f059486c6b9445ff3f8fc318dbd9a8fa1b0248ac96922d144cf902814a0ca5,2084
10.1186/s12884-015-0599-8,The role of husbands in maternal health and safe childbirth in rural Nepal: a qualitative study,5eec40363c3139f8ad98eb7d12b8a35e2d96183da5eeec3175e5f84ad4393d4a,2168
10.1061/(asce)is.1943-555x.0000503,Foreign Direct Investment in Infrastructure Projects: Taxonomy of Political Risk Profiles in Developing Countries,9e0dd5554a644cdc3997a8d3708c08cbd143cb39c56036053a1e289cda32d2c4,1913
10.4324/9781351254724,Social Theories of Urban Violence in the Global South,bd89ad7624845a4b8fbc7509f980f0c27d1d5ff2e8fb9a1ba16755e9c1eda434,915
10.1080/03050629.2016.1128431,"The Homegrown Threat: State Strength, Grievance, and Domestic Terrorism",dfa3d4f31cb127262b869068bc62c1224194bc676ae5c5c2057c480cc54f2435,1138
10.20960/nh.1102,"Food intake, plate waste and its association with malnutrition in hospitalized patients",e489b62d318860190f5b9bad9d174c6123ec080de9b09b9f34057229d711a77a,1959
10.1080/14683849.2018.1533821,Price and prejudice: the politics of carbon market establishment in Turkey,d8f815ce4cae0388001c5dcc855b71a287899b2c0dc7be80e48bb143526b1095,1043
10.1111/1365-2664.12341,Performance of salmon fishery portfolios across western <scp>N</scp>orth <scp>A</scp>merica,ec53a8b3ff570b07a11ecdf81a5ba71c8f3f6f84a34f251192f4fef0ffacc97f,2432
10.5380/raega.v38i0.42955,VULNERABILIDADE AOS PROCESSOS EROSIVOS NO LITORAL DO PARANÁ ESTABELECIDO PELA APLICAÇÃO DA ANÁLISE MULTICRITÉRIOS,9dbc3d2e26c5f85d637475308d4fb72873288089b1cb04431f7ec51abd2d3ec3,1260
10.4324/9780203137031,Environmental Scenario in India,4cfb637b15188f52adc585fc2fe6508860c22387c77b7431567bf9b897ae8aaa,2521
10.1061/(asce)mt.1943-5533.0002550,Eastern Hemlock in Bamboo-Reinforced Glulam,0485e591f246fa205762459d1661b3f5e58dd473d11db4aec012f14272805acc,1302
10.4066/amj.2011.524,"A cross-sectional study of socio-demographic determinants of recurrent diarrhoea among children under five of rural area of Western Maharashtra,India",358e09a0edd43f59aad14c37003cb4dea5116607eae9298ce1112e293005f165,1909
10.1590/0034-7167-2018-0649,Impacts of health of users with HIV/AIDS in a specialized service,dc977c50273e0c9ccaf9fe0b36ec4f70ed66fdba1ccc48599b3da61d203593b1,993
10.1086/670374,Can Warm Glow Alleviate Credit Market Failures? Evidence from Online Peer-to-Peer Lenders,16e616558e49b0396f28d68ceb72f0aff4f8761b00e300f06b7783aac89bbad0,668
10.3390/su11010293,"Sustainable Urban Development System Measurement Based on Dissipative Structure Theory, the Grey Entropy Method and Coupling Theory: A Case Study in Chengdu, China",9c18d394762d832eddc98716954b6ca021231a99fca66409c05a93f00b25cf45,1088
10.1016/j.agee.2015.01.027,Soil erosion in the humid tropics: A systematic quantitative review,3e6a5577c2bfcb5ec772574976760b3803666a1e9dd77f510801b83882d7db11,1674
10.1093/esr/jct022,Educational Heterogamy and the Division of Paid Labour in the Family: A Comparison of Present-Day Belgium and Sweden,54467867c70dc3aa9814df16d15970c5ee9c8377a4ca90b34641f2896deb3ebc,1374
10.2118/168489-ms,Conservation Agreements: Integrating Social and Environmental Investments in Liberia,f816e24f39a027c98db014fdf80f3bdfd8533ba60ca2765daee98d256bb2b377,2622
10.1016/j.trpro.2017.05.084,Smart Mobility and Smart Environment in the Spanish cities,95c4a6485186204dbfb63532a7b89ab62468f348a9d9ba88734cf5f31b60e3c1,1168
10.1080/13549839.2017.1397613,Causes of energy poverty in a cold and resource-rich country: evidence from Kazakhstan,64cf6f9cf7c49a7eaa8051c4272990f2a3354feaaf234f4b9ae807f48abe3a40,1679
10.1186/1471-2458-14-560,Decomposition of educational differences in life expectancy by age and causes of death among South Korean adults,a0abac3da83f793037c9fbf5ca6deca299eaff22c5e950d6eadd8b6d0194ac24,2108
10.1127/0003-5548/2011/0098,Income and Nutritional Status of the Fishing Community Residing in Coastal Bay of Bengal: A Case Study,b2142ff378baf29a691cb2e39f6d66377c93e6823f18715014cea33b62d9e9ac,1415
10.1061/9780784481400.041,Evaluating SWAT Potential in Simulating Watersheds in Two Different Types of Climatic Conditions,9b4be0c9c0d1f7fd897ffee06fbf429ade7d9a5d65ce307d1914d04fdb8dbca2,1210
10.5821/ace.12.36.5413,"China’s population policies: past, present and future",d5e847e2450a8a71e7af585ef1ee596646e0ec47e04f12808bb94fdaa54cbbc6,4229
10.1016/j.proeng.2015.08.483,A Statistical Analysis of Effectiveness of Energy Policy in the United States: Incentives vs. Regulations,127f0efdc679c803da012e439b363849b63ab6ada89aa80625a294619e03b00e,1305
10.1111/j.1461-0248.2010.01443.x,Global marine primary production constrains fisheries catches,6598927e916261df9187315ee0567d2de2e809b35595a035f44d62df99de1031,975
10.4028/www.scientific.net/amm.357-360.261,An Exploration of Sustainable Development of Indemnificatory Housing Based on the Idea of Mixed Housing,065daade3dd2f289e7e63b72d6b091881511d5725f304c04d65f3551b67093f0,869
10.1016/j.aqrep.2019.100215,An ecosystem approach to kelp aquaculture in the Americas and Europe,8ea9ebc3072f57847a33f902b745c76dafe3c231447fe489d6231b3a8044d93c,1909
10.1177/2057891118757694,Do migrant remittances improve the quality of government? Evidence from the Philippines,fc41ea52b01d477bb5490aecaeb30a8e9a05edabf02cc477f433b1ba8a854727,1544
10.1080/01431161.2013.875633,Spectral analysis of civil conflict-induced forced migration on land-use/land-cover change: the case of a primate and lower-ranked cities in Sierra Leone,82c30984717ad32c0ba93d74b9f9de1593cdee5bdc6d8fabf3c3136c30039511,1959
10.1088/1755-1315/391/1/012056,"Development strategy for the Sustainability of Liberica Coffee In Jambi Province, Sumatera, Indonesia",295e1ac9df5b372f5873ccf060c8afc9ca103277f804169882eddf8449b59429,1724
10.1080/18146627.2016.1224097,"Low educational participation of marginalised children in Botswana’s rural and remote schools: Interface between cultural, structural and institutional factors",25a680b71dc8514838acaa20f2b34a7bf656c627d82657d4c66a6c6f1710d33b,874
10.1590/s0103-84782011005000044,Ação dos térmitas no solo,b8d3b42d1dce7e0f677f6b1ed893e8c45dfe88ae36f6328bb52ec7f6beadff36,947
10.1038/srep33013,Rate of biological invasions is lower in coastal marine protected areas,5a3fbfde0a2e1ca4e8d07d9666e0c6870cae917fc8585d7f7d87c334d268048f,1102
10.1002/hec.2909,FUNDING HIV‐VACCINE RESEARCH IN DEVELOPING COUNTRIES—WHAT IS WRONG WITH<scp>IAVI's</scp>RECOMMENDATION?,c1d56de609ac94e275c33ae0c866b5bdbff42fe98af72d479c6b947e38c65667,772
10.1186/2048-7010-3-4,"The system of crop intensification: reports from the field on improving agricultural production, food security, and resilience to climate change for multiple crops",798c40e82d225488b4ac1d3330c74369a920802fb8034dda7d1bd6b6d57d304d,1322
10.1080/13504509.2012.654410,Reducing emissions from deforestation and forest degradation (REDD) projects: lessons for future policy design and implementation,5d5b7736de867d7931dba368628cb754c860db05587eb7d9057230022a1262e0,1136
10.1080/2331186x.2019.1656869,A flower blooms in mongat (una flor brota en mongat): An exemplary trilingual program,b3fbaae386ca13ab69898b10ffe7af82b497d7f098cef464fa0023f70bf7d065,1378
10.15678/eber.2019.070312,Convergence and Transition of the Eastern Partnership Countries towards the European Union,b2e25fadbc8d60462f6a2cdd8d5648d2a135e88533c4ec3c3f7989ca1a513ff1,677
10.1080/01494929.2017.1403998,"Poverty, Consent, and Choice in Early Marriage: Ethnographic Perspectives from Urban Tanzania",8890e6f9364eb256e59e904f27e227572a1804cfc090e52e81567b3860098c41,1374
10.1016/j.asej.2016.12.005,Examining the interaction between lean and sustainability principles in the management process of AEC industry,4d1277b4791316d96a9a5eb2d749830dcbe9fa09bad44ca438ff7e9c243156d9,1076
10.1590/s0102-33062010000200004,"Considerações sobre a coleta de Sphagnum no município de Cananéia, estado de São Paulo, Brasil",c56402a3a9689146b70fa6d5931b256c917b04f4c7f61dab7a9f8cb4fc1285a1,1374
10.9770/jssi.2018.7.3(11),SUSTAINABLE DEVELOPMENT FACETS: FARMLAND MARKET DEMAND ESTIMATION,2f99000b480195d5bc0bc7a4c8585408eb8bddd9f88baf99f22aba42c2bae10b,1710
10.1080/14615517.2015.1063921,Using rapid SEA to influence national planning in Namibia,29272f97e7f8c8ebdfa9fc4930b54d0fe8f4c20110900d8e4d8113fd9d528edd,1225
10.1038/s41598-017-10898-7,Recovery of woody plant species richness in secondary forests in China: a meta-analysis,db4080f832fb3e9fd3ddcae1c630b7c8c29da9d6609a4b38e3f87bbc7c6c5933,1344
10.1061/9780784482650.051,Protecting the Beach and Beneficial Use of Stormwater: Santa Monica CBI Project,535db00c848186c41f9d5de9b780c562325c14e3c81747d353fc699fb1c27223,1769
10.1093/ntr/nty036,"“Organic,” “Natural,” and “Additive-Free” Cigarettes: Comparing the Effects of Advertising Claims and Disclaimers on Perceptions of Harm",244a14fe24a19fdb23cb574645ca8374bfb8884a0a8c694bb15438f9ca270446,2195
10.1177/0002716213508068,Democracy at Risk? Politics and Governance under the ANC,8267bb78d6bc77e6c52c30c037ee02d331c861f7b8acf206def3808f26019ff4,1284
10.3346/jkms.2015.30.s2.s131,Limits to Economic Growth: Why Direct Investments Are Needed to Address Child Undernutrition in India,080c461f487ce13251127eeaf27e7daa661b11504e63b1fd574726c296a131a4,650
10.1016/s2221-1691(11)60035-x,Prospects of effective microorganisms technology in wastes treatment in Egypt,e4581f25d28aa4eecad4e7102de0f96f5247c99666fdd6f07deaee1a8ca4d73c,1536
10.15240/tul/001/2014-3-002,The issue of income redistribution,f45b54e8e7c0fa07f9bd6dc87470a47f3b075aad96d6bb47c78bd6317d87682c,2585
10.1109/wcst.2015.7414851,"Integrated optimisation of blast furnace gas wash water treatment, reuse and cost savings Part I: Methodological approach",613f8c29b44206bed7d7c577ad036f22f84953409202d53e0cbdd51145eb6ecc,1476
10.1093/oso/9780198805373.001.0001,Just Security in an Undergoverned World,09551f101fbb90916f5841ddbe8a9afa13a64a2d3d791a33fc531a78fcc4cd15,1673
10.17221/272/2017-agricecon,Sustainable agri-food products: A review of consumer preference studies through experimental economics,0fccbdc68be4fdce4f03d302d717736efb53dd5551c61f0a452a6f83ffda1c6b,1257
10.17979/ejge.2014.3.2.4300,Institutional quality and private sector participation: theory and empirical findings,1bf77c8b6bc702279d7fdff798c54f9f24b29d7e123789176b39502acca11057,1150
10.7508/gjesm.2015.02.008,Ecological approaches in planning for sustainable cities: A review of the literature,96f540c2b3879975967430776b9cc2697763b59c43d7bb08a70543b1244fb91b,1199
10.1109/get.2016.7916831,Surface gliders for monitoring aquatic diffusion process,b85d24da173b43073f1232878863b86f7ab3bc185f40990ab733fad9fc04881d,1401
10.1080/13504509.2019.1605425,"Lagged effect of exports, industrialization and urbanization on carbon footprint in Southeast Asia",b83d5ee5e20639e614f3379012a4d5c0687dc5abb556280bd8ebfba81eb4dcb0,1309
10.3390/su11092661,Transforming Municipal Solid Waste into Construction Materials,58e0566eab951eca21cdb6b831ce35f907865e02f1414e7596e5ef5b764dd653,1283
10.4324/9780203068380,Transboundary Water Politics in the Developing World,6219d3b2348f5472767a5c51a7bc2303b425e3f7c81e065bad08a809b47082ec,1676
10.3390/f9030099,Diversity and Enzyme Activity of Ectomycorrhizal Fungal Communities Following Nitrogen Fertilization in an Urban-Adjacent Pine Plantation,ef246a8f38c7762046e984cb5518be50fef74621fb684f2ee0c795f8cbfc07a5,1630
10.1186/s12960-016-0177-9,Linking communities to formal health care providers through village health teams in rural Uganda: lessons from linking social capital,5a0065d90c82e40cbc1272716c7da8881f4dd34f0e35aa3f4b0c4bb734e1e657,3115
10.1590/s1020-49892010001200009,Caribbean wellness day: mobilizing a region for chronic noncommunicable disease prevention and control,383677c65d58240601c1caeeb1d1885b7dd09e90dd04034594abfeb10d22fce1,1154
10.1080/02589346.2019.1687128,Land Reform and Belonging in South Africa: A Place-making Perspective,71ddce7be42f3a13188d73f59f67f5e3ecb6c404df921a06aeb26c6acc4a558a,1373
10.29158/jaapl.003830-19,Risk Assessment of Online Child Sexual Exploitation Offenders.,a033c86ecf84e089e83c076128698fbc6aa4c6b5b37f19c78017ceda3e6df4fd,1348
10.1111/josi.12129,"Divide and Rule, Unite and Resist: Contact, Collective Action and Policy Attitudes among Historically Disadvantaged Groups",9681b3023f547694db4fb1afc68eb2fc7c85aba61b9b3ee1293feb20e4ef7db9,1145
10.1007/s12439-017-0208-6,Symposium De toekomst van de informele zorg,10e4066f778282bb553dc74fa583adfad9aa337736bca012da3b3cdc41a90fcd,2183
10.1177/0042098013506048,Location-demand-based residential floor area ratio distribution method,5ebae376a9613c1c2e54ccb673fee9d5cf9531247180f05a646240d957732edd,1074
10.1061/(asce)he.1943-5584.0000663,Regional Extreme Rainfall Mapping for Bangladesh Using L-Moment Technique,9a361a9604ffb162d0b528321c61c509b8ee5dbf10c42b95c5d70035b15993af,2234
10.3390/ma12244242,Food Waste Materials as Low-Cost Adsorbents for the Removal of Volatile Organic Compounds from Wastewater,f9f451b3fc78e214f2d18b3ec43ede5d60fce1a98d5eb0680141525b0e9d706a,1368
10.3390/en12224399,On the Energy Efficiency in the Next Generation of Smart Buildings—Supporting Technologies and Techniques,c7d86cedc269306459b053e140fd0170e4e9c4cca7ae83b172f3eff3fa1a1080,1604
10.4314/wsa.v41i4.17,Water footprint of growing vegetables in selected smallholder irrigation schemes in South Africa,cccbd95018a2792c5d3b233cc0b3cfa0ac61101483b131514da2b6ea9955590c,1528
10.3280/ecag2013-002002,Alternative Agri-Food Networks and Short Food Supply Chains: a review of the literature,6e2c280b8d5466aeef7122db99b00701b78125eb6893b36a56d4c8dc19c8b144,2089
10.1039/b921910b,Etude du rayonnement d'une structure filaire par une methode mixte : formalisme integral/theorie des lignes de transmission,5d566c351675a5e53dac3a017f7536b5085d5b79f835cbdbfc9153107fbe190f,1956
10.12957/reuerj.2019.38440,Sexualidade e saúde sexual de adolescentes: interseção de demandas para o cuidado,aa638e1b8df2d1503cef95f9a9a8c279adf1a0226d6001338642b258d4736f3c,1040
10.1002/joc.3548,"The roles of water vapour, rainfall and solar radiation in determining air temperature change measured at Bet Dagan, Israel between 1964 and 2010",0edb212c8d75edc473357c4ae726168b4a2af0ed2f0c1eab524b6ac5439b3761,1834
10.24247/ijmperdoct201833,Static Structural Analysis of an Advanced Power Tiller Chassis and Chisel Plough,e5978b3224f4d70f6b618b31e75b62e19395cf69a2d500c6e44c25058bbb160a,182
10.15587/1729-4061.2018.131122,A study of wastewater treatment conditions for the poultry meat processing enterprise,382818c85d14c5a52f9b7166edbb96ab18f9bf5e7cbb76f0d68f01ccafa27538,1962
10.1093/acprof:oso/9780195135114.001.0001,The Green Tiger,8469ea3c29b8deed5fd75180b18685cadb6cf48244c2ba3f2100f39f1571da41,1718
10.1093/scipol/scv039,Resilient science: The civic epistemology of disaster risk reduction,37069eee5482ebf294fd21c617344dd7db91fd6cb709617fdbe12fee0ba2a355,999
10.1002/hyp.11072,"Spatial and temporal patterns of dissolved organic matter quantity and quality in the Mississippi River Basin, 1997–2013",f4b943dde603df0f1410d27995632f4f169cb70f439168b22165c79cadf94559,1961
10.1371/journal.pone.0077344,Algal Bioremediation of Waste Waters from Land-Based Aquaculture Using Ulva: Selecting Target Species and Strains,158825311526e03f34c32ee7314717a822b7c88702876bfee56ba4369933f84e,2078
10.1002/rra.3509,History and review of the habitat suitability criteria curve in applied aquatic ecology,c0a193d487af8dbb1faa0ccf426e5e7a87db01b788c9b354711cd01e8df48629,1604
10.1093/isq/sqy009,International Gender Balancing Reforms in Postconflict Countries: Lab-in-the-Field Evidence from the Liberian National Police,8f22f10f6298ce3e1f5a2656cd4f8efb774a24ca5b0a33f295652577e87a3168,1386
10.1145/2030031.2030036,Urban media,3e4c252b242787220ca13bce5a621f7959801999688e8a0c37ed454fdf2da123,846
10.1016/j.gecco.2018.e00405,Comparing pressures on national parks in Ghana and Tanzania: The case of Mole and Tarangire National Parks,f79b2d7c321fe40d934b96686e5d05d5032635e823b79af9b61a46947a379c90,1823
10.3390/su70912539,Sustainable Urban Development Calls for Responsibility through Life Cycle Management,a478270cffa811771816a1dd908d50746416496b36cc98f5502bc7bafb9d3852,1358
10.2747/1539-7216.53.1.143,"Water, Geopolitics, and Economic Development in the Conceptualization of a Region",c661833aa3c9eaa94cb081f9383e9346edcc34f554349e08944676228a696930,1112
10.1186/s12889-016-2768-8,Insecticide treated nets use and its determinants among settlers of Southwest Ethiopia,0800162d1fced204627516a64be3f4495ead4d51fd48fffdae65a0e2c3885301,2259
10.1037/tra0000288,The relationship between childhood abuse and violent victimization in homeless and marginally housed women: The role of dissociation as a potential mediator.,0d16b92c1cb34b28e9c7dd66b80508d99ee0393658322ae4429a9c174c07c225,1774
10.2166/wpt.2018.089,Optimization of coagulation-flocculation process in the treatment of wastewater from the brick-manufacturing industry,a78e905178f670a266e03cbcb6113d4492b2464194104aa4e8044a4d6c82380d,1407
10.1016/j.erss.2018.04.029,Energy infrastructure and the fate of the nation: Introduction to special issue,a8642eaa3fd4af52ca2a50ea3e8effa196fce0fb13f44a977c0d9346096ad5e3,2198
10.3301/rol.2016.81,Rising groundwater levels and impacts in urban and semirural are around Naples (southern Italy),5c16fbdaea7e652e5a4d5eb60cab679e13a53266824ae8d26f2984865207d725,2424
10.1088/1755-1315/248/1/012006,Retention Ponds Pollution Level Monitoring in Palembang City for Achieving a Sustainable Urban Environmental Health and Ecosystem Service,ce57be050571fcb21ac908b3abb3e94da10f37cab78168390e87fde30009052e,1002
10.1068/b38085,"Characterizing the Spatiotemporal Evolution of Building-Stock Age in Poultney, Vermont: A GIS-Based Approach to Improve Thermal Efficiency in Historical Buildings",4dad8abb85095ee61a493d610ef5188da7b98b8e537cd6a56b47452ae263f623,1327
10.3389/fbioe.2019.00024,Genetically Engineered Crops: Importance of Diversified Integrated Pest Management for Agricultural Sustainability,88526cdb4e29f38e58c98bedbeff002fed3fefe5deba008c8ba1dbcc61ab8b34,1314
10.3856/vol44-issue3-fulltext-24,"AnthropogenicSusceptibility to environmental variability of the aquaculture sector in the State of Colima, Mexico: case study",6de7443a2e7816f1b66686aab301f5465c9e7ee40c1b1b919ba1cf642302a21c,1012
10.1186/s13063-018-2804-3,Gender-specific HIV and substance abuse prevention strategies for South African men: study protocol for a randomized controlled trial,1f79239858e8802a5bee444cf407bfd99c3b3630cb97dc91ef5888328034ec90,1755
10.3390/app9224753,A Comprehensive Study of the Use of LoRa in the Development of Smart Cities,570f7b62aeba6f6e0377ef420ee537fd7316cab21e4725c93c42c9bb14729bff,1345
10.1080/00014788.2014.933401,"Modernity, space-based patriarchy and global capitalism: implications for Syrian women accountants",f13f2c4d294216c9b8561eb9068974e09aa495c7e14196daa29519fc57bc9eaa,1936
10.1371/journal.pone.0166403,"Land Use, Yield and Quality Changes of Minor Field Crops: Is There Superseded Potential to Be Reinvented in Northern Europe?",db3b6087d6dfb63d56d6e809c6865c42be826fd8894cd944f09562db77786674,1827
10.1080/03004430.2016.1203787,Development of the language proficiency of five- to seven-year-olds in rural areas,dec365abd46da5da7148672e1ea2cc7ffa14c4ab8b7ac923565200c8ccdb978f,950
10.1080/19962126.2013.11865072,"Sugar, Spice and Criminalised Consent: A Feminist Perspective of the Legal Framework Regulating Teenage Sexuality in South Africa",11d8dff49a9eea13d953a3f6641f0667672d884a3355abe34bf974e1a4116477,206
10.7326/m15-2766,Climate Change and Health: A Position Paper of the American College of Physicians,e577e35536c2781c27ec3cda3ee9e6fc20f5a9acfc62df56e8e406a982a3d2e3,1088
10.1016/j.proeng.2015.11.028,Royal Commission at Yanbu Environmental Regulations,def123800b908ec15cb7972d1556dd14bd1914dfbc39a0ee650740fc66d2f3b9,1970
10.5846/stxb201201060030,The estimation and application of the water footprint in industrial processes,08d7f5b5eb535f497e97927bf093a5d0505a98a9751f5fa36a544611fc05d702,485
10.1680/ensu.14.00017,A critical review of sustainable built environment development in Iran,7853bb548de8065566b1888fa8fd1aea919f9a1e2278e294d3da82006b26cefc,1229
10.1659/mrd-journal-d-11-00041.1,Energy and Land Use in the Pamir-Alai Mountains,863b44acb68961d3d64a286160ac28e8efb5950cd1dce0c993f4d7bcc658aa24,1207
10.1109/tmc.2015.2460240,Monitoring Aquatic Debris Using Smartphone-Based Robots,f4f71a8cb8350722e57be3edb37ba3629876e2568d461973da46672121272998,1138
10.1111/j.1465-3362.2012.00468.x,Knowledge and barriers associated with assessment and treatment for hepatitis C virus infection among people who inject drugs,77a9b356d7d788d8e6e658bb006932b25e541f4fb94833ea9223a6426d191ef9,1686
10.2495/sc131132,A green supply chain assessment for construction projects in developing countries,060494dc1e82d7e706572d5f97bff19f5b52f96e5bb07a2d92a17d45c6baf5f2,1604
10.1080/14888386.2010.9712659,Biological resources and poverty alleviation in the Indian Himalayas,6616c55d0a9444e61b89ed5d6860dacda691a1eaad8e0878215d39769333d114,1872
10.5558/tfc2012-030,Forest inventory and monitoring information to support diverse management needs in the Lake Simcoe watershed,a7e5589102ce9430882dc0160e1f480690a121812b5656218d4504356c060227,1056
10.1002/2015wr017016,The emergence of hydrogeophysics for improved understanding of subsurface processes over multiple scales,1b91413285327c92799644d40d1058c42abfa1b0f715b30284be69328c481cba,1857
10.1080/1389224x.2015.1074591,Results of an assessment to identify potential barriers to sustainable agriculture on American Indian reservations in the Western United States,167fd2a6e82153fbfcab6bd36fbd53b57b373aee7a9dcd3cefc883b7dbc8e579,2427
10.1111/rode.12130,"<scp>FDI</scp>, Foreign Aid, Remittance and Economic Growth in Developing Countries",a454cb436b7e99d1162e60d5a6eabda2b160fda5cb64c0af9e42eff732491736,926
10.3390/ijerph16071137,Maternal Employment Status and Minimum Meal Frequency in Children 6-23 Months in Tanzania,55b009594f6f2b01a9cdd47ed0de2df09b487d2e8e7198f59846d427f59addcb,1547
10.1109/icton.2016.7550699,Network coding for energy efficiency in bypass IP/WDM networks,b24ab2d88eed6d6dfc3cc87c890ff6323792a58412960d3a829328f822f42cf5,704
10.1371/journal.pone.0189637,"Poly-victimization in a Norwegian adolescent population: Prevalence, social and psychological profile, and detrimental effects",8f3079eabb6ed1f47695d9b76551819d282d377e15e27cc5ee8fe881f6a38d85,1698
10.1177/0886260519883866,Sexual Violence Among Gender and Sexual Minority College Students: The Risk and Extent of Victimization and Related Health and Educational Outcomes,d25ddeebcd674c3136e9f9418bd3cefe12f5a7920bef731a7e1d8757f42e1173,1955
10.4324/9780203802533,Ability Profiling and School Failure,7e47d62a05d9a99086fbf6d780b8ebfbf5e0d29200dcc0ec83af2cd5b828f6bd,1300
10.1002/ijgo.12488,"Acceptability of a text message‐based fertility awareness application for family planning in Lucknow, India",27dd6061e10f6107b1c2cb1fcc7b3d79e7e78d5f3b9db037c55bb3edd02c0326,1486
10.1111/ijcs.12127,A theoretical investigation of slow fashion: sustainable future of the apparel industry,238fe815051e8d78c5090ae33545830fc401f674dd631afe5ffb627d6f880827,2829
10.1590/s0104-12902015s01019,Desigualdade social em saúde na população em situação de rua na cidade de São Paulo,614002bedbd46ccd4c7795a5aa530873bc8f8ad798b3a1b5d3641c5e64b91983,1373
10.1093/epolic/eiw007,Climate policy,861619bdd680a1b49b1a2262e70292121f781ba5146125506f40f32894a3a422,535
10.1080/00220388.2017.1342818,Synergies between Different Types of Agricultural Technologies in the Kenyan Small Farm Sector,6de7035887d2881d2efd9fe959f5e80ff7593d0eafc0bdc7f46b26bf3ccdd6d4,722
10.1080/10382046.2016.1235359,The influence of ecological citizenship and political solidarity on Western Australian student teachers’ perceptions of sustainability issues,a0bcc5b447ec26a74991bdd77c30e225d28cb4851b3bc839b80d00fb66673d2b,1418
10.1177/0021909611402161,The Political Economy of Maize Production and Poverty Reduction in Zambia: Analysis of the Last 50 Years,793cbefe21b699729bd7f2afebc189363767b64cd64eea87b1dfb6228803ecf6,2092
10.1017/lst.2018.17,Legislating intersex equality: building the resilience of intersex people through law,5c04a5117a910e9342cf74f22fdc8b96a727ce7c6aacaa432d4ff7b516ab46f9,1462
10.3390/md12094912,Photosensitivity of the electroradiographic selenium layers fatigued by roentgen irradiation,880611a8020469c9fa054744579ecc24f0fa3e53d18191fb42e08833c70482f0,1330
10.1353/arw.2012.0047,The New Sexual Violence Legislation in the Congo: Dressing Indelible Scars on Human Dignity,ae0ab60adbdfa92264f893bfb22b3d7050446e70098121567e71ebe08df5391e,1087
10.3760/cma.j.issn.0253-9624.2016.09.011,"[Understanding the risk factors for infectious diseases, their prevention, and control, among residents of Zhejiang Province].",93f3b9b5e598f0c7595d66c406762c0ea32b52c0e7d91444076ae2e5cb143b86,194
10.1117/1.jrs.10.036021,Mangrove vegetation structure in Southeast Brazil from phased array L-band synthetic aperture radar data,dffc1e8d49a237340e4f1e341c462a520b488a504a885a2b65c14793c3018498,1299
10.1080/14733285.2015.972620,"Multiple identities, multiple realities: children who migrate independently for work in Southeast Asia",c16e711751b5f9f793d59dac59223f4124760ec877a17a47cfd8690bc8e66564,719
10.17061/phrp2841824,"Climate change, health and wellbeing: challenges and opportunities in NSW, Australia",883f7d55bc08c1cdad932f8fca5f10fc0b5cae8b33e1bd126f18c2405a84b78b,722
10.3390/su6063301,An Extended Input Output Table Compiled for Analyzing Water Demand and Consumption at County Level in China,b873db1ae05d8b9513e370e70665438f1f2fdf781bb4f83677c58d7378c1bb90,1792
10.1186/s40490-015-0040-0,Water quality in New Zealand’s planted forests: a review,ab65f3cd66c2df49a46f2f050cba496f5d5d5ea7753e498167ab531bd8bccd9c,2507
10.1080/02508060.2014.945068,Irrigation infrastructure development in the Limarí Basin in Central Chile: implications for adaptation to climate variability and climate change,94ad05051b780e482cf9e6e9c1be9302b0e7e8274e52d3554e1eeaf989451c60,673
10.1177/194008291500800315,Genetic Diversity of Boeseman's Rainbowfish ( <i>Melanotaenia Boesemani</i> ) Reared in Indonesian Farms Compared to Endangered Natural Populations,fda35b3e27e38a787f51abf868552d676f48cbbd5695c3268f30edb020a67c44,1523
10.1080/10643389.2013.763578,Recycling of Spent Lithium-Ion Battery: A Critical Review,f6e738e7b2dd6063bfeae25b526391b34868b2c2d78bdf5f518e8feb806e9d6e,963
10.1080/03067310903199534,Mercury and organotin compounds monitoring in fresh and marine waters across Europe by Chemcatcher passive sampler,53f8bacbde385acc42ed2677663f8001a69fcd09e48c5a49cb28e2f5fe20f67d,1543
10.1080/17565529.2018.1532870,"Socio-economic and institutional drivers of vulnerability to climate change in urban slums: the case of Accra, Ghana",a368483cc58e0eaeb0a2e14c42924d998de1b5ca6b5a28dea66d2a86d9aab237,1171
10.1016/j.jclepro.2018.10.078,Sustainable development stakeholder networks for organisational change in higher education institutions: A case study from the UK,9ef790fd00e4ef4206cafa385cb03883f5b499f73728cc9a8cf4dfadd9f02821,1703
10.4337/9781849805896.00009,University-based Entrepreneurship Ecosystems: Framing the Discussion,353b8457576cbd8cfe6712e8d6d4cafd220116293f889dd380e7dca788ba24da,421
10.13031/aim.201701351,&amp;lt;i&amp;gt;Onsite Treatment and Dispersal Technologies are Available for a Variety of Wastewater Sources&amp;lt;/i&amp;gt;,57ebd9c7263122fb350fb5aa81560a9fcb912e8ff1707593ce5995a25204e715,843
10.1177/0021909612444086,"The Swazi Monarchy and the Poor Performance of the Swazi Anti-Corruption Agency, 2006–2009",9345db02b81e1b1ed1a162397cab128ca5d9d8d1895ca76282a513d015de09fc,1279
10.1109/ieom.2015.7093787,Ranking of critical success factors in reverse logistics by TOPSIS,ab44b0d44b5d7d55b368f8bf8e1a5bd63b98e0512bf189972502bf7a64ad65a5,1073
10.1371/journal.pone.0065239,"Monitoring Dolphins in an Urban Marine System: Total and Effective Population Size Estimates of Indo-Pacific Bottlenose Dolphins in Moreton Bay, Australia",f65ae463a67de98ed2c2cd2031ba7f08c79ad62bd2ad058c5134ef43d9ae1fc2,2001
10.2134/agronj14.0171,Pig Slurry Residual Effects on Maize Yields and Nitrate Leaching: A Study in Lysimeters,a555818c75bea51c2139aaaa8897ef4eb21ef56bf0592341b4aa756401c440eb,1335
10.2166/wst.2010.186,Reduction remediation of hexavalent chromium by bacterial flora in Cr(VI) aqueous solution,9bea943af10a09fad7ef572764eb5a7136bc707026e6a77dca2f09461a8c71b1,896
10.3402/gha.v9.32443,Contributions of national and global health estimates to monitoring health-related Sustainable Development Goals in Thailand,30662b995285c58eedabd010cdef7078553f279d27f7d17e5388aa7e7f7e9f43,2248
10.1080/03056244.2018.1546686,‘Goats eat where they are tied up’: illicit and habitual corruption in Mozambique,de3906188af0dd1fbe9b325a793f18c41f5c5400cf49b7f683e45c1e205e3773,651
10.1007/s11356-018-1973-7,CALCULATION OF HETEROGENEITY EFFECTS IN ZPR-TYPE REACTORS.,7f19645c554b6d83987ed173e14c88c813c9b6a11c2fec538c0d84ddee0383ed,1617
10.1002/eap.1461,Brazil's worst mining disaster: Corporations must be compelled to pay the actual environmental costs,003e82f78266fc8cd6de94aaadedd66983f70418136c221f6a975645dd64715f,1407
10.1002/wer.1199,Water reclamation and reuse,3e932ac971d10e62d9dc9351c1faeb9d81718b6ea29e1ea9c812793137287da5,760
10.5958/0976-5506.2018.00168.7,Fabrication of Sewage Cleaning System,25d8baef11dd13ce87e937783ac6ef4c3bf8f45c015fb798cbceb544a9bcf866,1418
10.1080/14634988.2012.672147,Preliminary assessment of sewage contamination in coastal sediments of Kuwait following a major pumping station failure using fecal sterol markers,cd7f6261b4c7efe4620dce068b23f7abd70abb06d28745a2b4fca3b7f8a31c50,989
10.4324/9780203831991,New Labour and Planning,56a35af0e21d877e8ec0c52f6a0617c14911958e02cc4220665ea5f79d09a9c4,1293
10.5337/2014.211,Revitalizing canal irrigation towards improving cost recovery,784054df0018c600039eb5a770459bfc9c28c73fba0b08efcd9ae06a0a1f8001,537
10.1109/igarss.2019.8898549,Nexus Approach for Calculating SDG Indicator 2.4.1 Using Remote Sensing and Biophysical Modeling,780aa74572073153e3a772ec796e77ad2254d29e07a16de469a4d3e70cea7eaa,763
10.1017/s0029665117001070,Effective nutrition education and communication for sustainable maternal and child health,0431f5df12b9487e0db3d1bd60a1df1156a11425204d34c0ff28a90c885113de,1608
10.1080/13549839.2012.716414,"The local governance of climate change: new tools to respond to old limitations in Esmeraldas, Ecuador",c0978e686c72168d292a50e5ea3f624a010faf97ca440b678de8e46352a79d67,1018
10.1097/anc.0000000000000373,Leveraging the Skills of Nurses and the Power of Language Nutrition to Ensure a Better Future for Children,2bdd8af3d41fa61938e47d32be1b23f9254f690539b7fcc707c0d25a3bd89dc4,1921
10.1177/0886260515599162,The Impact of Intimate Partner Violence on Women’s Physical Health: Findings From the Missouri Behavioral Risk Factor Surveillance System,7d8f424bfc820bd755f357984d1218f98a3fc4fc4f886ede5aaf33eefbb3d593,1291
10.5901/mjss.2014.v5n1p531,Quality Basic Education for All: Challenges in Multi-Grade Teaching in Rural Schools,e28b7aa05ab621fbd8fe26f72ca8b8d019392284d136baea4d4cf39ac4d8ef6c,1607
10.1177/0192512113480054,Fragile and failed states: Critical perspectives on conceptual hybrids,cc7ae1db47f9c452a89b1fea9b61123b47bf44d127a7b58aec0c5634902c676b,1274
10.1186/s13052-019-0669-z,"Physical, psychological and social impact of school violence on children",cedfb6fa8f28fe93a0acd15d91abe561cf0f17812921b30e0a996359aa984bf0,1080
10.3390/su9122256,Effective Disclosure in the Fast-Fashion Industry: from Sustainability Reporting to Action,0dfe5551427b3c2961e24430bd44ba85a6eccd50a557f29ab34a0767d259741c,1438
10.1080/09669582.2016.1177063,The evolution of coastal tourism destinations:<i>a path plasticity perspective on tourism urbanisation</i>,1a235bb645b6796ac67e9ddfa8626ad21920cb30adab85c4077d028f43774923,1364
10.1111/cobi.12969,Determining the drivers of population structure in a highly urbanized landscape to inform conservation planning,073d0d8076b5cf6dddade1ad81d3f8f95a610c67604b664dac2f09796ff13261,1380
10.1111/1365-2664.13421,Using citizen science data to define and track restoration targets in urban areas,915c54998bfeca79d73baa2f95302689fdb14dec66d0f7f081e0e3439810189b,1709
10.18821/0016-9900-2018-97-8-693-698,ESTIMATION AND RISK MANAGEMENT IN THE WASTE TREATMENT,580f5bf544a74661fdf20d8af71be668eac5157480f0913beb0899194184b8ba,1878
10.1177/0262728018817858,"Tribal Land Alienation, Agricultural Changes and Food Culture Transition in Attappady",7a9dafd1bc0926e1952f60c0a583c1ca1790ef54c137ff15f705cee43fbdc5e8,1217
10.1002/wsb.401,Natural resource management in an energy‐constrained future in the United States,c01e7886986cb0b50433c759de58c7565a3cf795d18d3dc8eeac5a315363a289,2374
10.1177/0966735014555635,Religion and Gender in the Post-secular State: Accommodation or Discrimination?,aaea4db7ab7326a7eff30d8282b600aeb02c29bee7cf35b79e61802269ad2f7b,1055
10.1177/0030727019850835,"Role and use of independent evaluation in development-oriented agricultural research: The case of CGIAR, an agricultural research network",ce97480d0eb01c4a26e4c5171cdba8d7df1fa2cd8477075993388c00b7822f1d,1915
10.1016/j.trpro.2016.11.016,City logistics – A Strategic Element of Sustainable Urban Development,d9e99b4f84670f13f194311236d307cb0ab540cdfe7d58c6f6f353de508b9b62,828
10.1177/1070496512457289,Welcome to the Anthropocene,5dc9399b6a81ac406e2a8f240d1ac4cb7b29a806ef99ebaa2c6d65b18d8c3406,1033
10.3390/su8070595,Strategies to Reduce Food Loss in the Global South,b11bcd6a57b2d54a4628bb37c6d52395b1995d1528e07d79b45d49c3d38d9811,1902
10.2190/hs.40.1.j,The Adverse Effects of International Monetary Fund Programs on the Health and Education Workforce,6aecca3933eabb2be5a67787743013a28f34cbf79e843110de544ca802aeed5c,1569
10.1108/s1479-366020160000025015,"Just Give the Money to the Women: Overly Simplified Advice that Works in International Education, Health, and Development Initiatives",f403d1b0cf5e0f9d44ceb582c1f33bd6bab5b3cd70ec9a952832cda514ab7b8c,1325
10.1108/jadee-05-2013-0017,"Compliance with GLOBALGAP standards among smallholder pineapple farmers in Akuapem-South, Ghana",ac8624e2ecf4840a38b8d88a68d10ca3ea5af0cce251b85b201df431ef955db8,2030
10.1080/15475778.2018.1530925,The role of sustainable environment attributes in luxury product perceptions: Evidence from an emerging market,120a57ecfd708b5b55f8f3bd9b17a35ad3afcd010c8894c36234444f1cbcfbe2,887
10.1021/acsaem.8b00109,Plasmonic Graphene Polyurethane Nanocomposites for Efficient Solar Water Desalination,d6d8382b2d73237e1924ed6ca89605f731d6ec5ce6f38863b6fd4265f547b1b0,2900
10.1080/10999922.2017.1333943,Providing Solutions to LGBT Homeless Youth: Lessons From Baltimore’s Youth Empowered Society,fd6c16f8b9266a7b457f1e25308fd03ca93f541aef056465fee5957a833e4771,3151
10.3390/educsci8030104,Development of Digital Competence in Secondary Education Teachers’ Training,f39eba21b8de4f6e579251954593745a548fa2d48f0b0774dfbd060e867ef73a,1427
10.3354/esr00763,"Genetic markers provide insight on origins of immature green turtles Chelonia mydas with biased sex ratios at foraging grounds in Sabah, Malaysia",cc83bdb975b34383794e5f666392b6cc06ddb88469357026910ec019fcb492e2,1626
10.5408/13-057.1,Moving Toward Collective Impact in Climate Change Literacy: The Climate Literacy and Energy Awareness Network (CLEAN),81d20c89df270bd71829af067da7c492d2dc86dc83732558f3f4085286240e09,2382
10.4028/www.scientific.net/amm.174-177.2270,Impacts and Adaptation of Climate Change on Urban Economic System: A Perspective from the Urban Planning,a171cd2e70281c5884edcec7aa55885c331babafb22c31e606b6fb93f5f4eb76,926
10.1080/10511482.2017.1309557,One Strike to Second Chances: Using Criminal Backgrounds in Admission Decisions for Assisted Housing,139c06e07510296f077cda77b473a9ba8db0d67c1e29a631c12ca4101b7354a6,1034
10.3390/w11102078,Incidence of Subsidies in Residential Public Services in Mexico: The Case of the Water Sector,d0814fe58ace7af3985079de1500af18ec7f8f8ba60f59e7fb8ae33395fe8423,1342
10.1097/yco.0b013e3283476b21,Ill-health and intellectual disabilities,863af6122713bb4fa8148b53dc396d860354843575df69052f045f9bfa07a3cb,1526
10.1111/1365-2664.12103,"Reproductive failure of a human‐tolerant species, the <scp>A</scp>merican kestrel, is associated with stress and human disturbance",6e2b6011b517fc2f47a10bd62b46bfe32dc9990b0b714b5051ef9c020becdae3,2525
10.1111/1462-2920.13127,Analysis of ds <scp>DNA</scp> and <scp>RNA</scp> viromes in methanogenic digesters reveals novel viral genetic diversity,4a162781fad1075741d2d4424211d3f9d1a36fb1010f04a7f4a6d425db665ff9,1300
10.2478/jles-2019-0004,Decision-Making in the International Monetary Fund: Implications for Sovereign Equality of States,d6f411af0739f55387733acdf8086f96f627e770b38965998ef8f4580a46ce5a,871
10.1016/j.sbspro.2011.10.191,Bounded Rationality for “Just In Time” Education,8548930ee80d45f19f95416253e01cc2a8af8d4a4dab6ca7380d41a3518a8f67,1257
10.3390/su10010283,An Early Warning System for Oil Security in China,28726379a9fd3cd980ff4d1b0f1424a3cfe8c13ef5f37d936023644cdb7cb404,1380
10.1021/acs.jafc.8b00333,"Influences of Air, Oxygen, Nitrogen, and Carbon Dioxide Nanobubbles on Seed Germination and Plant Growth",e16f36666e74cace5bf7038c935291c93e37c5e682a0edf1a21b88bbc7fc7bb6,1003
10.1890/130308,A social–ecological framework for “micromanaging” microbial services,b7d7b09194d4c3cff9b2abcc2a7d7966d84a332fb77707667227731da26661bc,1385
10.1071/fpv37n2_fo,Drought effects and water use efficiency: improving crop production in dry environments,55bdf4c1b0374207c82404bb9e336693a8853fe6ac083c74a69e5f34d151303f,201
10.15666/aeer/1706_1446514474,IMPACTS OF URBAN EVOLUTION ON BIODIVERSITY CONSIDERING THE SUSTAINABLE DEVELOPMENT OF THE ECOSYSTEM,c400b3629a3dcc866e9c04dd7bf4f5499ecbe27bb08a127b7485fcd40cad97e3,1129
10.3303/cet1976192,A Systematic Approach to the Optimal Planning of Energy Mix for Electric Vehicle Policy,d78f55159a04de6a46f7418aea6602a62eeff538527b8f92f1288ce808531d6e,1902
10.3390/su11082286,Territorial Resilience: Toward a Proactive Meaning for Spatial Planning,bfccb896a9050e6c7989e985d239397f3c45a39c3a6fce0112f2c4f6e532bd99,1838
10.3390/su9071256,"Measuring Sustainable Indigenous Tourism Indicators: A Case of Mah Meri Ethnic Group in Carey Island, Malaysia",ddcbe9518eedc78571d02dd19980075f63d8b2a25aee93e8c2972ccefa94be34,1556
10.1111/aec.12494,Recent invasion of European red foxes (<i>Vulpes vulpes</i>) on to Fraser Island (K'gari) and South Stradbroke Island,a525c760ba46d6285af5d64c19615d3372212aca38f3c8b04dc176fb647b0119,1284
10.11934/j.issn.1673-4831.2018.09.005,基于“互联网+生态”理念与技术的生态文明建设(ECC)模式研究,9b267e5245ea19f004a1531a68ccbd2ee95b2004dc8f0ac1e1220ab3f615efee,379
10.1177/0973005215601944,The ‘Third Sector’ and Poverty Reduction in Developing Societies,4cb06a6ea6d0a2804874a22c55373bd3a638b9b8d0ab9d588160e52104165558,1412
10.4324/9781315115238,Routledge Handbook of Human Rights and Disasters,fcf4ccc33e4d4e5d5dec4c4568cb8e6e3008fd4f8aa852d6b595fa99205d24ce,1512
10.1108/jsocm-07-2014-0049,Social advertisements for public health and epidemic dynamics,75ac328ffda3080af28bf2b6c88403cebb73959136a612084db2f3499fa8f535,1614
10.1111/j.1756-1051.2012.01043.x,Comparative analysis of plants close to houses in urban and rural areas in the littoral region of Cameroon,bb5fef7296c941825c9cb94a3948a3422267a380a2faf6e8d7ca5895a4d39f14,1256
10.1080/02681102.2011.561279,"Researching impact of mobile phones for development: concepts, methods and lessons for practice",0237396f228529aed9d66d68d91f8d7685d0a2390c4bc9929adcbea8642c2ca9,1898
10.1016/j.crm.2014.04.001,"Managing the agricultural calendar as coping mechanism to climate variability: A case study of maize farming in northern Benin, West Africa",3ce197cfb63e4ab8e10b68dc54bb688badf25c0294e4fc2977f66844577a6bf4,1721
10.5901/mjss.2014.v5n8p586,"Community Members’ Knowledge, Support and Perceived Benefits of Land Reform in Rural South Africa: The Case of Mtunzini, in the KwaZulu Natal Province",b47a7a77e2b7ab25232aa487c0e8ba7907fd2b849d5688dfb7dc650e0a997035,1709
10.7203/metode.7.8187,An open path for gender equality in research: When women scientists question the state of science and the institutions embrace the criticism,0911bbba200872b53fb4c726918f71406d18b3127873b2711a8aaf9ac2b4ec78,644
10.1515/ohs-2015-0036,Hourly and daily variability in nitrogen and phosphorus in a lake restored by the hypolimnetic withdrawal method,6147bdfd4b43e56e4ba726f21b27455bf0310d8003420a63fde7081c24896992,1332
10.1109/iceets.2016.7583777,An insight to distributed generation of electrical energy from various renewable sources,f2cedb390bc090acde389ed27785f97f8e01e3dae9fd5e909b7050ea4ece2b85,548
10.1088/1748-9326/11/12/124013,A multi-model assessment of the co-benefits of climate mitigation for global air quality,2a2c54126a0f414b8ca4f220397ab526304de9addbd1db948eddf2cdcc0ff2ac,1079
10.3390/ijerph15081653,"Sepiolite-Based Adsorbents for the Removal of Potentially Toxic Elements from Water: A Strategic Review for the Case of Environmental Contamination in Hunan, China",c41730d6fea8585868f923d6787fe50d71bb797d149bd64ba747990364c2ad0c,1313
10.1504/ijsm.2013.058640,Sustainability analysis of rapid prototyping: material/resource and process perspectives,f7e187b8bd504e8f429ec81eb30823054e6bdd5815c44bdbf248db13567d83d6,1375
10.1108/pm-12-2014-0053,Factors influencing women participation in home ownership in Nigeria,e9639405f8a861619efca172fe2f3e52a17f559860834910e7b9a634ad5aa1a7,1671
10.1371/journal.pone.0025145,"Assessing Historical Fish Community Composition Using Surveys, Historical Collection Data, and Species Distribution Models",8efdc9dd16dc9c23ea480aa402362eac4102d29b7274b43fe0674f114cb787fc,2020
10.1051/e3sconf/20199602003,The role of stakeholders in managing polythene and plastic waste in coastal cities of Sri Lanka: a case study of the Dehiwala-Mt. lavinia municipal council region,a1b1570c8bbf6988c855fb082880ec68f3f6bf20900d8fb1145b1821e0dc42ae,1345
10.1017/9781316584484.012,Future Shocks,dc9594f73825b4311038f7dd26fba2accc3761a91383ffe721b03cc61257e97e,159
10.1111/ecin.12174,BUYING THEIR VOTES? A STUDY OF LOCAL TAX‐PRICE DISCRIMINATION,11dfb830348758b56afa6b966c5cabbdb9ce36a0b3f96ea95de761da6edb0bbf,935
10.1080/23322705.2018.1486630,Does Human Trafficking Extend Conflict Duration?,14a40278f2a65556a5d90cb528231dc9f1177aef29cca72332e65329d4380248,1105
10.1002/9781118287705.ch4,Green Chemical Processing in the Teaching Laboratory: Microwave Extraction of Natural Products,a46a8f375d45ad53277f34da36166030f2d2639146d9abf867f492f40404663c,124
10.1504/ijsd.2019.104727,The concept of sustainability in hotel industry: current dominant orientations and future issues,d5cb226aa7772a66a26741b96a54fdea9930fb82bfc75b9fa27c879953febe28,1198
10.1360/n972017-00799,On the development and education of the discipline of Earth system science,8673968cefdfe012c2d5bd593d2848f3ff9ebe2e62e85534cae07e0ea69f5adb,4069
10.1108/aaaj-11-2017-3242,Accounting for modern slavery: an analysis of Australian listed company disclosures,207fae30cd96e34210b62a45ac4fff9609db9c9184b1f67ee0800ff4e5502c82,2157
10.3390/su9050756,"Trend Analysis of Water Poverty Index for Assessment of Water Stress and Water Management Polices: A Case Study in the Hexi Corridor, China",6a507ca2851c01954e7eef453905f4c7c51f4563cf25b4149d99abb10f20101d,1359
10.1021/acs.est.6b06039,Cultivation of the Marine Macroalgae <i>Chaetomorpha linum</i> in Municipal Wastewater for Nutrient Recovery and Biomass Production,227bfbde8677f4996bfecee9af112987374fe10b8d4439b8e9e6c39a38b6a20f,1463
10.1016/j.erss.2019.02.003,The integrated offshore grid in Europe: Exploring challenges for regional energy governance,cc6e8fc56d965b1d30699cea088711e9d43ab5dfc62bbc4d9c7a3624cb0d7313,1298
10.3390/ani3020401,"The Future of Pork Production in the World: Towards Sustainable, Welfare-Positive Systems",c02444542121903fbff316388362fc4d0d5331a5ccf26a392addb95f71b80d3d,1907
10.1080/13504851.2010.537625,Evaluating poverty duration and transition: a spell-approach to rural China,33320acd2693f708d8c371d95b0a000d48efd662bd06a93f5fdfd499c0235d81,693
10.1177/2158244018774611,The Impact of Fashion Involvement and Pro-Environmental Attitude on Sustainable Clothing Consumption: The Moderating Role of Islamic Religiosity,6d94d7039cc342a442f46cdc57e961610dc086edc327b08a84ff721ee54834d4,1243
10.1002/psp.1877,"In-Between Stability and Subtle Changes: Urban Growth, Population Structure, and the City Life Cycle in Rome",5c5c8e84507c4da66e0d12583115650293db95c34617c307e3e581c6e57969f5,937
10.17323/1996-7845-2018-01-07,The World Bank and Fragile States: Dynamics of Cooperation and Aid Structure,e9bda3fe89080d280862f3ee576b1b2c392fcebbba59b43417f196a727c89c70,1971
10.2495/sc170471,"THERMAL PERFORMANCE, USAGE BEHAVIOUR AND FOOD WASTE OF DOMESTIC REFRIGERATORS IN A UNIVERSITY STUDENT COMMUNITY: FINDINGS TOWARDS CITIES SUSTAINABILITY",39c8b2b04c2c3a0f584b846423c711b79d8dba0564de3e81252b3af1bf8c4470,1961
10.2495/eco130151,Cultural districts and territorial development: the New Forest National Park,e041ba24185481b0d673ae6e8522d8d701d8c58a0d8610a89b3048004db96b9e,1757
10.1073/pnas.1820701116,Objecting to experiments that compare two unobjectionable policies or treatments,e4d530172687fb6dbe300084bc4059dd9a584fc5c0114296ac5e34a240c34a24,1635
10.1086/677663,The Breadth and Causes of Contemporary Cross-National Homicide Trends,2e135eaba32674521ee7ca3e4075ddf86d8a5d3add2ac14f3ab625590013f967,945
10.1177/2158244015588602,Environmental Foundations in Germany,fbdbe873f59158db525654791ec7d9da9e3bf06a6bc4fc55fb2ea9da6899578c,844
10.5846/stxb201507301608,Assessment of urban water metabolism based on integrated analysis of available and virtual water: a case of Xiamen in China,f71ce25f1b1a1c638e54d5cd8d6454d912767f7b15627754772c9c20104b9068,356
10.2166/wqrj.2018.003,Recovery of particulate matter from a high-rate moving bed biofilm reactor by high-rate dissolved air flotation,9fdf3cbc49d7bbb3d838ea752d2cce1d1c5f6c0b973073ce0ef8f7860a12fcc6,1305
10.1139/cjss-2018-0046,A review of preferential water flow in soil science,789ea62883ac8605fbb2d390ce9cd1b08dd7e2de9b4f9227dbb6dd886e089da7,1312
10.1093/wbro/lky006,"Governance and Women's Economic and Political Participation: Power Inequalities, Formal Constraints and Norms",82e33dfbcaf351437563d5edadf26fee4145d48fb4efcb0ed0df9f367d36d84b,1022
10.4324/9780203720233,Community Development Approaches to Improving Public Health,039692c5629f1029152899a1d3315f3a1178f12c1f9acc573344fe58c949ea79,1839
10.1016/j.foodpol.2014.05.005,Adaptation to land constraints: Is Africa different?,5b870191eaf72184d3eca2875713638d6fa2731718574e0e9189b9a85e1abd6e,1350
10.1016/j.ijgo.2016.06.004,Overall and abortion‐related maternal mortality rates in Uruguay over the past 25 years and their association with policies and actions aimed at protecting women's rights,8e10124efc7c140296715d05703e15684467cbf022317d8f348a5328d6a07946,1304
10.1002/ehs2.1267,Conservation and sustainable development in a VUCA world: the need for a systemic and ecosystem‐based approach,5778c0fbd1c44f40e14d74247888697522ef21bca1f3706619577c1985b0727f,1714
10.1080/13657305.2017.1356398,Labeling farmed seafood: A review,7a2e2554ab0c3eb0784a59ef3892f4d2026fd8796b725517c085688c4aedeb30,986
10.3920/978-90-8686-749-3_6,Discourses of community forestry,e496730cd1e4881821d81f06dca2388e6475bf1cbfcf44c4af0db455acbc7583,2104
10.1002/joc.5947,"Hydrologic responses to projected climate change in ecologically diverse watersheds of the Gulf Coast, United States",b0b2b9a23690e8f7ec4b3409781e324581e07d4c94c6dbd125b338a6279c9321,1785
10.17159/wsa/2019.v45.i4.7533,Policy implementation considerations for basic services: A South African urban sanitation case,876f1adb80b7f30a3ca8b6d69ffe5cbbfe1aa863a4bf37b186d2f037a2293a20,1434
10.1088/1742-6596/1402/2/022044,Problem solving improvement through the teaching factory model,62cb3792e59390b5f0ff30b78cbb34ab3356757259c6535cb25cf189de6077aa,1240
10.3906/biy-0908-35,"Effects of plant growth promoting rhizobacteria on fruit set, pomological and chemical characteristics, color values, and vegetative growth of sour cherry (Prunus cerasus cv. Kütahya)",2a86dc402818f4129dad4d9d50b1e7af95df8743eac97dc3c02831133a41e7fe,786
10.1016/j.heliyon.2018.e00878,Energy efficiency as a driver of total primary energy supply in the EU-28 countries – incremental decomposition analysis,5e5ac33d6395a40d858c3a794044b427c4c2473b7eddf102878a1a5ec1a2e801,1188
10.1007/s12053-018-9662-4,Optimal durability in least life cycle cost methods: the case of LED lamps,2fd38e583ddd73efd4a0783397cba11e35de81acade8cc1dac13a55c7a9e524b,1660
10.1088/1755-1315/296/1/012048,The Social Manager as driver of social innovation and of inclusive growth in the regeneration of built environment,0ecf715f93efe7b9b9fdad0c25fb93a1a67d8d16b5de96602248b3a0b8275eba,2546
10.1108/ijm-08-2018-0283,The paradox of the contented female worker,8f0a97af24e22fc04c1de6e100df055e556f3001eb62e7628606d6efbcceaed8,2274
10.1007/s13753-015-0053-6,From Yokohama to Sendai: Approaches to Participation in International Disaster Risk Reduction Frameworks,a7795dede6668dfef6539fbcc47ebc5736bf659d161e9e3f8217575b4de247a8,1203
10.1007/s11027-015-9669-5,Urban heat indicator map for climate adaptation planning,3870a2c8d0380ef2a808767a5acdf44dc498fec87ebc9432e7faabedcfc95fb5,1502
10.2174/1874613601004020067,Implications of Patent Pools on Innovation Regarding Antiretrovirals§,acf8e72a2d946f68647a5b8b737ddf4b2b5e10b77c376feb4f9c76304ed51bee,1457
10.1177/1063426617740561,Enhancing Social Inclusion of Children With Externalizing Problems Through Classroom Seating Arrangements: A Randomized Controlled Trial,91cc793915e5724ef71d4eb85e4bb485a98d7402e283e5e01ceb91b70a9e0e65,1286
10.1117/12.2245397,"Assessment of anticipated runoff because of impervious surface increase in Pune Urban Catchments, India: a remote sensing approach",31113b81c79d2fba759053673b7c9f4f2e6ee41a0ea46eecf9644cb5bab94261,1030
10.1039/c8gc04066d,Construction and optimization of microbial cell factories for sustainable production of bioactive dammarenediol-II glucosides,36cc719bf07e2a65dd3afb96532bc3749ffd3379b8a5b4ab423592cd26ba1e23,140
10.1111/reel.12308,"Measuring, monitoring, reporting and verification of shipping emissions: Evaluating transparency and answerability",3f2944bfcd3e18fcbf9bcabeeff336c711fb94b1c35624ae45c7396777a98244,942
10.1080/13504509.2016.1230077,"Landsenses pattern design to mitigate gale conditions in the coastal city – a case study of Pingtan, China",1a788c02756a5911193e4140cf84a785a295d4682565c87f677a09ca9b6c5659,1290
10.1080/21513732.2017.1349836,Ecosystem services and biodiversity trends in Mozambique as a consequence of land cover change,4025be33aeb3a91ace20c2591d57201122ad4f54fc984fa1d7dfbbc9f34a28ff,1177
10.1186/1475-9276-10-31,"Determinants of institutional delivery in rural Jhang, Pakistan",17442599d14deb14f8b840a10f3d02bc278141365478e68fe269dce7b691d84a,1902
10.1093/jsh/shy112,“The Place is Gone!”: Policing Black Women to Redevelop Downtown Boston,a5fdbef0e5128140f817c7a634d0e9de9e8344cbf8e614cad5c0edce653219b5,1671
10.1080/13548506.2013.819438,Is it acceptable for a physician to request informal payments for treatment? Lay people’s and health professionals’ views in Togo,815f0ecf4968333f6515a024355e4b298bcb26c8c2df1111b853f2e096a95d6a,1170
10.3832/ifor2535-011,"Hydrological properties of litter layers in mixed forests in Mt. Qinling, China",a08f83fb95873a57f3e8cfc04609f5b25201feef2156031a82ede921588412e3,1984
10.1111/ajps.12119,Politics by Number: Indicators as Social Pressure in International Relations,4099ad5b167db7caea0bb802f4aebfa52d483d465d13d73f1d4ac423f5aef29e,933
10.1108/ijbpa-05-2016-0011,Green maintenance for heritage buildings: paint repair appraisal,807acf8375134e71f47a71e931de246f0f948dfcd99bc81a8e7a7eda3fa4dc0f,1806
10.1109/ic3.2018.8530550,Green IoT Systems: An Energy Efficient Perspective,dca789ee58689a706e4cf93c6f4e6f24027a80e31833c63a91fabe1775d3cfe1,915
10.1111/ijtd.12162,Legislative protection from discrimination in access to employer‐provided training,40bbcf6e8b97a3772a71b5d1ca405e65309d49245735105d53ed4ab1462c89a4,1087
10.1080/00074918.2010.503562,Low carbon growth in Indonesia,c16998ebc08dfd76da16d257938af2f67e600925844d2820058f794bf0b17036,1081
10.1371/journal.pone.0102090,An interdisciplinary method for a generic vehicle routing problem decision support system,3b687c20b485a5c37445bfe99c8b2a18b91c4a13d095051ac7cde415d94f79f9,1600
10.1186/s12889-017-4473-7,"Immunization, urbanization and slums – a systematic review of factors and interventions",6cf8274b9153e64b46175958920a956cb0ae2401a4f86023e8f750973d904709,2133
10.1108/ijlma-06-2017-0129,Employment discrimination laws: a country level analysis of voice and accountability,3a4386e1bafe4e19f4e3a782ebdafdcf3a0806a7b7331bad4af1ebc72ac55648,1026
10.29063/ajrh2016/v20i1.2,Review of Sexuality Studies in Africa: Setting a New Post-2015 Research Agenda,f15a5730bb3f4ecf56a98ee1753d3a593a005c5c3b5ab86f6cd096896be7f86f,836
10.1093/ntr/ntu034,Secondhand Smoke Exposure Among Nonsmoking Pregnant Women in New York City,fe27f1f4cc286da7932174db2450a20c1012b2e1f9cb7af0124c864fa61dda99,1701
10.2166/wst.2011.820,Climate change mitigation by recovery of energy from the water cycle: a new challenge for water management,fc78b11a03cae1d6742babb2e51ec2ef53bf4194ba648ce351f0dd42c37512f8,918
10.1136/archdischild-2013-305737,The post-2015 agenda: staying the course in maternal and child survival,f7ffa48197c883f45ac4655e92e146449ddf870c88460e9101307cd2ceb08959,1539
10.1080/13504509.2016.1235624,The sustainable development oxymoron: quantifying and modelling the incompatibility of sustainable development goals,f1fb3683b2c381edb88a30077ea93047029c159c40fd35dcd49012a857e76b13,1153
10.2166/wrd.2016.072,Assessment of membrane fouling indices during removal of reactive dye from batik wastewater,39e78bef9aa05e60f54fe11941a8cbb56152fd29ac3abe6d252f684234a98882,1250
10.1061/(asce)wr.1943-5452.0000581,Integrating Supply Uncertainties from Stochastic Modeling into Integrated Water Resource Management: Case Study of the Saskatchewan River Basin,4a9bc882beb79f39ef45b9f2c46f3849c0a4324bcd9e1f81f09d96a514f2cb17,2525
10.3390/atmos10070423,Perceived Climate Variability and Farm Level Adaptation in the Central River Region of The Gambia,9761baf441b98599740cd35ab0e4c537bc0b4137eaa3587eb00dc2357e8cfe53,1760
10.18267/j.pep.464,The Role of Remittances as More Efficient Tool of Development Aid in Developing Countries,7f3a631b449ec044447eb6abbdf34f13d39fda97ce2d37b6c37103e576623ed9,1071
10.20506/rst.35.2.2531,Towards sustainability in the extensive and intensive livestock sectors,e5b77618f0f334d82fbd2161cc2f4061ee3c3125132a8bb8ca7293ec850915d1,1261
10.1080/14616742.2012.659857,"Gender, Ethnicity and Indigenous Self-Government in Oaxaca, Mexico",6ba5a3b79f7638fbece3a4d51bbf655dfe706e78384f9753bf84a9183a90399a,916
10.1080/13642987.2013.831697,Virginity and early marriage customs in relation to children's rights among Chergashe Roma from Serbia and Bosnia,803f978decd9a73303447fb137cea4bec1d4c2c0d0d783036dda16432e47d13b,1417
10.1080/19439342.2016.1206607,Can self-help group programs improve women’s empowerment? A systematic review,cf6fbb0c6edfd0156fdf00a789029482b96d957329d5e669a3d4a87076ee71c5,1456
10.1016/j.procir.2019.01.049,Porous metal bonds increase the resource efficiency for profile grinding II,21d29a977aaba0d2e295400deb395bb32dc3fd530be9584506a356d7acc2c8de,886
10.1371/journal.pone.0183107,Declining survival across invasion history for Microstegium vimineum,d797105ede3382e28d67c25e02838c0e20a00c6d01cdf92f8f6146f486c00423,1764
10.1109/istas.2010.5514615,One hundred reasons socially beneficial technology might not work,0706fc9aefa44fed5e10741c51fb4eaab2128a2a074cb1e022a27b19dd02c4e9,859
10.1111/fme.12397,"A selective and low impacting traditional fishery, sustaining the economy of small coastal villages in central Mediterranean: Keep or replace the small‐scale driftnets?",2d18c8b0e02809fa0d6fe2b23c3b26c921f83efa6104102c4107cef25002ee66,1465
10.1109/ever.2015.7112976,ADEPT: “ADvanced electric powertrain technology” - Virtual and hardware platforms,64968f927277db022a29d2741577875a78a96a664ccfce17f0ec7c8b862c3df9,1385
10.1080/15564886.2019.1567637,Under their “control”: Perceptions of Traffickers’ Power and Coercion Among International Female Trafficking Survivors During Exploitation,6c1e9efeea481ab784cea11faf1a2b6e0b30b9c58e10b65b7c343f85c49223b4,1295
10.17660/actahortic.2010.851.37,"SOUND SOIL MANAGEMENT FOR PAPAYA: CASE STUDY OF THE NORTH OF ESPIRITO SANTO, BRAZIL",b87594e6485e73b3cbaceae7bd214db11bc14a4d6ed9647fda7a2f4c3677325b,3078
10.1111/cobi.12319,Optimal Management of a Multispecies Shorebird Flyway under Sea‐Level Rise,4a314075a8fbf727b226ae061d0628d24cb0138da08bbc6360e14bf791ed8c72,2048
10.1080/09669582.2015.1136636,Everyday climate discourses and sustainable tourism,32be8559174cec8ac137b9b5d94888358e74f63f6ba3f408e39a4cadef681041,1178
10.5267/j.dsl.2019.6.001,Selecting top fisheries sub-sector in each sub-district for sustainable development of archipelagic region in Indonesia: A hybrid fuzzy-MCDM approach,d09058ee0077df94342a2d6372cbdd2094834887c9e55f4f48104737b959d735,1787
10.1186/s12966-015-0284-3,"Influence of culture on dietary practices of children under five years among Maasai pastoralists in Kajiado, Kenya",f79045ed8f0bacaa870c5427fad5959ce7c17631090c24b805a7b9e523f1faf7,2170
10.17323/1996-7845-2017-04-169,Global Governance and the Role of the G20 in the Emerging Digital Economy,fa1941db8226f14eed85d2c7ef83a72bc49c6dcfac5749b339e1d21490296b16,2489
10.1108/whatt-12-2014-0045,Finding the win-win,2fb18463fed1344cb1a515885ea3177fd7bee0545b2ca1f040616504ff322b12,1226
10.1016/j.ifacol.2016.12.203,An Emerging Industrial Business Model considering Sustainability Evaluation and using Cyber Physical System Technology and Modelling Techniques,c65b78a52e00ac3a709691ba229c593372c9705223b62341f14ee658914b4713,1447
10.1080/15313204.2014.964441,Sexual Violence Victimization and Associations with Health in a Community Sample of Hispanic Women,c6fd1c210fbc24c09b7118fe78091ff60873e1e9f6d081a0c89ca5e4f5e2da23,1103
10.1109/itmc.2018.8691223,Potential Impact of Industry 4.0 in Sustainable Food Supply Chain Environment,fce170ef71e259643060640cf21ef8d60881c0a73a138489af96d816b1e2a4c4,780
10.17645/si.v3i1.170,"Recognising Effective Legal Protection to People Smuggled at Sea, by Reviewing the EU Legal Framework on Human Trafficking and Solidarity between Member States",74fbe7087bb468263be4443cd147b1ab48b23393afe2c5bbc87f6b1e2d94c591,1044
10.1007/978-94-6209-875-6_6,Class on Fire,3eff8fb740f231626800384a36fd7c50f24de78b8eb039b406d697fcedf55a3a,471
10.1177/1079063210372143,Child Pornography Possessors: Trends in Offender and Case Characteristics,d16e20634322894c941d6c7ca7824b87ea89a38aa0b88da0c27ca6f499178983,1478
10.1142/s0217590819420025,INDIVIDUAL’S BEHAVIOR AND ACCESS TO FINANCE: EVIDENCE FROM PALESTINE,4d0eb9a19dfd8336c7f130f17b0fd36e560b16d13b6a62b93c3b2f67f28a73bd,1447
10.11591/ijeecs.v17.i2.pp728-738,Evaluating the tracking e-Files prototype project based on the task technology fit model,3acbc57d312f725261a67f75755813d06ea04442afcb3029239bc72c5409ee27,1828
10.5829/idosi.wasj.2014.30.07.14086,Some Demographic Aspects of Chinese Population in Malaysia,7a44f3f061f833688148618cb28b39798e51a5b7134f5f92490b0acfe7e8ebca,961
10.1117/12.2067127,Monitoring and predicting eutrophication of Sri Lankan inland waters using ASTER satellite data,c2d67bc450d2c4b3ffb504154921b8a5e43307045f307fd959f9f6d1a4f57fbe,2236
10.1002/ldr.3180,Analysis of drought and vulnerability in the North Darfur region of Sudan,04e14eb75aae080b732ef1e6032f74dfe73068acf48c6196eb7ff83c03e24de2,1748
10.1080/09557571.2012.734779,Brazil as ‘Southern donor’: beyond hierarchy and national interests in development cooperation?,703ab7c2916cefa2ee7ad8a91634c72e7a3d2b2adc1c5bb658f882e7e197ae22,1109
10.1080/00049158.2010.10676316,Selecting hardwood taxa for wood and fibre production in Queensland's subtropics,e161d0d3f698cf6c9d62a07e41fbb01937bcf5203da8351bd3dabe7a1674c0e6,2005
10.20937/rica.2019.35.01.17,CHARACTERIZATION OF PULP AND PAPER MILL WASTE FOR THE PRODUCTION OF WASTE-BASED CEMENT,17cd10723b1adb3e43770d8189dd31fd6fcdf552aef62c83d8ee3d9d73671df7,1348
10.2166/wst.2013.806,Experiences with anaerobic treatment of fat-containing food waste liquids: two full scale studies with a novel anaerobic flotation reactor,62df22801c06ca11e5023037797cefb1448c177c0cffd4a51c681f7d9cbf0484,1275
10.1177/0956462418799018,Correlates of HIV prevalence among female sex workers in four north and east Indian states: findings of a national bio-behavioural survey,d6a7705f15f1ee2f27c731ba8c4556c7139e737414286464499555f6bd813c4e,1291
10.1080/13504622.2010.486477,"Tensions and transitions: effecting change towards sustainability at a mainstream university through staff living and learning at an alternative, civil society college",3b8025a21155b0a8c3f11639311e69d1eb89b28348bba739c8c116b0060b7a9e,1211
10.4324/9781315722245,Reconceptualising Agency and Childhood,acd29cd1d0ff8f66e53155d611dc1e07e73c7dcb416498313d3badbb002d3c7c,257
10.1111/ecot.12048,"Poverty, inequality and growth in Albania",6ecf2b542aa590716eaaf768059853c9b623df34574ddc5cd3fcf4bcadbc2e82,1042
10.1109/glocomw.2011.6162361,Group-based underwater wireless sensor network for marine fish farms,4777326254d357b1c188d4c7225fe5182b44591aa26efde75d425a0282817f5f,798
10.1504/ijtpm.2011.040402,National innovation system in a least developing country: the case of Pakistan,bd784265b248e4f72e411857ab7af706fdf31f48307ca21e078800f30fafda15,1291
10.1080/14616688.2011.597774,Determinants of Tourist Behaviour in Coastal Environmental Protection,ef05622df8ccb6b4cdad96ce67b87f3bc09f071f3f67543d9dfb3c52bb3201d1,1202
10.1016/j.rhm.2015.11.004,Assessing political priority for reproductive health in Ethiopia,72043aba0893ae4f20bcb54903e8182b9a455c6ff030808c6570eaf135662104,5437
10.1515/peps-2018-0007,Food Insecurity and Conflict Events in Africa,5d5720c1a4f3cabdf49cae50919952b7d89593178896dbe87e5029b281786d41,1249
10.1016/j.ijgo.2014.09.026,Analisis Penggunaan Sakarin Dan Siklamat Pada Manisan Buah Yang Dijajakan Di Pasar Petisah Kota Medan Tabun 2003,44e442af4150d1ff87881ead8004811e8ac640bc66d2fa3154449c46164a6b08,181
10.3390/ijerph15040810,Trace Elements in Marine Sediment and Organisms in the Gulf of Thailand,719bced212386b6cdf9bf591b81f4d73b768d127ad6317ad759ff6e79325ef19,540
10.2298/tsci100505006g,Energy efficiency and GDP,98b794726a25e33ef5810b0a06b5a30b6daa5cd10ce15d0820f9ae0f099cc6cd,1037
10.1177/1464993415608067,Dimensions of the current systemic crisis: Capitalism in short circuit?,5734276121bb9c3f51a9eebe6cd1ce3be74361bc48038de47c1b8ae0b982f020,831
10.1108/bpmj-02-2015-0022,An integrated model of factors affecting consumer attitudes towards online shopping,7ebe76cb84c5079f5c0f75d30b8e466fba55ec103fdb3945e748c63dcd064288,5076
10.2174/1874291201105010026,Piloting a Savings-Led Microfinance Intervention with Women Engaging in Sex Work in Mongolia: Further Innovation for HIV Risk Reduction,e729c9f6e7ab225c7ec2d21da3d1ef7f610fba84b5da3100f8b06c701efcd0ea,1709
10.1177/0886260519888205,Prevalence of Intimate Partner Reproductive Coercion in the United States: Racial and Ethnic Differences,6746630ff4f13d4d01c8b62f376a06f5e4e4a56d817e8d32fa22eb39bc5f0c04,1681
10.1080/00295639.2018.1503858,A Review of the CFD Modeling Progress Triggered by ISP-47 on Containment Thermal Hydraulics,b770c58b57db70ad9c5fb07afa9779756b1aea6f53a950da1fff66f05b0400e3,1554
10.1111/cdev.12021,Discrimination Concerns and Expectations as Explanations for Gendered Socialization in African American Families,fe9f139ff312bbc0d55fb57e8020b3f236cc2085682db973e0b2526753b450b7,930
10.1061/(asce)wr.1943-5452.0000112,Evaluating Water Demands under Climate Change and Transitions in the Urban Environment,adea4371e85148b75bac158c1ede81cc0fc312621e222ac3d166f0686f0b2bd1,777
10.1186/s12889-016-3858-3,Recovering disrupted social capital: insights from Lao PDR rural villagers’ perceptions of local leadership,cb5ae5f2cf1458d082bae8ef2a7989c2312f00d3336b3cbefa960fd278c1106e,2381
10.1109/icppw.2012.31,Energy-Efficient Resource Provisioning with SLA Consideration on Cloud Computing,b49822bc95f1087aa0508f108e72b2cfe6297160809fe4a497e1a2d6fd39ac44,542
10.1080/02601370.2011.538172,The impact of the 1997 universal primary education (UPE) policy on lifelong learning in Uganda: a decade of UPE reforms (1997–2007),93b5591f2836efdf887428e66f3fd22efaf52824f147e5e1f4866fbe80c64556,1107
10.1016/j.egypro.2015.12.333,Multifunctional Environmental Energy Tower: A Case Study of an Innovative System for Renewable Energy Exploitation,66b881ba704a7338dae007e78102d213cc72f9ea8963e06cea65d093705002cc,1637
10.3303/cet1759190,Research on the New Urbanization Model Based on the Sustainable Concept of Chemical Industry,1e50b82b881d7ae284f5f9a38fa85220f93abd703aef822dec6fd8a03359f1ea,1281
10.3389/fenrg.2018.00109,Marine Energy Exploitation in the Mediterranean Region: Steps Forward and Challenges,fe448b96152eb0d15df7674cf1ba735f3585784f9ee1f3efcf5cbae5141489fd,1578
10.1038/s41598-019-42884-6,Urbanisation modulates plant-pollinator interactions in invasive vs. native plant species,4781eb39b9ff6a892ec6a10b3a5f9c17d13ed8a3c1e2a12e0f27de8fb4c68c23,1610
10.1504/ijesd.2015.066900,Community forest management in Sikkim Himalaya towards sustainable development,38eac40c84c77fab24ffd22e0d06256223fc25a16d62cad3faf45f55cab1d20d,1380
10.3390/su8080667,A Social Wellbeing in Fisheries Tool (SWIFT) to Help Improve Fisheries Performance,064475a089d3144c092bb7f3f72c5b6d2b3bee4f50d07cff5566aa6e0e24ca4e,1164
10.1109/vetecs.2012.6240105,Energy-Optimized Driving with an Autonomous Vehicle in Urban Environments,6b2ea91bbc5bedd14c6c273febee362b63571294e3d1b4d86c46146c1291fa13,1550
10.1108/ijtc-06-2018-0045,Promoting the image of a historic city for sustainable cultural tourism: the case of Tlemcen Capital of Islamic Culture 2011,29719644fe68d9edf98cda1bded51ceba069e8f9c7ca28de31e47650237cfb2c,1272
10.1515/jped-2016-0002,"Diverse complexities, complex diversities: Resisting ‘normal science’ in pedagogical and research methodologies. A perspective from Aotearoa (New Zealand)",55274c801924271b6201ecf00d2af8977a3d0e20aaa1e8cfaee3f851074c0ef7,1184
10.1007/s11266-015-9585-z,"Microfinance, Financial Literacy, and Household Power Configuration in Rural Bangladesh: An Empirical Study on Some Credit Borrowers",f7d0d5396c98347f00bb6383a50872df1a91d4ddc84a3b8b24d497b52a93a318,944
10.4018/978-1-4666-7456-1.ch087,Power Electronics and Controls in Solar Photovoltaic Systems,6e2b33c5f8a125ae33cb702e2c9a2caba8a720775db2aeab6ada5126fce38d99,1555
10.1111/j.1757-1707.2011.01105.x,A biophysical model of Sugarcane growth,23135ab03c375df9493daaaf7e43798155f43769b96c8d70d060f56de1657847,1468
10.1080/09614524.2012.685871,Strengthening the voice of the poor: religious organisations' engagement in policy consultation processes in Nigeria and Tanzania,aee39f8ed695602549d578b8260075f80d3360f80115f1b2a4d4357f0a363376,5211
10.1016/j.jfe.2017.05.001,The future of wooden multistory construction in the forest bioeconomy – A Delphi study from Finland and Sweden,1778443a55d8f00519f8145de3e9cea9f42c90297f3c5fccc67c975367817a64,1715
10.1016/j.landusepol.2013.10.014,Institutional factors affecting wild edible plant (WEP) harvest and consumption in semi-arid Kenya,ed10cdf64d2c4236d8e7c868b90c68372d55c02c84d3b12b767b74df17bfdada,1292
10.1079/pavsnnr20116013,Tools for improving environmental sustainability in the hospitality industry.,a4176404a102a33b316b7ef18df117dd1217815803392a51bec6b7ec1aa0db07,1257
10.2135/cropsci2008.10.0590,"Tillage and Straw Management Impacts on Soil Properties, Root Growth, and Grain Yield of Winter Wheat in Northwestern China",b560df156750313972107853a35f9ee327a77f0f072783ffb4119b1c992e98fd,1569
10.17234/socekol.28.3.3,(Ne)održivi (ruralni) turizam: studija slučaja Ličko-senjske županije,7e6e621cba7f737aacbbb61b9135b4a6fcbe5e270b78b6335ca5b305e17f2713,936
10.1002/fsh.10127,"Socioeconomic Benefits of Recreational, Commercial, and Subsistence Fishing Associated with National Forests",dfc50320a0fad6a90e37ef8487fd49a3684c861bf0d4f18cbbc5668905f67843,1443
10.4324/9780203101773,Gender Equality in Public Services,e11116a07cc8c8bfd5297f4cd2f48008a6f00e10ed651f93eec01d5d45ebb7a2,1383
10.1186/s12889-017-4172-4,Building the evidence base for stigma and discrimination-reduction programming in Thailand: development of tools to measure healthcare stigma and discrimination,b509d84008a6a55a29c545e6622e71907c29fc734ec16b33360d742f84182cc8,1852
10.1177/1748895815616445,"The gangs of Bangladesh: Exploring organized crime, street gangs and ‘illicit child labourers’ in Dhaka",4c7b15e4d336a871b9986542d86abe957bfb2ec20cc5c9d2fa89a58f03000606,793
10.1007/s10661-019-7585-y,Assessment of the contribution of utility vault water to surface water pollution,11f8a4e0b84a6d968013ca52dd16b3c9bfba94bf6203cb88e80ebc4b69663acd,1716
10.1111/j.1365-2486.2012.02791.x,Climate change and ocean acidification effects on seagrasses and marine macroalgae,0bd8d511fca51ea305cdd1d926c9e2b4a9d3514e065b3db5d0aff33ab1f8766c,2158
10.15678/eber.2018.060305,Assessing Fiscal Sustainability in Ukraine: TVP and VAR/VEC Approaches,fd7b0fbfda7c1dbd3572edd1b0ea0aacad7cecabab4f41c7e3c1472ecd9ce197,1436
10.3390/su4123279,Carbon Footprint of Beef Cattle,8e404f6a20ed14ed7541e77f5f557b1c217b1eb06439c72923db2566eaac0c53,1381
10.1088/1757-899x/609/7/072018,Energy and environmental analysis of urban environment: methodology and application of an integrated approach,e6624afaa6f7867ba2fcd718612f7018c03277de40035e0571b4cb3b05043abd,1282
10.1108/ijesm-03-2014-0008,A financial decision support framework for the appraisal of renewable energy infrastructures in developing economies,c55c84f5aa99893a223290220338f5190ffbc91f917580fea8887935e926c0ad,2072
10.4028/www.scientific.net/msf.941.2237,New Sustainable Hybrid Porous Materials for Air Particulate Matter Trapping,f0d3e34341a7db1ef0d30e5dd7ad135f0f57796491f4eadb9942ce783f20854e,1514
10.1093/jee/toy049,Quantifying Conservation Biological Control for Management of Bemisia tabaci (Hemiptera: Aleyrodidae) in Cotton,bc15b8fddb0271708cdbc3d3198c291d1b4082f591197133d7208c2881b32d13,1804
10.1007/978-3-030-00268-8_20,Using Heritage to Develop Sustainable Port–City Relationships: Lisbon’s Shift from Object-Based to Landscape Approaches,d2223f3b97c572010a476312e8a539cbf54c3b47e8084412b346c60fa3e79e53,1462
10.1186/1471-2431-10-21,Prevalence of childhood disability and the characteristics and circumstances of disabled children in the UK: secondary analysis of the Family Resources Survey,c47bab9894c45b0fd2e24f06603d96a5f925eee05a8f8af5cb10fc6d71409c78,2551
10.1108/02580541211188987,A sustainable workplace – we're all in it together,473e22e0cce5c957cf6fd0c0953abb586ebc6671a744665780825a19e4c76333,259
10.1039/c6ra22113k,Characterizing the interactions between humic matter and calcium ions during water softening by cation-exchange resins,bf0f1114a1632bcceed50b43536cf4cab2fe50a16670131492afe08745e3e291,190
10.1109/comst.2017.2765344,Radio Resource Management in Machine-to-Machine Communications—A Survey,a7bc1f53da46fcc87f748af2150b296f05cbdd75db032cb8b79a42b3da6538c7,1690
10.3390/ijerph15071397,Application of Struvite-MAP Crystallization Reactor for Treating Cattle Manure Anaerobic Digested Slurry: Nitrogen and Phosphorus Recovery and Crystal Fertilizer Efficiency in Plant Trials,6837800b3a9d3dbf495255e7d8b6211d1e747e89cb43b72f48502b3cb4ef32c4,1308
10.1021/acs.est.5b01655,Indagini sul miglioramento del funzionamento dei motori ai carichi ridotti- Atti Accademia delle Scienze di Torino-1992,9232ba6a8c5945575b67980341cc15188560b9d51f4d9a8436499914c18915ff,1378
10.5901/mjss.2014.v5n20p1854,Research for Social Justice: The Narrative for Improving Academic Performance of Learners from Distorted Backgrounds,e505304dd450ed5580d6f2eccce3bbcff05562f18aeafa03850d4eb1cb2fd277,1114
10.4103/0019-5545.174355,"Stigma of tiger attack: Study of tiger-widows from Sundarban Delta, IndiaFNx01",464ee64078015e18a3d342c94e1c531bb65483dc41a313e14b6bbab3f023904c,2104
10.1080/14649357.2016.1217344,Place-making or place-masking? The everyday political economy of “making place”,76f23bb7a5a5b1dee02c8b1a31a3be53fe0e77cbd5d42cb56c8839978cc4393f,781
10.1371/journal.pone.0214461,Burden of household food insecurity in urban slum settings,dec82ae13964284fa57125696b03f8c60ddb2dedd0aa63a7d25f242f8bbd72c7,2141
10.1111/j.1420-9101.2009.01884.x,Evolution of monogamous marriage by maximization of inclusive fitness,8dcc0158072e6827618f318a9de9072f4bf4c366e9f6c4ce264d81b03e0f6ac8,1577
10.3989/ic.09.043,Propuesta de una nueva metodología para la ubicación de infraestructuras viarias ambientalmente sostenibles. Aplicación en el tramo viario de la pedemontana Fabriano-Muccia,8ddd6b202909404a5da5db37906047e512e94953abb7d9d4dac8cc101bd3ad57,1690
10.1080/00905992.2017.1339678,“Name the Republic that was joined to Russia in 2014:” Russia’s New Civics and History Test for Migrants,2630fba245338ab048cbffa8a9bea71d5d022cc0f0702ad7561a685d60e8c4ee,999
10.1016/j.envint.2019.105273,Occurrence and mass balance of medium- and long-chain chlorinated paraffins in a municipal sewage treatment plant: Comparison to short-chain compounds,f99ddd94a20ad8e0cb230f7803aed75c462521fa17a9a9e48b6329378fa30e07,1359
10.17660/ejhs.2016/81.2.2,Applications of precision agriculture in horticultural crops,ef4cb6e9301ac84921a4a43365667096bf124e606aa160c1872d40932f9e6a5b,1225
10.1136/jech-2018-211283,Who benefits from social investment? The gendered effects of family and employment policies on cardiovascular disease in Europe,f6f73131c8dd220c02f7619343061bf9af9529cc1bb736a0ff212a8986090a7d,1754
10.1021/acs.est.5b01780,Characterization and Analysis of Liquid Waste from Marcellus Shale Gas Development,e360fbb4618c69cc5322016f96e4fa4bd5ae06a5cc51c83dc24dd289b8537364,1295
10.3986/ags51305,Loess towards (geo) tourism – proposed application on loess in Vojvodina region (north Serbia),83314537a45eea8c5d4a2a36ab65b351fee43e097239eb9f3962fdd5d53e6fdc,628
10.1016/j.egypro.2012.01.207,Research on the Development Strategies of Rural Tourism in Suzhou Based on SWOT Analysis,ea39e225587cdaf7a35672addba1383f71f7d609425976558f92ed81337ced5a,966
10.1371/journal.pone.0048000,Metagenomic Profiling of Microbial Composition and Antibiotic Resistance Determinants in Puget Sound,27a8aee8196565c0e493768c2d509658f1548f70f924ff3ba8e995fd71d93dc1,2085
10.3389/fmars.2017.00421,A Systematic Review of Marine-Based Species Distribution Models (SDMs) with Recommendations for Best Practice,78f0f3a46abc34f209caa3dff9b0ab66c145a8121be6f51f07ae07106e64073c,1809
10.1017/upo9788175969223.010,Food Security in Afghanistan,fab657a8e6c726b8d1c0d7c338efb02d44c1b2edb52ddaa65f49257b7a52f2e8,518
10.1017/s1742170510000037,Energy efficiency of organic pear production in greenhouses in China,7fedf46b73456733082daebb50bdf0bfbd099e2ddac804321f7dfefa30463f51,1612
10.1086/684144,“I Am Not Sure How Much It Will Be Helpful for Me”: Factors for Digital Inclusion among Middle-Class Women in India,5903f1b32a08c3b4ccd3736a193adc9d99d24a9f54bb6e4c76b3f3e58a0245a6,735
10.5846/stxb201205040639,Impact of different sowing dates on green water footprint of maize in western Jilin Province,581a52c17e9f1910167cf4341b7679c3e9bcd11860dc6e1c51fd8d8cec93cba4,438
10.1109/aimsec.2011.6010996,China's new working-age population characteristics information and employment policy,988f9b08d5bc6b881bcce2d0435d07314f4bf71849bc6dae93341ab934617e63,186
10.1177/0007650311427426,Addressing the Climate Change—Sustainable Development Nexus,2fe4f43bbdb2439092d00b3d6e95d10ad2a9dc754458a505d41fc580f952274c,1293
10.1186/1745-6215-12-145,"The challenges and opportunities of conducting a clinical trial in a low resource setting: The case of the Cameroon mobile phone SMS (CAMPS) trial, an investigator initiated trial",c5804081d21ed1aceabdbdce1e2d6c07604785532ed4b86c2568514e9383c403,1730
10.3390/su11185128,The Wooden Architecture Route as an Example of a Regional Tourism Product in Poland,0de9ec85d30f43384f8099245ac4b6050577d065ea660a96d6db93486efac479,961
10.1629/24251,Improving access to scholarly research in Africa: open access initiatives,3c113d563e78272b79d3f61aadeb23d480d9ed0f3ccfea1b7d291c5bf06f9f15,864
10.1002/jcop.21940,Discursive context and language as action: A demonstration using critical discourse analysis to examine discussions about human trafficking in Hawai‘i,281e18ab39d1fe2731f0634d5df00fa879072323d4adcccd4fcf456abdf31d79,1150
10.1186/1476-069x-13-75,Do Bolivian small holder farmers improve and retain knowledge to reduce occupational pesticide poisonings after training on Integrated Pest Management?,190edfa6706c8b18602e312276a0bd0598f54dd765e3fd8e86aaadc3034f7c0c,2322
10.1109/icdret.2014.6861659,Karoch (Pongamia pinnata)- An alternative source of biofuel in Bangladesh,bac1b7bfcca93690c03f8247178c2f56827b4e2289fdcd2118e335ab954ed4f2,1431
10.1017/s1751731114000378,"Mixed crop–livestock farming systems: a sustainable way to produce beef? Commercial farms results, questions and perspectives",f043091171ab3dae5c8a542b8d33f832b424c2c93e2418de8afe69ed8300359b,1576
10.1680/ener.12.00015,Gwynt y Môr: Britain's world-leading offshore wind farm takes shape,16d98b63713b6d1ac517d8c05d88c335025064699f18867d2622d4991d32f31a,714
10.4324/9780203115329,Green Growth and Travelism,271ef77e5d37392607f7efa6c8146417ff44f084e47b1d65f2f4ab4092f6cc27,943
10.4324/9781315617671,International Development,0a18a9061da856393865eee0676ee800ed7fd61d0649e8d92d0ebca06e91a45d,1409
10.1111/j.1468-2427.2010.01002.x,"Scenario Planning for Sustainability in Stockholm, Sweden: Environmental Justice Considerations",b617b53e1680bb6017b79ee8f9c65b1126e7a37966bfaf163a98d8cb1d3c7517,2257
10.1007/s12237-019-00610-5,Using Spatial Variability in the Rate of Change of Chlorophyll a to Improve Water Quality Management in a Subtropical Oligotrophic Estuary,2320528ce78ba476ac5d981c24f872691a3cf12dc19ccbddbf0f06f7701beea3,1574
10.3233/wor-172565,Professional transitions towards sustainable farming systems: The development of farmers’ professional worlds,c266a7f796f476241985bd559c4fb9785f66e39d97d836be7f1601074a2ba04c,1667
10.1088/1755-1315/308/1/012036,Effectiveness of eco-absorbent modified chitosan membrane from Pila ampullacea as urban water filter to provide healthy sanitary water in Kediri,81f12a3e786a5648c25d35995bbc08caeb7c71325ab85e895f83dd1ef124f403,1162
10.5846/stxb201709041593,Spatial and temporal variations of available silica content in marsh soils under the <i>Spartina alterniflora</i> invasion in the Min River estuary,abea85aa260f96e8fc0fb3f9e1ae963811806db09dc21db1f166057e4dae2698,337
10.1080/21568316.2017.1324810,Japan’s Mountain Tourism at a Crossroads: Insights from the North Japan Alps,935e196b1b3323e8bb90c105d2dc6ba701a56fd9332a3e13f51ec3ae3bab3bfb,1202
10.2166/wst.2018.031,Domestic wastewater treatment by forward osmosis-membrane distillation (FO-MD) integrated system,1bc1489c5adb15d034d1edfda5cbfcf0b3db24b8c209e4b6d31cc252f6a84dfd,1120
10.1007/s10995-010-0735-z,Psychosocial Factors Associated with Patterns of Smoking Surrounding Pregnancy in Fragile Families,842ca2d9a8f7b4fb32bfc207eb24efaf918cb5d7e7d1a9814bfc1b24cf629ef1,1553
10.1515/bejte-2015-0079,"Risk-Averse Managers, Labour Market Structures, Public Policies and Discrimination",e223fdbd38d55fd70cacec342a22b8bac5d5de9e8f789ec54e8b17ef08eb4e4f,1218
10.1016/j.smr.2009.10.003,Establishing a successful physical activity program to recruit and retain women,994cb1b5f74af6f2a1ea1c6df67a8928ec4f153c4bd4b9ec31d14377170a123f,1566
10.1039/c2em30866e,"The impact of marine shallow-water hydrothermal venting on arsenic and mercury accumulation by seaweed Sargassum sinicola in Concepcion Bay, Gulf of California",d6392980b0b40517da27d6e59e2ab338c1fc57cfd3b3b5d7eed82675ed7b0ccc,913
10.3390/su11041134,Do Codes of Ethics Reveal a University’s Commitment to Sustainable Development? Evidence from Italy,aae4a3c7db2d6661c72f3bc3ef5bf1396ec6bd8fada98589581f28f34041dad1,1332
10.1097/mcp.0b013e32834316cd,Trends in chronic obstructive pulmonary disease in the Asia-Pacific regions,8efb105dc9b1a7e2286893a8e5d8f23b4a5a3c8a42014add4d100efea48be9fb,1452
10.5194/adgeo-27-21-2010,"Payment schemes for hydrological ecosystem services as a political instrument for the sustainable management of natural resources and poverty reduction – a case study from Belén, Nicaragua",a45a38df152eb54fe81118b4fecd94524c6e18a995b6fe3445b973f1272f7492,936
10.7226/jtfm.25.3.173,"The Physiochemical Condition of Mangrove Ecosystems in The Coastal District of Sulamo, Kupang, East Nusa Tenggara, Indonesia",a194ee5e9bc14539c9d91cd15f14a8a7ac0ebedbcc70b1be5fd2980787687dda,1060
10.3390/su10082633,Scenario-Based Simulation of Tianjin City Using a Cellular Automata–Markov Model,046d945b253f2728045d5d41dbc51636ffbe0e0ecf99511e409f0f703708bdf8,1189
10.3390/rs11202408,Monitoring of Urbanization and Analysis of Environmental Impact in Stockholm with Sentinel-2A and SPOT-5 Multispectral Data,29f7b35da03dff445b5dbd33dcdc7c7793daadc2ac9c8244c9a69b6c95b7293d,2088
10.21163/gt_2019.141.17,"Municipal Waste Management Challenge of Urbanization: Lesson Learned From Phitsanulok, Thailand",996f6b7056d3dba956138fed33dc3398ef17a0f36d3e7542273a4d6bf9fe31ff,1231
10.1002/bse.2053,Target‐setting for ecological resilience: Are companies setting environmental sustainability targets in line with planetary thresholds?,8b3505aea86bc0ed94a6a7cfa8a05345be913b1f8c894d5c8f320b93e9e7f17a,1715
10.1073/pnas.1404749111,Water resources transfers through Chinese interprovincial and foreign food trade,fb5cb3fe434f495c9b29963c1a3d488d6d4debb8f5d5b5536a4c2859ef2e52d1,1793
10.1109/mace.2010.5536175,Research on sustainable development strategy and evaluation model of the of urban wastewater treatment system in China,1026e9922243a3eef98e82d945a69952c693c8144659955b246ea31793af8f4a,813
10.2489/jswc.68.5.361,An investigation of water nutrient levels associated with forest vegetation in highly altered landscapes,6b17dd33352711aeab2ffb86987865df1a1d61fee81a23eb51724fdf7990d8e5,2249
10.1016/j.trpro.2014.10.040,The Academic Literature on Intermodal Freight Transport,7b29297c3d4ce4a4e2c2591e7ab697d1bbf0de84d513dd878692961294d03312,1399
10.1017/cbo9780511845710,Natural Disasters and Adaptation to Climate Change,c0ff08cde9b4b36c1137be2d5f800de0e1bc16e715dbdbd227dc86816b96406c,1003
10.1080/17457300.2013.833946,"Road crash injuries and fatalities in Isfahan, Iran from March 2006 to March 2009",bc4a8c32e6a9fd17c02ef83999715b1c22195b8e37cdc1829c0cb5e4fa16a42a,1178
10.1111/tmi.13211,Modifiable risk factors for community‐acquired pneumonia in children under 5 years of age in resource‐poor settings: a case–control study,aa08d968a815d040ed3de990b248cea1bd46f80fdf415c0bd92ccb42b2c3f5e6,1609
10.1371/journal.pmed.1002978,Social determinants of health in relation to firearm-related homicides in the United States: A nationwide multilevel cross-sectional study,fd6bd4808f9a398ea7b42c4d000df6f66dd4203509e03a7755fc6d617fd9ee64,3506
10.1177/1532440016645553,"The Electoral Determinants of State Welfare Effort in the U.S. South, 1960–2008",58ecbdc302ba5dcc928399ecfe897b1f181d7c26bc8620e1ed890370eff0e97e,1124
10.5194/soil-5-289-2019,Development of a harmonised soil profile analytical database for Europe: a resource for supporting regional soil management,a2ff210d49810f603c4ebb91b7757b93675c9544940f29b59f1ee6299c829a19,2088
10.1590/1807-1929/agriambi.v21n2p83-87,Urban solid waste in the production of Lafoensia pacari seedlings,65e20268865b3e07ead3dc3574e14c41633bac4da76346c0f3a63cc5d7f0866e,1172
10.1093/pubmed/fdw146,New sources of value for health and care in a carbon-constrained world,95b6b1f54dc8b9974e8e69e393ee26e261b42275d44795851a3bcfcb3bd76838,1187
10.15240/tul/001/2019-2-013,Country-Specific Determinants of Intra-Industry Trade in Pharmaceuticals: The Case of Poland and Its European Union Partners,5b86fe2486d2187b70e3a7989bcc003e3bdb87728fb58035a38fe7bde72f1201,1940
10.1145/2905055.2905136,Usage of Hybrid Mechanisms to Reduce Energy Consumption while Preserving Green SLA in Cloud Environment,c8d0bdd0a82ecd298c7d76856ee3d8d0ad0141c0fc959e54932b66a011df6b46,1011
10.1088/1755-1315/108/2/022037,Corrosion and Protection of Metal in the Seawater Desalination,a2daf78e181c3d8f3ec893930e5a527ef8f2c905a3f4545500ad3f6daf51f9bd,612
10.3390/ijerph14101170,Housing as a Determinant of Tongan Children’s Health: Innovative Methodology Using Wearable Cameras,415b335e3775978410ff9553061b950cfdc1066bfb0c6803b2032643cc0bd7a9,1493
10.1371/journal.pone.0022878,Monitoring Winter and Summer Abundance of Cetaceans in the Pelagos Sanctuary (Northwestern Mediterranean Sea) Through Aerial Surveys,3f4611fd78f349b1e936f543c20119c9dde47d9510b51883eb7c930df30e5587,1412
10.1142/s0219877017500146,The Role of Universities in Encouraging Growth of Technology-Based New Ventures,46c2aba0a7b2329032bbd3205e9da432ec92da414336a12f49125ba13d24556d,929
10.6018/eglobal.16.3.243151,Currículum enfermero y estrategias pedagógicas en materia de sostenibilidad medioambiental en los procesos de salud y cuidado,f657c13da67d2e9aa8e164017113da8ba21ce4b1a12ad18533f8a7a1cf62660f,1788
10.1177/097542531200300113,Housing Inequality in Socially Disadvantaged Communities,f14dc02368f307fcb5c3841538441cfcac1d86f4486cb01297a1319b270b2bf3,1056
10.1371/journal.pmed.1002464,"Association between infrastructure and observed quality of care in 4 healthcare services: A cross-sectional study of 4,300 facilities in 8 countries",7afd7ce4c88acb37c7257097ea9bc30319a7f907c81fea22490c5b96f2be58b6,2822
10.1021/am403203q,Bio-Inspired Anti-Oil-Fouling Chitosan-Coated Mesh for Oil/Water Separation Suitable for Broad pH Range and Hyper-Saline Environments,6d68c9168edd66d61a73475797d37e7981392ef73cf75fd3a9e0fd108b23b83c,857
10.2514/6.2014-3761,"In-Situ Resource Utilization for Space Exploration: Resource Processing, Mission-Enabling Technologies, and Lessons for Sustainability on Earth and Beyond",fdf87a40443407fba0868e7d9879bc56120481ab23007444ca48c04aeeb37ab2,1568
10.1186/s40008-017-0103-x,Economic implications of the Comprehensive and Progressive Agreement for Trans-Pacific Partnership (CPTPP) on Pakistan: a CGE approach,6dd0bdd116d07c5ecec6226b00f24002a040967d0e838961b59ad0cb8cc35070,1721
10.5846/stxb201301300195,The impact of anthropogenic disturbance on landscape of Tetraena mongolica shrub in the Wuhai City,5fd90cd244972a46733e16d11d853fc5b386ac52ed67326fa1b462f8f33d6d65,264
10.1002/sd.447,Corporate sustainability strategies: sustainability profiles and maturity levels,a03885bddc9e74e56fb99d6f18866531c851edd9fad5cfd22d3f9f3c9b90c9ba,1438
10.1111/tmi.12611,Protecting patients with cardiovascular diseases from catastrophic health expenditure and impoverishment by health finance reform,dd90b7823c517e9f5d95047a77b3292378a0c2fc01272959b921bff9ccfcbfd4,1697
10.1080/13642980802704270,"Drugs and human rights: private palliatives, sacramental freedoms and cognitive liberty",a132e42a3db913352eacafe34e0244a5e4367d9ec93efca4d3261c5c000a291c,5906
10.13227/j.hjkx.2016.10.037,[Comparative Investigation of Antibotic Resistance Genes Between Wastewater and Landfill Leachate].,e2e96fa021509c720296922ddd7663a002bc246ff4ed9f1b32dd5f757cd66f7e,228
10.1097/01.naj.0000441792.93279.29,Original Research,d1bcb5bdff298e2f2dc9e365ad041cb92206a8b8fbe19e70597094479072aca1,1915
10.4018/978-1-5225-0978-3.ch002,Health Literacy,fcb75ad94fe0b250a4a22b5273cfeab57478164ee8c361394e064daf46352ddc,1026
10.5539/ass.v9n1p171,China’s Migrant Workers: How Far from Being Citizens?,20e32f3d62fa2b9950b73efbfe8a17eda3962e985edcbc47855f62ba0db1e504,812
10.1345/aph.1p779,"The Evolution of Diabetes Care in the Rural, Resource-Constrained Setting of Western Kenya",5634e00b21fc71126bfca5c48a30769097e48e178b6f3d157989e4c49013e0bb,1899
10.1515/peps-2017-0024,Income and Armed Civil Conflict: An Instrumental Variables Approach,15fb18a525786efae0a4207b70f2c5dad94702eea8cb38d2b3524d297c61728a,1031
10.1093/aob/mcq028,"Nitrogen uptake, assimilation and remobilization in plants: challenges for sustainable and productive agriculture",856065a0432da68762a6547ba826cd8b3a80d42e9e07e12ebb64f640f5e87b17,1403
10.1177/1046878113514935,WORLD CLIMATE,4232766e94de77a7256a3db622052148b654343a3fb5e45dcc3b14b3a6e6a62d,1795
10.24043/isj.73,Options for achieving Cape Verde’s 100% renewable electricity goal: a review,6461317b5d679368f12842f372bb44b42e4940f9d11d6aa1a445ecfd2c621c4f,1316
10.1080/09687599.2015.1051515,Engaging girls with disabilities in Vietnam: making their voices count,dc8dd87d4bea024b8cf3320878f9a537eeb5a94569d8aa7f382354f5bda7c88e,956
10.1111/eulj.12111,Accommodating Intersexuality in European Union Anti‐Discrimination Law,c616ff46ff348404b8d6983d48fc86870fc0158d32e731d089725a51539d9647,1014
10.1136/bmjgh-2019-001789,Has Gavi lived up to its promise? Quasi-experimental evidence on country immunisation rates and child mortality,ed2968fa4ad19a5d73f008bde5d0481c788e1695ec136260e4299f42ba8fde75,1721
10.1039/c4em00600c,Agricultural livelihoods in coastal Bangladesh under climate and environmental change – a model framework,b4ba3bccff59c0ccc326c5ae548a9cef41bf42b0a769ea9443ac089783ea72fc,2599
10.1371/journal.pone.0206596,"A glimpse into the genetic diversity of the Peruvian seafood sector: Unveiling species substitution, mislabeling and trade of threatened species",0125f094771640df6851423f69251c34480036d1ac4a6919da5f057c4bfa2d1d,1978
10.1080/09669582.2012.687740,Towards a green economy decision support system for tourism destinations,a0d682d848bab2c7e960ae9bcb24ad000b7dd66b54a6ae31edaafc8430640f95,1296
10.1080/10549811.2015.1036886,Zero Deforestation Zones: The Case for Linking Deforestation-Free Supply Chain Initiatives and Jurisdictional REDD+,27ceb91c77f1a3eca0487f8e5524cb821141afc95d19fa1113cd0451a5fb8d0b,1083
10.1002/biuz.201210478,Extremozyme,2a1295a7af5932385407db8b1731fc457c61c42d77dfed397e90c5c640a4138a,913
10.1080/15582159.2016.1238732,The Southern Manifesto: A Doctrine of Resistance 60 Years Later,fc837391c9560279f506ff2b18c6180e5f2bc233979519ddeeec3ab298de4548,886
10.1007/bf03391687,A Game Change in Global Health: The Best Is Yet to Come,5ae00d04db7edb67c1f02292d50542bfa869b7a6013a785dd2b919d2d44078ee,1840
10.2495/eid140421,Restoration scaling of environmental damages in the face of a changing environment and uncertainty,7a8c83b2e000ba1c4178edc2244b911aa2896ecb73b062183215bbcb2b81d525,424
10.4324/9780203756171,State of the World's Cities 2012/2013,8081f840bfbc991e471afdac1a6b14db0be04f903811b240b1a4c2b13bf7faeb,2473
10.1079/pavsnnr201712036,Opportunities for ecological intensification: lessons and insights from the System of Rice/crop Intensification - their implications for agricultural research and development approaches.,4507a98a368642bff2e7233982543930c593c1e741c7635b984e22ec7e661dd2,2277
10.1080/00220388.2012.661853,Does Microfinance Reduce Poverty in Bangladesh? New Evidence from Household Panel Data,776b7ba80edfd3051d960e6956bbce1f2d273c29aeec4f7eeb2827f42e3b7f0e,698
10.1109/sieds.2018.8374717,School meals: Breaking the cycle of hunger and poverty,cb8034b5628a8ea64f3caf4d7a1d695d4a5ae00e652ead8c4c7ad5f6983617e6,1772
10.5194/isprs-archives-xlii-4-w19-157-2019,GIS-ASSISTED RAIN-INDUCED LANDSLIDE SUSCEPTIBILITY MAPPING OF BENGUET USING A LOGISTIC REGRESSION MODEL,0e0bc0dbf33af4ab6aa61b3ee9a900311720079e0d063d77a92b0ca7345b640a,1638
10.1109/chilecon47746.2019.8987528,Wireless System for the Control and Real Time Monitoring of Agricultural Areas of Arenillas Canton in Ecuador,0778bb03df72b44e7082218ca71b3731f48073116cdf546da213d44912ccc30b,1090
10.1177/0308275x18821164,"“You cannot contradict the engineer”: Disencounters of modern technology, climate change, and power in the Peruvian Andes",d23c11a75611c98d49a44fb1e21c1d022821bf3b920f3b975a32da2d8f106234,1029
10.1016/j.procir.2015.02.013,Assessing Combined Water-Energy-Efficiency Measures in the Automotive Industry,7d4322cae60e674dc7cd92748bc5f2d4fcc8e936abd8779202d04f4a4aadbd90,764
10.1017/cbo9780511794179,WTO Disciplines on Agricultural Support,5db473f2f1772645ca8ff3300bcfa7fa3814398aaa3ba0616bc08f70b032308e,1088
10.4028/www.scientific.net/msf.798-799.644,Evaluation of the Thermic Behavior of the Coal as a Byproduct through the Low Temperature Conversion Process – LTC of the Sewage Sludge,89b51abcf15840779f6f9cf0b9f35ce2195455c676154af95d3c80501675a04b,1023
10.1111/nyas.13924,An overview of offshore wind energy resources in Europe under present and future climate,f4ff86ca5137bbcbde553d2b0d12941d06b6aa43594b8394b076d9ee878f6028,1421
10.23919/sustainit.2017.8379793,Designing cooling stations for food sharing in public spaces,993ae7f38d94b1cd9041e67bbb006f250dd3c5ef5ee1589cfff978c77e1b4f01,994
10.1017/cbo9781139940948.010,Capital mobility and natural resources dynamics: a classical-Keynesianperspective,dc9594f73825b4311038f7dd26fba2accc3761a91383ffe721b03cc61257e97e,159
10.1108/jcefts-04-2013-0017,China's ten years in the WTO: review and perspectives,644308d01c4ac53418ccc0bdc5ebdfd5cabac8f87ac38f60217eeac5a3580f19,957
10.3390/agriculture7030025,Changes in Carbon Cycling during Development of Successional Agroforestry,b0bb2946ee3933cc1180e3a8b828946f893889d471e8905c57f7a55a8ac72c0b,862
10.1371/journal.pone.0119330,“Once upon a Time in the Mediterranean” Long Term Trends of Mediterranean Fisheries Resources Based on Fishers’ Traditional Ecological Knowledge,0ec62af224b13e9fe3d7951ca2ddb4256f564431d7c33a1bf15888cc3a06c071,1552
10.1109/istafrica.2015.7190550,A lightweight mobile e-procurement solution for rural small scale traders implemented using a living lab approach,dba5fa94a0c8cc6a9857043ec4e0ecdfdcf151d960aa7420639dbc8b8f755ea2,1433
10.1108/09555341211270528,A sustainable tourism planning model: components and relationships,a838ac146704117ab46f12472b9aa6772dfedc1ac606de595ccb8c01aa29fcaa,1405
10.1097/qai.0000000000000233,Enhancing Benefits or Increasing Harms,ed1dbf08754b441e0311be0bf2ea448facddef8f51fb149e1757cd99aaddc75f,1587
10.17645/up.v1i1.506,"Urban Structure, Energy and Planning: Findings from Three Cities in Sweden, Finland and Estonia",603179d07319b0325f67f35801ffc724e1abb789b9d9db88d906d72f8d0f3f0e,1323
10.1021/es2007287,Application of Hybrid Life Cycle Approaches to Emerging Energy Technologies – The Case of Wind Power in the UK,f5d1170ffba4d2f2bfb256be214480f8034ac877690de16fdd1472256639d5e7,1186
10.3390/su11020302,Gender Equality and UN Sustainable Development Goals: Priorities and Correlations in the Top Business Schools’ Communication and Legitimation Strategies,afe2ef92f83d86b66d1fb183c24ed35f2e597a2c1b54b575ac7938df7d399d15,1256
10.1353/hpu.2017.0088,Health Insurance Coverage among Puerto Rican Adults in Same-Sex Relationships,063f68f623fc410866456c99ab0686011828d106f328e11eeb2133fae6cfbcd8,1189
10.1017/cbo9781316178904.002,Introduction,36851ddf3f6ae09fa994507bc3d8c7a42caa59b2aa4a05fa1a3dfc1b5bb3f0dc,1159
10.1002/ecs2.2119,Wood production and biodiversity conservation are rival forestry objectives in Europe's Baltic Sea Region,09ea269d7cf27c02af7e7afc112c49934ec1f1a49a59ddc360722f5a804946da,2486
10.1007/s10653-018-0175-z,雑誌記事における翻訳方略 : 「たとえ」のイメージ（例え・譬え・比較）をどう訳すか,d9c4cfce1381b59bc184e40014a1473f6900c39bc309c07279406a7767a6f9c3,1556
10.2118/174159-ms,Design and Implementation of an Environmental Computer Information System for a Continuous Enhancement and Systematization of Environmental Management,2c6b9f9eec70a2fb170686eb3dc39d7eccecf2d122666eb3d40b9698047ae244,2816
10.1505/146554814814095357,A proposal of new conditions and criteria for the evaluation of woodlands,220308c5c2b2b81aeda1be4748df2c47d6028c07c419ef628ac44fd1f9952d94,1023
10.1021/es3007904,"Assessing Sustainability in Real Urban Systems: The Greater Cincinnati Metropolitan Area in Ohio, Kentucky, and Indiana",25c51c2b8ae7c828c2a2dc486d68a2df5f38bacdf27343ba8c4cc263c2aa26c6,1230
10.3726/978-3-653-06972-3,The Impact of the Transatlantic Trade and Investment Partnership on International Cooperation,3d3b27706a28883fc9f8cf74ade39d2858986b3d33f7999e05538b7447627b0d,340
10.1080/13683500.2013.785481,Understanding visitors' image of the oldest marine park in Africa,3030fbf1512354a544022de78ba0d1efdc37f95bb2ead7b7c82619953f5dd346,1414
10.1126/science.aad1010,Local flow regulation and irrigation raise global human water consumption and footprint,0c979579731c0084c1de84e8cc0896fa64dbe5ba1231ce9780b0d776a691d3e4,827
10.1017/s0376892910000810,"Crossing boundaries for environmental science and management: combining interdisciplinary, interorganizational and international collaboration",c853cdd03a336b166009227daca357c766454a259c170c8ebd6f5e549e0d18a1,1039
10.4324/9781315088563,Routledge Handbook of African Politics,953bec15295018eae4e70e1ef8a04b382430c18ee9aee6f81bac5b1fcced0908,3978
10.1037/amp0000184,"Immigration policy, practices, and procedures: The impact on the mental health of Mexican and Central American youth and families.",e0a799973ef81b838805fac528079314bdacf771fc88e57c63b9f86beb63bbea,1276
10.3389/fpls.2015.00151,Chemical diversity of microbial volatiles and their potential for plant growth and productivity,2ff45052ffa3bcb544e50a4b69af92cd41b28d64ddf3306637f9694007214149,1105
10.17660/actahortic.2013.979.30,COIX LACRYMA-JOBI LINN. - AN UNDERUTILIZED GRASS FOR FOOD SECURITY AND ECONOMIC EMPOWERMENT OF RURAL COMMUNITIES,744071caca36dd3dca54d1e9c40cf10d086b54c768f731e1c82e59d531b31e94,220
10.5846/stxb201809111956,"Study on the change in energy production structure under the energy coordinated development strategy of Beijing-Tianjin-Hebei urban agglomeration, China",0df096f2984e77e1049861831340760181bc389c6ec02e24a79da96cc797722b,815
10.1080/14664208.2016.1248139,The influence of deaf people’s dual category status on sign language planning: the British Sign Language (Scotland) Act (2015),e7aa5fc8a2647e23cb4873032406e6ec4e59fba4863aeddeb31d992c714f8cf1,1180
10.1080/09718923.2016.11893580,"Embracing Diversity: The Case of EquityRes, a Student Residence at Urban University",556e8e6452021a5bf4b3095672ad438669b8aa7c9fb2aa38782f6bfc5aff3faf,1109
10.1093/pubmed/fds032,The effect of a vaccination program on child anthropometry: evidence from India's Universal Immunization Program,d49cf074e828fe7f99b6575dc09b4f1512786bec71b0c90a06e8946d9f889e0e,1407
10.1109/istt.2014.7238230,Energy efficient virtual machine provisioning in cloud data centers,9e38b8c02cc4c8f92b6393cf884005696dfa47c52d75ff4246fbbd1a17fecf9f,918
10.3390/pr7110818,Knowledge Mapping of Carbon Footprint Research in a LCA Perspective: A Visual Analysis Using CiteSpace,6d8f4b76d708784fb889d35cd20738900537f8bf768c95a8cb9ed6aca7557ba9,1769
10.1542/peds.2015-1839,Adverse Experiences in Early Childhood and Kindergarten Outcomes,690614a9a257121d8a9891abdc2bf22f4266456bd69f0d16ca61ea2065cc7f76,1751
10.1007/s10995-016-2014-0,Evaluating a LARC Expansion Program in 14 Sub-Saharan African Countries: A Service Delivery Model for Meeting FP2020 Goals,f91d5318dfda8d6c98b1f432647330cfa4153b399173f78de60706149cf41443,1686
10.1063/1.4912300,Dual input autonomous solar photovoltaic powered motor drive system for industrial applications,171839b0ecf8745cc0daec21ce01aa5e88cec37d0a1fb8e04c2ffac437fccbdb,1041
10.1688/1862-0035_indb_2013_03_auer,The Impact of Single Agents on Gender Equityin Organizations – The Case of Austrian Equal Opportunity Active Works Councillors,9a7539633132ea37652947585210333995e41602a369bf954292ab925f409188,1087
10.1061/(asce)up.1943-5444.0000196,Role of Urban Planning in Encouraging More Sustainable Lifestyles,fc2d961f314f3305bf9928d41b59d8bdf9c4dc3fbd042afc190853de54e7243f,1120
10.1061/(asce)co.1943-7862.0000218,Health and Safety Management within Small- and Medium-Sized Enterprises (SMEs) in Developing Countries: Study of Contextual Influences,71ac820dc70a408411097860d647fd78d0abb3950f03a28d3c45e6b26ce2e993,1420
10.1680/muen.2010.163.3.179,Retrofitting sustainability to historic city core areas,20f7e35dddc68f540abb541e8bf40cc1eba5677a4eb940b9edda0176826ca27b,1125
10.3390/buildings6040046,Environmental Impact Assessment of a School Building in Iceland Using LCA-Including the Effect of Long Distance Transport of Materials,c6508d546497712657a39fe2a1f3ec9254c66392ba6d6857748600f68910d814,1622
10.3390/su11184885,Positioning Axes of Sustainable Tourist Destinations: The Case of Aragón,a14246bdcbb2b6b1da58d0a529dd1a7336808b4756e5a6673300fe4764310e3b,535
10.1371/journal.pone.0116335,Fishing for Space: Fine-Scale Multi-Sector Maritime Activities Influence Fisher Location Choice,9d86762d913e1a1e69413437e3f400a663975f3e0b24988ddd563a95767ace4f,2016
10.4000/cybergeo.26427,Périurbanisation et durabilité : inverser la perspective,39a4c5b8c518c1e6d43dea98e27e93de771159597dd2eb4c5e1ca03c2dad0543,1397
10.1080/00036846.2012.659347,Do remittances dampen the effect of natural disasters on output growth volatility in developing countries?,71e0da908565fe9dbb1ab0857aeca705f306c1a1cc4abfa92e58b8d68529dee3,798
10.1177/0021989414529119,The invisible <i>flâneuse</i> : European cities and the African sex worker in Chika Unigwe’s <i>On Black Sisters’ Street</i>,1203d627b66b841c77c1b509e9aa14b97e7a4995a5d6e214b89fae612428b73f,882
10.1016/j.scitotenv.2018.12.004,"Microorganisms in ballast water: Disinfection, community dynamics, and implications for management",6e966356d46fe508833cc2599a45e038f1cbea7f7331aabe68286db8224eedaf,1350
10.1038/s41598-018-20873-5,"Drivers of spatio-temporal changes in paddy soil pH in Jiangxi Province, China from 1980 to 2010",62f4c86db32f0bf559d44515b7a27a929ddc5b7cb547aa775030cb5c4add956d,1369
10.15244/pjoes/61241,Post-Industrial Tourism as a Means to Revitalize the Environment of the Former Oil Basin in the Polish Carpathian Mountains,f9ea469ed7198eec01aaac4a93ba041c69c10996dfb381f1f710e5f237e12dcf,1014
10.3390/su10124384,Is Overtourism Overused? Understanding the Impact of Tourism in a City Context,eb4f872b54bd02171713b8d47204fa88cab6e16e32b0f04e9e466ee24a9f9a01,1227
10.1016/j.gfs.2019.04.001,Understanding nutritional outcomes through gendered analysis of time-use patterns in semi-arid India,2bc7b72b6850c9cef94acf7bde81875f3572a3f103c629e3a6582fa5781ec6a6,1272
10.3303/cet1545116,A Systematic Literature Review of Design-manufacturing Integration for Sustainable Products,44fcb8ea1429362d4b1e0d79dadc49391eaa1f48aa37bf0b506c0ce6e39abbc8,1664
10.3389/fnbeh.2018.00012,"Aggression Profiles in the Spanish Child Population: Differences in Perfectionism, School Refusal and Affect",798489721ff2de7ce83b613edeec8b7e226c2335c4c9155000860513b2858d46,1922
10.1017/cbo9781139003957.012,Global Justice and Trade,dc9594f73825b4311038f7dd26fba2accc3761a91383ffe721b03cc61257e97e,159
10.20965/jdr.2016.p0413,"Collaborative, Science-Based, Public Disaster Communication – The NHK Media Technology 3D Documentary Movie on Japan’s 2011 Tsunami Event",5f6356c8ebc4c038a5f0d983e89ae6719c533180960c55879998cc5f6451dbce,1195
10.1088/1755-1315/73/1/012029,Framework for Sustainability Performance Assessment for Manufacturing Processes- A Review,31295c25a4ef811aded8edb2a9a16e15f1eeccc58712afb4f382c757f1008218,1368
10.5846/stxb201801300248,"Identification of aquatic ecosystems and regional characteristics in the Haihe River Basin, China",1f113c5dfeb2242bb704055095e1c38dd4975ff7a0c0bb453359ea3e891c8e17,313
10.1080/09640568.2011.635191,Limits to decoupling strategies for sustainable housing development: the Hangzhou experience,b2b2954ad07a2330d5c65b1ea07bed21788275c6f600403980a2f1612c2b66d9,1071
10.1109/icmss.2010.5577187,Risk Management of the International Energy Cooperation: A Research Review,df0b563304e67eefb59b97389ffaf0b0d05e54d7c3d2aa5236813ad3ff782b57,707
10.12973/ejmste/77930,Analysis of Provincial Tourism Sustainable Development Model and Countermeasure,784d5b8f51029df57b70e0a3def09534782ffffbc8ef09913ec04b169edbe271,627
10.1080/17565529.2018.1547677,Impact of Tropical Cyclone Winston on women mud crab fishers in Fiji,5ceb428d7eb8da8943b2fba40b12c02677c8d244704fa8a3e4edc8ffdff21807,1335
10.1016/j.iedeen.2019.07.002,The relevance of tourism in financial sustainability of hotels,768cb439b10822f7bc0701f99eb7b46a0f41c9996d25c8980ad3eb98e191a4d0,1474
10.1016/j.socscimed.2014.09.046,"‘Scaling-up is a craft not a science’: Catalysing scale-up of health innovations in Ethiopia, India and Nigeria",a6bd6459d14d9ecc69433d8420257d911350c24ca1d5196720b8d4f45f4f3f3c,2005
10.5901/mjss.2015.v6n4s2p523,"Assessment of the Sustainability of Public Housing Projects in Ogun State, Nigeria: A Post Occupancy Evaluation Approach",78b973cea8034808e1b09bfab61d27d9e09f77b973897d37937d6805b77d285f,1561
10.1016/j.egypro.2013.06.679,Public Engagement of CCS in South Africa,0a2581a8f30090119811cf08524b5fa509b54ef02e0deff34e44f569396e0ddf,1544
10.4018/978-1-4666-0324-0,Handbook of Research on E-Government in Emerging Economies,3655ada0390b6daffe975663abd87b46951fee0cc3b4448ee013bf95b9635834,189
10.1088/1755-1315/302/1/012037,Legal regulation of ecological tourism in Arctic,06c262df76a4bf12b6bd23c149d8ef95fb49c925d57ecbb731023d228ea6d180,1400
10.1186/s40066-018-0221-1,Public buffer stocks as agricultural output price stabilization policy in Ghana,115a84a19f63e8c0af42c877239532cba3eaac56675151d15d9acea101370677,1002
10.1002/ep.12829,Photogalvanic effect of natural photosensitizer (crude spinach extract) in artificial light for simultaneous solar power generation and storage,0f237b810fd480ac503021b8d237ec6731860f0e69731d291919b05ac1735bb7,1196
10.1080/15348431.2011.531657,Latina/o Community Funds of Knowledge for Health and Curriculum,08aac7ef0c66a56aec0c023a1e6b6f368894da2e0ecbea7af9028ec1a2b8e85c,733
10.1111/area.12282,United and divided responses to complex urban issues: insights on the value of a transdisciplinary approach to flooding risk,648efe188fd327f3ead88bf63228eb833d5ad1c0d598f7a590fc3153a9237bf2,1712
10.1063/1.5055407,A study on awareness of disaster risk reduction (DRR) among university students: The case of PETRONAS residential hall students,f4c1fdc2f18ad2705405abd0f0156abb48eae77f8318c5c4a7f033e4bcbbd23b,1192
10.1080/10773525.2016.1209621,Street vending and waste picking in developing countries: a long-standing hazardous occupational activity of the urban poor,4223b5e4a81dab3400424ef372794d119c01c3f0bbf5109d540ea0aa0a6c3cb1,1353
10.1007/s11356-017-8419-5,Sources and fate of microplastics in marine and beach sediments of the Southern Baltic Sea—a preliminary study,47080e06cfc437b6608fba628c8670b325aeea7e14a11ebe62f7351ae851f724,1755
10.1080/15578771.2012.677966,Effective Energy Efficiency Measures for Existing Residential Homes in the Florida Market,ca64782d96654a6f3c9f32c96085b14a3c0cba4d1c76d15ed8744ac8023f303e,1209
10.1109/cisti.2015.7170487,Intelligent system for recycling incentive,c43d38d788436d89c188b3b69ffa91acf6ba6f42a49311176a5b46fdaf3f1071,1048
10.1186/1471-2458-10-667,Testing for sexually transmitted infections in general practice: cross-sectional study,dc1e5454b0394bb9053714f75c0ea13ec6386ca34185f7695e415e22c35302e9,1983
10.1007/s40789-018-0191-8,Construction of green infrastructure in coal-resource based city: a case study in Xuzhou urban area,cbe25447bb20eda595ccb78e7cc3297737ae09c2ff623e9b28ea761c1e999f19,1037
10.1504/ijewm.2019.096544,Valorisation of a wastewater in the treatment of leachate from municipal solid waste in Morocco,cf450d187067cc095ef8d539bb7008bf3e705090fe46d1070aaf7b739e129031,1308
10.1177/0956247816663557,Population predictions for the world’s largest cities in the 21st century,20e226fcc765b0c6fb0248f6ac1c092fc583a3654e2e0a052cc42dfe54f1ca7a,1207
10.1155/2015/365672,"Facets of Nanotechnology as Seen in Food Processing, Packaging, and Preservation Industry",3c56265585b027777a387b43bbc04c22cc379ae5826d7ed322af39e53857ce51,1189
10.1080/17441692.2015.1109694,Conceptualising the agency of highly marginalised women: Intimate partner violence in extreme settings,d0b2e67e0613e445f64019bac0462d3f6bf50dd4b6cc895b46b0f6fdc8e832e8,1430
10.1093/her/cyv022,A randomized controlled trial of a multi-dose bystander intervention program using peer education theater,a47d526c70dec8c98c603063e70e0ade7f46b78e71399e969197258e06cf3c43,1460
10.18352/ijc.444,Social equity and livelihood implications of REDD+ in rural communities – a case study from Nepal,c80b57da2560b856be27cb3d596611dbf57b829eb728752f1f5e99ebe519cafe,1251
10.1111/lre.12249,Contribution to decision‐making on establishing the maximum water level for Lake Vegoritida,502aff6d78fa6274c309bcbfb2117a0c23e7267f4865d9af05c97c59ac739261,1146
10.1117/12.2195477,Time-series MODIS satellite and in-situ data for spatio-temporal distribution of aerosol pollution assessment over Bucharest metropolitan area,dab6f1386e5f95920917ec4ac220975bee558258600b1ed2e329d148478230c0,1808
10.1017/s0031182018000069,The changing global landscape of health and disease: addressing challenges and opportunities for sustaining progress towards control and elimination of neglected tropical diseases (NTDs),a009c27899ab03a71c540db42516e82a0906eaae67ec620beb28e44132c892bc,1358
10.1016/j.egypro.2014.11.810,"Opportunity and Challenges of Integrated Enhanced Oil Recovery Using CO2 Flooding with Geological CO2 Storage in the Ordos Basin, China",91cf012d7ed41ebcc4c086d5693c4c3dca81d7faef9e1bff60bc22ad0528e03b,2055
10.1007/bf03405633,"Classifying neighbourhoods by level of access to stores selling fresh fruit and vegetables and groceries: identifying problematic areas in the city of Gatineau, Quebec.",44276f922f4745e088e9354f35f260aaacf33e23363adad7984c9e7a1b12751d,1665
10.1016/s0968-8080(12)40656-5,Les processus de différenciation et la résistance des kystes aux traitements de désinfection chez l'amibe libre Vermamoeba vermiformis,83052d0d9ee1723528adcaa75bbf0c48ea422c16e15cefe9efe54caba46693cd,1442
10.9770/jesi.2017.4.4(2),On sustainable production networks for Industry 4.0,c9af597e87ae27e2415d05d2a21342cc00ce797f407a8a14b228accf6f3151e7,1535
10.3390/su11071920,Designing Wetlands as an Essential Infrastructural Element for Urban Development in the era of Climate Change,9d12c43b0838c15130adefa96ab64ed029a7633fc0d36ce61eab3ed235ed516b,1471
10.1111/j.1468-2427.2010.01001.x,Speculative Urbanism and the Making of the Next World City,3b58de120be413c5359029969291779923ac9d971adc7b325d7d33fc36a85f6f,2124
10.1093/jiel/jgr036,Climate Change and Trade--The EU Aviation Directive and the WTO,9cfeb70859765239f61491a8dad8a6c62addb0aecdedaf606ba7de2f39ccffc6,2834
10.1080/23789689.2017.1386041,"Dependency model: reliable infrastructure and the resilient, sustainable, and livable city",fb14985face68416af8d05680701c0467266a0782df1e6898a1e2c6dd4b3b8c8,1197
10.3362/1755-1986.2012.005,The G2P opportunity: Five reasons why now is the time to leverage social protection to enable financial inclusion and savings among the poorest,3f2df74a9e217d4a9a6d42ae54442f0a1fa6a144d3ab4469feb3350bcfaa6ddc,1435
10.3390/f8050172,Optimizing the Wood Value Chain in Northern Norway Taking Into Account National and Regional Economic Trade-Offs,45630d9ecc5e275d8486e91d4b1029a15ba19061a42ec18298aea0785fe8ac1f,1289
10.17660/actahortic.2018.1194.2,World Food Preservation Center<sup>®</sup> LLC,4c0e7551595ef7acf1f5584e3c3cfe89989c5010388fa2481595c51e0611a2c8,1172
10.3920/978-90-8686-820-9_21,New university-society relationships for rational consumption and solidarity: actions from the Food Banks-UPM Chair,854f8a42de684dc1ffa24d1c833b652c25237e348b4b7a87ea82797296c582e4,1358
10.1111/emr.12149,Challenges in applying scientific evidence to width recommendations for riparian management in agricultural <scp>A</scp>ustralia,ff4445f1e7090639a436e5464a91885b272f90fe036a591fb7b7d9c970b3ead3,2008
10.1108/14630011111170436,Sustainable workplaces and building user comfort and satisfaction,2099ae3a0748e7f067a5c7e6aa7b4849b930aa83ec87e9c146a21688f48d50e2,1505
10.1186/1471-2458-10-54,Primary care Identification and Referral to Improve Safety of women experiencing domestic violence (IRIS): protocol for a pragmatic cluster randomised controlled trial,982d3abfe14597d5a48dc2e9e93b3279d7741f38fa2d63e86f5b4941159c233c,2326
10.4324/9780203848166,The Routledge Handbook of Family Communication,0be12708bac2613b1d15c57625ef41da4c4f336faa59ff70d7a44869980c039c,2114
10.1002/ejlt.201300425,"Cold‐pressed Japanese quince (<i>Chaenomeles japonica</i> (Thunb.) Lindl. ex Spach) seed oil as a rich source of α‐tocopherol, carotenoids and phenolics: A comparison of the composition and antioxidant activity with nine other plant oils",5756db2f546ce2ce2eb57deb486523ebbb5a73e1824e5737bdffd8f2d496813e,1756
10.5194/nhess-15-475-2015,How useful and reliable are disaster databases in the context of climate and global change? A comparative case study analysis in Peru,d021c98571271ccd67af90b873f1f122cf4f652b9ce432706e3a46c5cf20f1e8,1976
10.1080/14888386.2015.1075901,Monitoring the implementation of the Global Plan of Action for Animal Genetic Resources,6a2f0c8190b7f6f10aa4156e4e351eb858a2c55ed1112c3f7cf4d8c68fe71e5c,1822
10.32861/jssr.spi5.75.79,Comparative Assessment of Resource Productivity Factors in the Oil and Gas Companies,a5bc474b14df7ee8bde6885d776feb5fe21aec88d72035184fe70aeaea462749,1322
10.1016/j.ejrs.2014.09.003,Hydrological inferences from watershed analysis for water resource management using remote sensing and GIS techniques,90e912b05e5332ba9dbeed27bb8df369bf41ba9ca29d8fc75d906d9c9b533340,1546
10.1093/acprof:oso/9780192629609.003.0013,Palliative care in nursing homes,23ac166e40dfc0d4093a9ba89a39283a9d2378fe80bf45f2a0975b03468af8f4,693
10.1080/02723638.2013.778581,"State Transformation, Policy Learning, and Exclusive Displacement in the Process of Urban Redevelopment in Taiwan",cef7524d655332c38f1a69623f23993fe9e01daa22ccff59cecdba3ef8119b12,1538
10.1063/1.3682060,Potential role of renewable energy in water desalination in Australia,8fd5d0f5c2f76eb2a08a33eac6bef1497c2507adf779b7cf5fad1879e3689a26,2594
10.1108/ict-12-2017-0100,Social-economic contribution of vocational education and training: an evidence from OECD countries,5e89386af6fe0c220b77d3947ceebec272966ebe4ea7d7982ea53a7faa8c72cc,1156
10.3109/10398562.2011.583076,Staff Management and Capacity Building Under Conditions of Insecurity: Lessons From Developing Mental Health Service and Research Programs in Post-Conflict Timor-Leste,a3190484ac7419dbcc673c1feaaef2f2fb6f753227fd06e6b8e65bc4c39b9bad,1080
10.2112/si61-001.20,Ecotourism and Heritage Conservation,4647758907f6efb2630c99f584c4cad1431f1ce124c1392f72bf711b84a458f3,2099
10.1016/j.egypro.2017.09.006,"Symbiosis between industrial systems, utilities and public service facilities for boosting energy and resource efficiency",54bf6fa45e7634550c78ba6a69def3b6da11a6c5809566513c633e320ea13e97,880
10.1111/zph.12630,<i>Toxoplasma gondii</i> in edible fishes captured in the Mediterranean basin,d4443660b31e648d5fe5da1fa224e2c1c31936dc4e3961fed4152c1aa38d0ce6,1864
10.1109/access.2018.2881533,"A Survey on Energy Efficient Narrowband Internet of Things (NBIoT): Architecture, Application and Challenges",1ecda90e451f9050d6c261aedc84dbf6b2bc1b6a1f3d58e51a07fc7dfa71ba6e,1943
10.4324/9781351110037,Smartcities,1d999819cac673bd5294b7caaf9f57da9dd0ff7b5ba790908706407138afc876,1529
10.2175/106143015x14338845156506,Economics,e93536959a796155507ed753f5cc91cbf527f54c5097872b957487af16d74f6b,403
10.17589/2309-8678-2016-4-3-7-50,Russian Law on Discrimination in Employment: Can it be Compatible with International Labor Standards?,8fa71caf7188b824eddc897e1bf9ef2da70dceabfa99f8b3fd2819ce153d4257,1596
10.2495/sw100681,Retrofitting potential of an existing tourist lodge for improved environmental performance: an investigation,47590b20fb5cbd32f35519f5a3f48457d6b7b6f45c8580c82da7c516a595cdf7,1806
10.1016/j.trpro.2016.05.355,Open Data and the Needs of Older People for Public Transport Information,9e74fea967c710f916e7e8cb0df91cf7fa2095533f4d5f592d9ed9225c68ea23,2958
10.1002/msj.20259,Confronting Intimate Partner Violence: A Global Health Priority,026bc192638a2d24c79a04c4f423d50f7e37c7b36494ddbdcfacf5c7188b41b5,1873
10.1080/08920753.2011.582573,"Island Villagers’ Willingness to Work or Pay for Sustainability of a Marine Fishery Reserve: Case of San Miguel Island, Philippines",88a14f97b89a71c8766d6d01311ea7eb2a69901cca1ed10de3407569eaf8ef88,2242
10.1186/s13052-017-0433-1,Stunting and its determinant factors among children aged 6–59 months in Ethiopia,36a7f3b83af877868a4cdc3483d77a5535c29df3e55d6d2c292b69726ec27c3a,1696
10.1177/1363461512454643,The role of communities in advancing the goals of the Movement for Global Mental Health,d2e6fb0191aa2f5b430b4559f8a30da8a3c1f1f8ec572b395feef97109d21d1e,1856
10.4028/www.scientific.net/amr.361-363.1463,Perennial Grain Crops: A New Option for the Future Food and Ecoagricultural Environment,595f5708f30288e5429c16012e37beed2a283f4e25f1afaf12d6e87dac8a8fe4,1143
10.3390/en9100850,Hydrogen Production from Sea Wave for Alternative Energy Vehicles for Public Transport in Trapani (Italy),d695041ffe771352eb439b60a76e3606e9863f005b81c6986ee159f3e3734a5c,1508
10.1002/wsb.478,"Using the climate change vulnerability index to inform adaptation planning: Lessons, innovations, and next steps",8b72dc5c408df6ae20fd7732d437fa64b0e0d4b19e60c1044c92d1e60afed01c,1907
10.1108/gm-01-2013-0010,Intersectionality of gender and other forms of identity,245fb9503f77fc78bc8ce0adce90b9011ffb126ab7e99fdd0181bee1584a4907,1858
10.3304/jmes.2018.001,"Assessment of Heavy Metals Pollution in Marine Surface Sediments of Gaza Strip, Southeast the Mediterranean Sea",8466e2e53473f5f0964c7a314a2c708347a0e03f32a1d1935547d227ed16e985,1677
10.3354/meps09888,"Cold-water coral ecosystem (Tisler Reef, Norwegian Shelf) may be a hotspot for carbon cycling",df59fc13c06e4265bb6d1fd308c8aac1240707eb4ab45811bfed903a07824d5c,975
10.5846/stxb201501290239,Theory and Application of the Main Functional Subdivision of Limited Development Ecological Zones,5f832af26ad82821e67220f5f3b338f36c9b8bd9df969b2769ffbb420e477bba,4736
10.1146/annurev-resource-100517-023123,The Historical Evolution of Alternative Metrics for Developing Countries’ Food and Agriculture Policy Assessment,d93612dc051b56f005d0a3b5c1a14f8121bff5963021889884a486a31e86fe44,1134
10.1038/srep05427,Alternative hypotheses to explain why biodiversity-ecosystem functioning relationships are concave-up in some natural ecosystems but concave-down in manipulative experiments,6e50a3555421b21e8492735cf273c6b7122ffc35420c5feeeb909523fd7662ee,1033
10.1002/pa.1432,Beyond sustainability: environmental management for the Anthropocene Epoch,5f192e7eb72641281236b900eae4ec74ac19d26647a8fadab63febb02a7037ff,926
10.7882/az.2015.027,"Protected areas, conservation and resource capacity: Historical lessons for conservation from Western Australia's South Dandalup Reserve",2970f6f477196d0c9ac947b356982166b949456abb456ece1d75c7185b9d1653,1422
10.1080/10630732.2012.735104,China's Eco-Cities as Variegated<sup>1</sup>Urban Sustainability: Dongtan Eco-City and Chongming Eco-Island,2a661ead19c4f5dba1db94b22fa4f191a065d7e6fd839e34a61daec5bd471bc3,1679
10.1504/ijbis.2014.063931,Internet marketing for sustainable development and rural tourism,2601ee964568aa3cf978d374438bfb9d9e01e6456fa5e8df4998aa0fcafe8fdd,1005
10.1080/19480881.2010.536662,"Indian Ocean maritime security: energy, environmental and climate challenges",f9d9812deee217e49f6ffab9a1f6af315de7bf01a6a5d48f997fb8bf5222f4e9,844
10.1017/cbo9780511792502.010,Exploring the limits of institutional coherence in trade and development,6fb3f05ea2168c144a1fde525d1d388b800f6636f800414627e8efc698a3b219,971
10.1111/plar.12215,"Governing with God: Religion, Resistance, and the State in Nigeria's Counter‐Trafficking Programs",74a05d1db8fe14e2f524bfc46a1323be35f0dbbcf12b572dc37b8fa315918057,1029
10.1111/1365-2664.12533,The overlooked role of biotic factors in controlling the ecological performance of artificial marine habitats,6f0f59fcccb12a2d79c745158234d08189374ea6ce0783c8357849f6fb30352d,2299
10.3390/socsci8120330,"The Impact of Productivity, Investment and Real Wages on Employment Absorption Rate in South Africa",e796e00ffe9ea3b485d70468660c0ea1363f34c2634c6ba90a4abb0fd37ad40c,2096
10.1088/1755-1315/256/1/012006,Protect the water sources through community participation on the micro-watershed management in the Region of Oecusse Timor Leste,7d85748346a5e861506b357bcec8bca170f659cd5f45ef591c98a812890b3bd0,1576
10.1080/00220388.2011.615917,Assessing the Effect of Microfinance on Vulnerability and Poverty among Low Income Households,271a2568112295fba7db5d380e41c44e17beb8c793db1bee9f60060df2a03a2a,785
10.1007/978-981-287-420-7_2,Poverty Alleviation with Microfinance: Bangladesh Evidence,3bd3ead55cbc5734271163aa945ca9102795094b1b6e3a45ba0e23ceb317f992,815
10.1080/17565529.2017.1318741,Novel shapes of South–South collaboration: emerging knowledge networks on co-benefits of climate and development policies,7064d9e16d29479b5c345fb3031f3ec7f42baa9b4dc31a48939b34b77e7d183e,1351
10.1080/07011784.2014.965039,Applications of water economics and policy in Canada,6ff7b254436292d63f034a7c6aeff565cf49c6cf40cdaf5ba7ac97a63438c6e8,200
10.1089/env.2010.0018,"Environmental Justice Implications of Urban Tree Cover in Miami-Dade County, Florida",e238e5d21cd1958f64a6f684ac37f9e6b774acb98dfc5d1b2321640f80e53aac,1148
10.1111/j.1745-6584.2008.00518.x,Challenges Facing Environmentally Sustainable Ground Water Use in South Africa,c5e3de0c5ff6ed1bc2485a29e0876c35e60864edae0e1bfc1948b2644203322e,1466
10.1590/s1678-9946201658062,"FREQUENCY OF ANTI- Toxocara spp. ANTIBODIES IN INDIVIDUALS ATTENDED BY THE CENTRO DE SALUD FAMILIAR AND ENVIRONMENTAL CONTAMINATION WITH Toxocara canis EGGS IN DOG FECES, IN THE COASTAL NIEBLA TOWN, CHILE",de981549aeb35fb8c20982c487038c666a63fd05f6e84d196c356b64561c2566,1298
10.1177/1757913911414770,Uncovering the potential of private providers’ involvement in health to strengthen comprehensive health systems: a discussion paper,b398ba221de49c9bfdb01bb8bda1da203ac1706913e404f9919c75f1e62ddf4a,1489
10.1080/15504263.2012.671119,Using a Multidisciplinary Approach for Pregnant Women With Nicotine Dependence and Co-occurring Disorders,ab6d84067e4a5b7b837aa827b389afe17f88d9b437fa9b4df6a2019d3c976149,1633
10.35940/ijeat.f8626.088619,Resources of River Runoff of Kazakhstan,6731a10cfa14d37d5aa05040b1e99f41ecf15f4ac3076d02e9385f7964726e6e,912
10.1360/n972017-01363,China&amp;rsquo;s challenges and policy recommendations for addressing climate change and improving public health,044e3dc76b9794d74aa1871084f3397e3cfe52fe6609188bae848fd445c46740,4116
10.1021/acs.est.5b01677,Life-Cycle Energy Use and Greenhouse Gas Emissions of a Building-Scale Wastewater Treatment and Nonpotable Reuse System,e325db827eb3906858a98a790de0fc28854c01a4ed3758ccc618f83ddcf022fe,1344
10.4337/9781781004296.00020,"Enhancing food security: agricultural productivity, international trade and poverty reduction",5d50547cdeb2427040b353f85fb71c7be6a34582eb57c5995320e402f27cb0c5,576
10.1016/j.gecco.2018.e00402,"Participatory scenario development process in addressing potential impacts of anthropogenic activities on the ecosystem services of Mt. Marsabit forest, Kenya",2e0c04cbdb2e1c7aa5091ef8c5a31b9bfa78e6bc05776ff17c42c64aba7a0a61,2012
10.1111/ruso.12060,Standards for Development: Food Safety and Sustainability in <scp>W</scp>al‐<scp>M</scp>art's Honduran Produce Supply Chains,470eee84509fddbd65ef8bc5cac01eb57e2134a1642b3841fde0cd346226d3ec,1531
10.1177/0148558x11400583,The Effect of Research and Development (R&amp;D) Inputs and Outputs on the Relation between the Uncertainty of Future Operating Performance and R&amp;D Expenditures,1dcf513c07ea84ed8b1ab397c4bead5d49e45f82b9e3470f393b92ae10a15808,1452
10.1080/18128602.2012.725268,An integrated design of sustainable land use and transportation system with uncertainty in future population,473b480c74f22a346ca35d200f667bd9d53fef891f7b8bb635595efc8d538812,1603
10.1073/pnas.1701262114,Marine reserves can mitigate and promote adaptation to climate change,db869998b30044be9781f8b365caed4b9727184f1d536f0c0ea08a242eec966a,1202
10.1111/j.1468-0432.2011.00554.x,Promoting Gender Equality without a Gender Perspective: Problem Representations of Equal Pay in <scp>F</scp>inland,900f97fdd6395b4cf1dd6fb87c50586dc7d795b76ad2efd078aa1f2c605274f8,776
10.1108/s1529-212620160000021006,"Gender and Caste Intersectionality in India: An Analysis of the Nirbhaya Case, 16 December 2012",cf062689c72efefb8d6a893e9d8ee546db202a1c8f669f50e86ef529033d313b,1560
10.5751/es-03568-150402,"Social-ecological Resilience of a Nuosu Community-linked Watershed, Southwest Sichuan, China",87d6c67edbf8cbff3d62c13592d796f50bafe1583ea593a5c21caba3d7156d4d,281
10.1080/10736700.2017.1337625,The Brazilian Navy's nuclear-powered submarine program,36bfefb3ce5c5c3f828024af1fb2c04a0f4f9c65763ece1fcb103e64c694ce48,993
10.1080/12265934.2011.580148,An alternative approach for planning the resilient cities in developing countries,cf86142ef130191d76e6d28a933a07489d9e1213e32a5c9e124e7f982dc4ceca,1224
10.13005/bbra/1425,"Bioprospecting of Halotolerant Marine Bacteria from the Kelambakkam and Marakkanam Salterns, India for Wastewater Treatment of Plant Growth Promotion",07f4945fe27b383b35532cc002f8403cf11fae28a0337aec90663500030f2652,2307
10.1093/bjc/azx082,Troubling recognitions in British responses to modern slavery,cb61e0ea09fa2cb50c40f02edf60ba664e83aa723096c0311fa046508f0e7e7e,809
10.1080/13549839.2011.579091,Urban climate change plans: how holistic?,df4577ced2b17e7d6da333c327d4a8f5caeef361ab4d12ef0f01bdabce51d88a,1234
10.1029/2017wr022323,Promoting Competitive Water Resource Use Efficiency at the Water‐Market Scale: An Intercooperative Demand Equilibrium‐Based Approach to Water Trading,5e43b3baafcd91458af839952829af3edbe927c7a50ee8bea734112e8a9dbce5,1873
10.1039/c7fd00173h,Feeding a sustainable chemical industry: do we have the bioproducts cart before the feedstocks horse?,4ec990d30ec781e9a4893a2b0d6397eea585af70b0971c1a1b17025573975e0b,1051
10.1111/jcpp.12507,Annual Research Review: Enduring neurobiological effects of childhood abuse and neglect,80e717932f54fbd6b92bea4f0c372cdd1459ed01774fb68615354ddb3cde9706,2224
10.1016/j.egypro.2011.03.025,Enhancing Sustainable Community Developments A Multi-criteria Evaluation Model for Energy Efficient Project Selection,47c4fbc8ba461195902d3092e67f813cd1fdbfd93e8e403f53712fc29ab5f947,1101
10.5846/stxb201704220730,The key scientific issues and thinking on the construction of “Sponge City”,489a1f82ffba73acbd0187ba4a150cccf44614c909b51d3831c95297f7fb3542,241
10.1080/09589236.2015.1070712,The influence of gender segregation and teamsport experience on occupational discrimination in sport-based employment,f7cb80124d0d7d4781764c8093b7b4026fab766fa47c36f767564ebfede9b050,927
10.4028/www.scientific.net/amm.295-298.2639,On Function Promotion and Sustainable Development Strategy of Old Industrial Relocation Area,db0f7863665c2c388ca3d4194898a8a3d7f96fd6b5f2aabab2d9d2bc78ec8816,577
10.1038/s41598-019-55236-1,Author Correction: Impact of sanitation and socio-economy on groundwater fecal pollution and human health towards achieving sustainable development goals across India from ground-observations and satellite-derived nightlight,099788261dd09e0846ae240a1f1daa0655b2d847562bd9d6f18ce04249d7d594,101
10.1108/s1047-004220140000014014,Becoming a European Green Capital: A Way towards Sustainability?,1cf23ab8112352f587e9cd3678922f76805100ff6738392a828ccab3086c937a,1910
10.5942/jawwa.2017.109.0051,Reclaiming Water to Rehydrate Wetlands: Panama City Beach's Conservation Park,065a302777cf9254650b3d7c23e21001d8a67e5fac80516b1636974444eaa051,155
10.1108/09653561211202683,"Institutional framework, key stakeholders and community preparedness for earthquake induced disaster management in Balochistan",4fc38259f326888875ddfa5bb9876024b107296959b36cca35c9718d04b374ae,1858
10.1016/j.envres.2016.12.014,Wild small mammals as sentinels for the environmental transmission of antimicrobial resistance,c7f2b4389938ad1e42ec05ef0e97764a4f78cb0766545102d5f91bf66be57ed0,1076
10.1111/j.1540-5885.2011.00810.x,The Fundamental Challenge of Product Design,1a4c468a6bf1e721bd9bacc614c28ca21fb60045b7a3722ceed7a7ebc2f7ded2,418
10.3390/land7030090,Tropical Protected Areas Under Increasing Threats from Climate Change and Deforestation,e1deda15a51c159911911b1e85dae10129799149d69dd4efcd6431aaca0f221f,1847
10.2166/wst.2010.529,"Impacts of housing development on nutrients flow along canals in a peri-urban area of Bangkok, Thailand",e406f949abace02ea06551a757f8203d4918f23b07c4a100bcafaf54682002e0,1077
10.17660/actahortic.2014.1049.111,SUSTAINABLE STRAWBERRY PRODUCTION IN GEORGIA,cfa68f2f8fe57cfa98f607c22c3198517800ee1002fc4e46f9cf198a4e2f9eb5,1428
10.1049/ic.2018.0024,Pedestrianization and semi-pedestrianization: a model for recovery public space in the Medellín Downtown,4de5a10f0c8cb8adbdac76552d0a250bbc6f5cca14653da719b182ecca3b2023,831
10.1186/s12884-018-1897-8,"“If we’re here, it’s only because we have no money…” discrimination and violence in Mexican maternity wards",25dd0f07b97c09c96c143ffd61c8eec3cdc8006053d52a0a8b33f292871ba4ef,2226
10.3390/su11174655,Semantic Icons: A Sentiment Analysis as a Contribution to Sustainable Tourism,7c85ef674d6ab8d011ffa89c70355effda10fa454808ec392198901e72b688ee,1538
10.3390/su10103645,Future Global Air Quality Indices under Different Socioeconomic and Climate Assumptions,f83792da2ef18351317d41fc2195e6109306a98d6d0178406dfed338bf3f0c1e,1410
10.1007/s10640-014-9863-z,Producing Biofuels in Low-Income Countries: An Integrated Environmental and Economic Assessment for Tanzania,ab9528eddba54911154500158221bf5a8621169dd44944aaea2496921a6956e1,1151
10.1016/j.crvi.2013.04.015,Des ressources végétales endémiques pour optimiser durablement les opérations de réhabilitation du couvert forestier en milieu méditerranéen et tropical : exemple des plantes facilitatrices vectrices de propagation des champignons mycorhiziens,7276d88fbbd4fb6e29d7b769c83464b949ee63169110922b2cb7fc9696059134,2969
10.1177/0886260517698951,"Determinants of Intimate Partner Violence in Europe: The Role of Socioeconomic Status, Inequality, and Partner Behavior",06679f108e4f0542f5ad6e894ec38eb08935909cdcd597f9654e5688991d99bf,1772
10.1088/1755-1315/157/1/012009,Cocoa based agroforestry: An economic perspective in resource scarcity conflict era,db44bffe19f6c851465fd4980ec9887eb1dec5320fba9889de70951e5d61743f,701
10.1108/ijdrbe-09-2014-0070,The role of individual adaptive practices for sustainable adaptation,f5faffdad66468016ae4a26f24f70983d029eee5139c5421aec090516a4b6254,1647
10.1016/j.gaceta.2011.09.025,Desigualdades de género en salud laboral en España,25c2c81062621a0ecd68e4d2ca34464dea1a56aaa5e2dac9d31baa5c4f8b8676,1701
10.1111/cfs.12642,Poverty‐aware social work in the child protection system: A critical reflection on two single‐case studies,727a2d0b6962094d9a484517ecdeb6001b9479692067cd121f1680a64cbf6257,1143
10.2495/st120181,Ancol Jakarta Bay City as a sustainable destination park: assessing crowd based on tourism carrying capacity,1f1c964df0bc0f21d090d53a22aac3ed4f48581659f3c6139bfb323a5013b850,1704
10.2753/mis0742-1222290103,"What's the Weather Like? The Effect of Team Learning Climate, Empowerment Climate, and Gender on Individuals' Technology Exploration and Use",5ae3d1ea4f02d469cc9f5c8893518c3bd95f959eeb5bf3237adaf760580350b0,2858
10.2495/sdp-v11-n2-138-146,"Towards a new local sustainable development model for a consolidated tourist destination: the case of Los Cabos, Mexico",9def181547d45ab0b25449cdf669c8761ef88d04ac521f5f3a46f0020d29e5c4,495
10.1115/gt2011-46282,System Analysis of IGFC With Exergy Recuperation Utilizing Low-Grade Coal,927846ff4db86edca156762317952a464d9c483f9753782d28a02ef542c89c30,2282
10.1108/h-06-2012-0013,Challenges and solutions in Islamic microfinance,8a40596c7c97bd7a2b97eb631121fdd2119cc251955fae36e3b0b8e7b168d119,155
10.1080/00036846.2019.1613501,Fuel poverty in residential housing: providing financial support versus combatting substandard housing,dc7aa244fc99716a20604bbfb879a57b398c936073fe92905d6f4fe69a19bbdb,1256
10.3390/w10121735,Moving Up the Ladder: Assessing Sanitation Progress through a Total Service Gap,e4bdc618b4488f85b3a0b309181280ba6a3783fbfa31687cbf9d04b9b189a46a,1340
10.15388/im.2017.80.11669,"Lygios moterų ir vyrų galimybės pasaulyje, Europos Sąjungoje ir Lietuvoje",8d42de4f3c3ea66927c644d10c4d87c2631f58c214dee09c1a3aba2ab0442c99,1293
10.1177/0886260519860900,"Associations Between Reproductive Coercion, Partner Violence, and Mental Health Symptoms Among Young Black Women in Baltimore, Maryland",ede0cb2f1471a884d4c15b224d5ea1630ec88292e5f0f687e57c1c97cd19d009,1878
10.1186/s13012-019-0917-z,Scaling Up Safer Birth Bundle Through Quality Improvement in Nepal (SUSTAIN)—a stepped wedge cluster randomized controlled trial in public hospitals,c521a883031add00b93358c720fc87e9de34fdcd9d521bff3ca75b28a8d5794a,2441
10.2166/wst.2013.777,Effect of co-managing organic waste using municipal wastewater and solid waste treatment systems in megacities,eb4e21e22ea937a04ad90b7e8602f367f26b980c82e3f1470bb73b4b9396ddc4,997
10.13287/j.1001-9332.201712.020,"[Process of land use transition and its impact on regional ecological quality in the Middle Reaches of Heihe River, China].",bcc06aba5ea3646e51054e7bbcb635ea192c0596cf5a2f60193ced5626e5aa18,1387
10.1037/pag0000154,"Socioeconomic, health, and psychosocial mediators of racial disparities in cognition in early, middle, and late adulthood.",b64e5a62ade9b9d4da8c5c07d9373e38c1d912e9aac8aa7447c6971d3a0b9c51,1616
10.1016/j.ecolind.2018.01.025,Selecting indicators to monitor outcomes across projects and multiple restoration programs in the Gulf of Mexico,19a5fd74d0d416af2603e85f45358cff4fa85ef97049b38bb6cbac7b573293ac,3662
10.1080/10549811.2016.1256221,Forests to buildings: A geography of log home manufacturing,ebba568747026dd149f8a0bf326d7639285ec3bab082a0315890c31453dc4b90,1334
10.1108/bepam-10-2017-0087,Procurement of low carbon municipal solid waste infrastructure in India through public-private partnerships,13e83425cdfa90a2c981a8b506ca6623c1bce18dc97f448ee6f78f77e4845318,1856
10.1016/j.jad.2013.11.018,Predictors of psychological distress among postnatal mothers in rural Nepal: A cross-sectional community-based study,9c244dcc1f4b655bf48b625d9edd66bb306b56cf284735b4ed264dfce062223b,1965
10.1007/s11284-014-1230-6,Changes in the composition and diversity of bacterial communities 13 years after soil reclamation of abandoned mine land in eastern China,0dc2020f441d5ce3c00c4b5ac08085f774b61a164796fbf33ae35a1075234ca9,1729
10.1126/sciadv.1701833,Seeing slavery in seafood supply chains,3d93cafef1d37845f95d5431cd1cce59e272f0d1082e5836bc563add39f5aa11,1339
10.1080/00049182.2016.1277074,Urban Sustainability Indicators: how do Australian city decision makers perceive and use global reporting standards?,4a44c453523a859dd015c3c51ddb6c9c29bcec988ccb80321471c736e6374597,1378
10.1080/09654313.2011.638492,Towards Energy-neutral New Housing Developments. Municipal Climate Governance in The Netherlands,70ed7d37b4f593b6d1aa988c7e382cbe7af7cef915958e106f12f94eb1565f7f,1482
10.1080/02681102.2017.1335281,"Employees’ collaborative use of green information systems for corporate sustainability: motivation, effort and performance",c324101e0219142ed2875156ec47847c163facf81b104ef2249683330c2eeaeb,1290
10.3390/su10072338,Organic Private Labels as Sources of Competitive Advantage—The Case of International Retailers Operating on the Polish Market,296f6c8d1a99bd277a6383313073e7e01a6de5a839c18997e429fce69a31c5ba,1532
10.1016/j.scitotenv.2018.01.040,"Integrating the social, hydrological and ecological dimensions of freshwater health: The Freshwater Health Index",a43e949bed5fb28b7f422a589416231487742770ea9f9aad92b7b3171871cb76,1660
10.1017/cbo9781139344258.006,"Crafting the neoliberal state: workfare, prisonfare and social insecurity*",dc9594f73825b4311038f7dd26fba2accc3761a91383ffe721b03cc61257e97e,159
10.1109/inaes.2016.7821941,Sustainable supply chain management: Transferring from developed nations to developing countries,a007646319703e60af63c973ea78571b5ced931f56b62f64cd4838af88c7f624,1317
10.22616/erdev2018.17.n442,Valuation of public goods and ecosystem services provided by agriculture,0b0d3537ae0b4ca4d271eca02288843ec63b6c59d191170388db43fb70215141,1824
10.1117/12.2067225,Pasture evapotranspiration as indicators of degradation in the Brazilian Savanna: a case study for Alto Tocantins watershed,983df9e0af1ab18d0bde3db94b0528760031fb17a190f4fa25b3336a6d232938,1149
10.1186/s12992-017-0261-5,Harnessing opportunities for good governance of health impacts of mining projects in Mongolia: results of a global partnership,522d44dbb564cecb57b4aec7e8a6b8e6ea45014e242697eaa5dba8a125b2068f,1983
10.1177/0260107915582295,Employment Programmes for the Poor and Female Empowerment: The Effect of NREGS on Gender-based Violence in India,17f4c79177c788d95acd216e61d12f79029a712a6ee8da05b92450800b828833,746
10.1080/19376812.2018.1480394,Tensions and controversies regarding child labor in small-scale gold mining in Ghana,353c77f04331b6d087276244545a4ee95b360d9b8f280a648b540f526e9e4d51,1360
10.3390/agronomy8090189,Synergistic Effect of Sulfur and Nitrogen in the Organic and Mineral Fertilization of Durum Wheat: Grain Yield and Quality Traits in the Mediterranean Environment,b6a0fe7ba3f7834d12977de80e29618ea1caf41876cb8874cdb1ebb1732c5843,2453
10.2166/wst.2011.261,Integrated urban water management in commercial buildings,3437ff1cef72b5277d536815c6e8e6a054104c62cc45ee208ec1967a99bad785,853
10.1093/oxfordhb/9780190638276.013.28,WPS and the Association of South East Asian Nations,ff7646555e53c59ab7c135958153a37d3954b9ee999b73c74c3c0c2c39f54b9c,1043
10.1371/journal.pone.0157624,The Impact of Emotional Solidarity on Residents’ Attitude and Tourism Development,5352569b17ca27ecd512d94c403192b17d1505b1811617daf3029e0c15a2e572,1432
10.1089/jpm.2014.0095,Reported Availability and Gaps of Pediatric Palliative Care in Low- and Middle-Income Countries: A Systematic Review of Published Data,d4fffcd3896a7be458decd874feb49a081f8106d822b15d8861721b23f1f6ad9,1900
10.1017/cbo9781139095686.028,Poland,b2944d9fe054180efa10dc0b9fefd1565fea1d08a6f0fe8979f25ec91c2e2f82,123
10.1016/j.jum.2018.03.001,The realities of Lagos urban development vision on livelihoods of the urban poor,a0521aa1c22ccf8d1f195610df10050fde942a977808214677e0ec726afd8085,2110
10.1088/1748-9326/ab2f4c,Which are the factors influencing the integration of mitigation and adaptation in climate change plans in Latin American cities?,534861d4fa62545ee9b214b7a8c9172364c8341e1e6878592b8ffe9981a47769,1841
10.3390/land6030049,Scenarios of Vegetable Demand vs. Production in Brazil: The Links between Nutritional Security and Small Farming,d3efd1fd722362b626d882b2f0d81e24e04fe22bb75d488c79c74e8a06ccdc0f,1473
10.1590/s0103-63512013000200003,Igualdade de oportunidade entre os estados brasileiros: uma análise microeconométrica com base nos dados da PNAD 2009,d75eb761ba45490c334bceeed8a5036444c366fe4c96ec7c7bdaeb4c01463287,640
10.1111/manc.12160,Short‐Run Dynamics of the Trade Balance in the Emu‐12 Countries,ebfdb17fd57ed8679667fddf110167ba686a49bf7f39243710d1c24f4bc277af,722
10.1186/s13640-018-0326-2,The research on edge detection algorithm of lane,10a6a2ad5d46274ae8fdfb95b9719b305f81962742d51b66101aec2429e01df6,2377
10.3923/ijar.2015.54.64,Farmers’ Based Technology Development for Sustainable Cassava Production System,285dd6136fc92a9bfb8f1ca06878b99dba1d12d6c83a972488f6b5e8e377bfb4,1573
10.1163/22134379-17502023,The Countryside in Indonesian Contemporary Art and Media,66576432a24c8453f6ca3ada3d29080fe74017cf1a12d35bd42270d1410c8dfc,1097
10.1061/41173(414)279,AgriMet: A Reclamation Tool for Irrigation Water Management,18c0ec0962b539ff2c8e595d0f8916f03f13ce6ea5656bf47cb42322f30933b5,1944
10.1109/redec.2012.6416715,Advancements and external assistance in the fields of renewable energy and energy efficiency in Lebanon,35ace122b4b89abee1209bf5fe18e95ef1a29c0cf8620d44bb42641dca68a761,973
10.1134/s009780781303007x,"The use of a spatially heterogeneous simulation model for studying biotransformation processes of nitrogen and phosphorus compounds and the dynamics of oxygen dissolved in water in the ecosystem of Neva Bay, the Gulf of Finland: 2. Input data for calculations, modeling results, and their analysis",294923fd3e210c521ea465c193ef39b88974cb2904606a51b09faf27771b8026,1246
10.1108/jcom-05-2012-0035,"Sustainability information sources: employee knowledge, perceptions, and learning",db9493e465ef030a4821838bf61fe5135ac5ea205925f2177e7231199f8af950,1625
10.1024/1661-8157/a002447,Ultraschall in Entwicklungsländern,a45beb241c23936f4b306be013e32202de781c52d345d28e80aa53b6fac120c0,1016
10.1080/02791072.2014.934978,Intimate Partner Violence and Reproductive Health Among Methamphetamine-Using Women in Los Angeles: A Qualitative Pilot Study,494b6a20894bf08f7f0eb77647c34e70ce92f23f5e5b06bf86dfb97cafda66d5,1340
10.18352/ijc.327,Controlling illegal logging in domestic and international markets by harnessing multi-level governance opportunities,634663b0c4d97da9eef466ed139aabdf91b811b784a747124fdb0c800ff095b7,693
10.1080/13557858.2010.541903,‘All her children are born that way’: gendered experiences of stigma in families affected by sickle cell disorder in rural Kenya,27957ea73102f2112659d5968e2113614b98752da1614fe016d754f2df416d59,1880
10.1051/epjconf/201714606002,Methodology and issues of integral experiments selection for nuclear data validation,93be884115503b0639b7992db1b149597be63c596cf407cccc757c35500f3d4d,1384
10.3935/cyelp.12.2016.238,‘Europe 2020’ and the EU Public Procurement and State Aid Rules: Good Intentions That Pave a Road to Hell?,18a8c0e4f7f485f9e279db2ae7f635b108fca6c9de6c7c10dd486a04e661a94d,1518
10.3390/recycling4010003,"Waste Plastic, the Challenge Facing Developing Countries—Ban It, Change It, Collect It?",d5de9970847d8b2ede50754e845702d93cc9cdd44345d7f99cd489503cca7935,1138
10.1016/j.egypro.2015.11.351,Low Carbon Economy in the Cities of China - Possibilities to Estimate the Potential os CO2-Emissions,da5d0ec80b4e0abda4c2c8afb25e83ba03f58c4662282a16acf6e275ad6931f7,1044
10.18848/2325-1662/cgp/v10i04/9-19,Using Building Energy Models in the Evaluation of Retrofit Strategies for Industrial Buildings in Italy,beff48b6f9d9bc90675de7b061e7f21f4a63925db20a56577ace018caaa939dd,1598
10.1186/s12939-017-0647-2,Conditional cash transfers and the creation of equal opportunities of health for children in low and middle-income countries: a literature review,d56bc72fa91d341b4eba9e27e12dfe479621d690a768d8b19d028cf99aa077ab,1683
10.1111/j.1468-4446.2010.01327.x,Recursive cosmopolitization: Argentina and the global Human Rights Regime,924f4dd062380409d2ec979b9ca8a3c4bf5915c1fd0114d8d2c28f530f39ce05,1591
10.3389/fpls.2017.02127,"Plant–Soil Feedback Effects on Growth, Defense and Susceptibility to a Soil-Borne Disease in a Cut Flower Crop: Species and Functional Group Effects",7bd97e60e9660e82ba91da181259723b20e6eed1691c4a277623a4d4a14041ba,2193
10.1108/978-1-78756-291-220181006,Marketing Sustainable Tourism: Principles and Practice,b607b8f96ccf719e21346dccac5766debd43f2d91baec2ec4372e74466ca3507,1795
10.1016/j.proeng.2016.08.173,From Disaster to Development: Finance Provides a Platform to Empower Technology for Resilience to Climate Change,f8c225eb18b5f9dc441e113b2b24ca90f31bde982d0f043d8de00662117dff3e,1087
10.4324/9780203797082-27,Institutional arrangements of wood-pasture management: Past and present in the UK,8f3de627d428cfaac6744164a5b7a8bbf15f42fc2e22ee630f93c220c7029c49,3480
10.1177/0886260514554292,The Sexual Exploitation of Girls in the United States,e1ab671a0563e8a9a7aba26a7618586a4a535661da2d81164cf2f9ff9ea7ce07,909
10.1504/ijetp.2018.095604,Role of public R&amp;D funding in fuel cell: analysis on Iranian universities,d812e3ceccbd625f010a40b6157ed08fc55e81bee75b782f20a4c590b7a37b99,985
10.1163/157180610x529573,Negotiating International Development,b5b1967a8d6d5cfeb7a43e7cd58c91b1c0002b49d32fae54671073c51a35028c,747
10.1371/journal.pone.0210849,Maintaining close canopy cover prevents the invasion of Pinus radiata: Basic ecology to manage native forest invasibility,c8210391d6f437a372f5f1bec99ececa9110a29b8bbb2af57c7a78db9f5c8bb3,1313
10.2495/ut150131,The influence of mitigation policies of the International Climate Change Regime in the reduction of greenhouse gases in the area of transport,99aec58cf12506716e7755b02d49d72e4618e520267bd91c0c22a4829c3a742a,1468
10.1111/ecc.12654,Cancer control-A global perspective,0e62fefa6ba53ed1e8b4969e8088c3bff6fadfaa68b1c068a2133539f5aad0ef,1307
10.1002/hyp.9732,Evaluating actual evapotranspiration and impacts of groundwater storage change in the North China Plain,b4fdf7f7cd3df54d8354013921eb680b0c865b7acc59f2e53366b7985f2307a4,2104
10.1016/j.egypro.2013.07.002,The Post-Kyoto,c614b8ce037cf193155086bcd7c264fbc09b8a17e9e37f0bba1a1e2319ec3806,2774
10.1093/jisesa/ieu152,Short-Term Effects of a Revegetation Program on the Orthopteran Diversity in Oak Forests of the Southern Iberian Peninsula,e26c106f1c0bac55890eac4231f7fc93ed987d272e43191f3d4971d794fd85fc,1534
10.1177/070674371405900805,Family Violence among Older Adult Patients Consulting in Primary Care Clinics: Results from the ESA (Enquête sur la santé des aînés) Services Study on Mental Health and Aging,79d6169226d8453a2c701dfbbaa2f5dd754293f45f787673342f8e8788f78174,1443
10.1016/j.socscimed.2015.07.024,Interactions Between Teaching Performance and Student Achievement.,5958b2b799c8385894eda1e98caad5c5704fcfb8a24c9a108cbe2f7ff08d2290,1499
10.1080/21683565.2013.774303,Conventional Food Plot Management in an Organic Coffee Cooperative: Explaining the Paradox,a3fd2e84a72a3d64b8169e6536b277cd9811de52d84a2492a7265149783b0d08,2787
10.1080/09669582.2018.1511722,National culture as a driver of pro-environmental attitudes and behavioural intentions in tourism,7ac3aaaf0520f86dcc5b86a49daf868b4b81c58e7e57a4f80ce5f08b56cbee0d,1230
10.3303/cet1545303,Environmental Sustainability Analysis of Technologies for Electricity Generation of Renewable Energy Sources in Non-Interconnected Areas from Colombia through the Use of Fuzzy Logic,12a4afc4ee9022bc34c3be57f4dc2b7c5a19159321a2144959e92ce5ca855ac3,765
10.1177/0379572116654772,Factors Associated With the Risk of Acute Malnutrition Among Children Aged 6 to 36 Months in Households Targeted by an Emergency Cash Transfer Program,b123252152d8534eaa03cd0f4a0a09e15d6e13366c9f458bab8760c6d1c97179,1744
10.1016/j.pce.2018.11.001,Spatiotemporal variation of heat fluxes in Beijing with land use change from 1997 to 2017,bf54ccd2f9809ea852cfe01744597c3fe3c74de7fec5524390dd6a2897cfaecf,1556
10.1002/ieam.1820,An integrated vegetated ditch system reduces chlorpyrifos loading in agricultural runoff,104bef6d25c0c7f50019441fd885c017469dd7e20173b020196638c880574c79,2088
10.18294/sc.2018.1207,"Análisis espacial y del entorno físico de accidentes de tránsito en la ciudad de Resistencia, Chaco, Argentina",48ac3328abfba6534940690721be1609fa17ed7663d3800834ac55bf8e2d0123,1309
10.1145/3152130.3152145,iPig,e234bc21d55dbc63453b24c7b3db5a1af2cbb5527c42d014b854d9a3315db615,1243
10.1186/s12939-017-0648-1,Examining changes in maternal and child health inequalities in Ethiopia,7244ba32e366cd20e910c1d43906376e04f9301f56b2bd2d392d9d0980ebc783,1599
10.3934/agrfood.2016.4.387,Conservation Agriculture and its contribution to the achievement of agri-environmental and economic challenges in Europe,7152e27ada466d342d22c0fdb00fefa9fc7dbb566e820d864a9b59d46c7637c1,949
10.1017/9781316494158,Discrimination laundering the rise of organizational innocence and the crisis of equal opportunity law,aa906907fb2ef2a23fd692223fce0fb86c4f174b23ec73377e857da52bc44609,1014
10.4028/www.scientific.net/amr.907.329,Contribution of Body Lightweight Design to the Environmental Impact of Electric Vehicles,130b1bb97214a172ffba97f70dd5363dfb9d165b27038b064e9f2b5badec9733,2383
10.3390/agronomy9080463,Distillery Anaerobic Digestion Residues as Fertilizers for Field Vegetable Crops: Performance and Efficiency in Mid-term Successions,13b58ef06c2af70edf3f6e60f630c168236f7411757ed0c73cf5069a9945d339,1466
10.1016/j.smr.2015.01.005,“Sport for Development” in developing countries: The case of the<i>Vilas Olímpicas do Rio de Janeiro</i>,9f12407aeab7a560f48eadae1570bec91e83dd72cf2d6beea431e82443e86bfc,248
10.3390/ijerph13010002,Statistical Validation of a Web-Based GIS Application and Its Applicability to Cardiovascular-Related Studies,7b07d315452d55e521a6801c0a09f939d22d0c00c52d393129211ca2d1c14a5f,2009
10.1017/s1744133116000426,Raising more domestic money for health: prospects for low- and middle-income countries,429ac0af855b232327379beebaf675a27873b387308dad2e37e721f1b91f80f9,879
10.1177/0954405412464932,Machine tool optimization strategies for ecologic and economic efficiency,a6fc7a5448aef49ad1dc872daca62c7161a4513f2e82fc75989da63a6b4c2d89,1178
10.1080/09669582.2013.861468,Inhibitors to host community participation in sustainable tourism development in developing countries,40d522e56696ce3cae28f74093c8a86e5c9263c01dbf72775d22022c2dc77e3d,1478
10.1109/oceans-taipei.2014.6964384,Life cycle exergy analysis of an anaerobic digestion system using marine biomass,e040fa04bd2a5bdd0743e1617de299c9faf1e61509929e65e6dba46398397b1c,622
10.1109/cisti.2014.6876907,Intelligent management of urban garden irrigation,dcdb55bc246226c7ee083cc79e8aafbd358caff0da359cd505850f9cdbc22705,1384
10.3390/geosciences6010007,Screening the Resilience of Short-Rotation Woody Crops to Climate Change,4b10e0a085e15ebae5bf61c7ad26ba4803347b151bf6f9ed589cda2ce435ce39,1541
10.1007/s10668-014-9514-0,Fast increases in urban sewage inputs to rivers of Indonesia,a3f034d25cade8e0f50d1a09a129d47876011df04ffe33d443e2d77f7cacad98,924
10.17645/si.v4i3.668,Transport Policy and Social Inclusion,4ae5bde4beb01b95b2a0aeec7dba3891e90645bcf09822bf71919e95986d00a9,1438
10.1080/08920753.2010.483175,How Digital is What Divides Us? Global Networks of Practice for Coastal Management,0fa7b8f2bc65e41294633b5211c322c0484a713e167ac4d42fdc430b9c49f44b,2492
10.3390/w10060747,The 1987–1989 Phytoplankton Bloom in Kaneohe Bay,8dc8cd8ab41e91b4b5cb45d395ec6cb215cd5c507a4554e847a7150575f2b772,1424
10.1111/appy.12031,Care for the seafarers: A review of mental health in Austronesia,d5c025caaeec2b6c4d1721ea27d54c602f7350bf5d129d7d8dc6cec03dff64b4,1867
10.1057/jors.2011.115,A system dynamics sustainable business model for Petroleos Mexicanos (Pemex): case based on the Global Reporting Initiative,e651ad06a4a0c45d23ce9dd3013b16b09b21b69e146540f25d587b52b8532279,1077
10.1093/ofid/ofz351,Maternal Factors Associated With Infant Neurodevelopment in HIV-Exposed Uninfected Infants,771b02d6dbeb3304e80f74629300cd6b5d54f620075f0f2cd88f1d05c540383d,1652
10.3390/w7030918,Carbon Footprint Analyses of Mainstream Wastewater Treatment Technologies under Different Sludge Treatment Scenarios in China,8a1209d0c4e6e24edadea2a5bf78206c530399228f74fbcb0c43624696bdb8bf,2177
10.1002/sia.3848,Development of methodology for surface analysis of soft magnetic composite powders,75bb482685a53c5d33822ef01713848de309f7c59a7bb22ef0af44ea7ac53945,1903
10.4028/www.scientific.net/amm.638-640.2423,Research on the Life Cycle Cost Control of Urban Complex Based on the Sustainable Development Theory,ea1322e9b32dc65f3dcf04fad65c1397560b656fc4941f8769fc04cac0b0b910,942
10.1017/cbo9781139523905.036,"Vulnerability, impacts, and adaptation to sea level related hazards taking an ecosystem-based approach",dc9594f73825b4311038f7dd26fba2accc3761a91383ffe721b03cc61257e97e,159
10.1109/iccad.2013.6691153,Unleashing the potential of MLC STT-RAM caches,b96ff0fe619f4bcabde84761834fc3f25ecb2931323386de79b7e2a2a041aede,1466
10.1093/jamia/ocv204,Beyond access: barriers to internet health information seeking among the urban poor,c75b56028c54012eda5771a424c4f4faa7d8ca4a6f0fdaa17ec69798f9c2cf80,1757
10.1386/tmsd.15.3.195_1,R&amp;D expenditure and economic growth: An empirical analysis,8b9ba38094f66f8a063fcb5e7b04ca7415076ec1c914b1bf47acf18e77100d4e,1067
10.1007/s11269-017-1575-z,System Dynamics Evaluation of Climate Change Adaptation Strategies for Water Resources Management in Central Iran,4190be7c13d58727fd9912587cb6fc67fa22006afbcd8710bcdefb84f4312a62,1056
10.1057/978-1-349-95025-6_4,"Oil Rents, Political Institutions, and Income Inequality in Iran",f8456f6edfbc85fea245dc747f9db11759a6a4d9f88b264131e4c9e89ab4f84f,870
10.3390/su11247158,"The Evolution of Sustainable Development Theory: Types, Goals, and Research Prospects",cf84246dcbcefe6324a25ea24c7746fbc6268848ff93872a9dab6e500895e7e7,1412
10.1016/j.piutam.2012.03.017,Cohesive laws X-FEM association for simulation of damage fracture transition and tensile shear switch in dynamic crack propagation,00027f081c1fc6574e1a69616c8513a57f7010c8b0480ef0071ba801e82dcd36,548
10.2495/sdp-v10-n1-20-28,Technologies and strategies to design sustainable tourist accommodations in areas of high environmental value not connected to the electricity grid,4c7f1396cbd66c1c5106561c7d4a9831414f48f026018794a569a021dc29f8da,2630
10.1080/13648470.2014.881461,Nurturing compassion through care-giving and care-receiving: the changing moral economy of AIDs in China,c95b42b865e200958134d13053f7f22d5a72f3be94796d5bfee5932da3a9a214,1287
10.1007/s12544-011-0059-0,Toward an urban transport sustainability index: an European comparison,c078f5f48a00bd91f6da8ea818d6b24fc595779a01b0dee66707ad82df9a9b72,1758
10.1111/sifp.12018,Integration of Family Planning Services into HIV Care and Treatment Services: A Systematic Review,cd1459492dd6fdd7fc641885086f2f31ce13590755fb27ef5bf3f98d212b8482,1402
10.26773/smj.190203,"Age and Gender Differences in Nutritional Status of School Children According to WHO, CDC and IOTF References: A Statewide Study from Montenegro",d8b6f091bf5f91badf018e0d07ede9db3ee7f8321ba094e06e7116d4dd22b0c3,1394
10.1890/13-0753.1,"The interactive effects of climate change, riparian management, and a nonnative predator on stream‐rearing salmon",9933bb383e8012d2549f179b5c294fac5fee986add55da59bbfb31902bdb025a,2413
10.1002/etc.444,"Toxicity of water-soluble fractions of biodiesel fuels derived from castor oil, palm oil, and waste cooking oil",4337821fd6e16e142d049d9f56933e1106159f265057a0974b7fbfb9767a2674,1392
10.1088/1748-9326/11/11/114025,Identifying regions vulnerable to habitat degradation under future irrigation scenarios,656900c6aa23a4d5ad1e2ce292c2f5003b14574fe10a82d051b91b3771829058,1541
10.13031/trans.59.11585,Synthetic Scenarios from CMIP5 Model Simulations for Climate Change Impact Assessments in Managed Ecosystems and Water Resources: Case Study in South Asian Countries,8d4872c7cb955efe173ff04e8312d50c94053274f957453267996801bb4b5e3e,2388
10.1108/ijccsm-04-2017-0089,Stern review on the economics of climate change: implications for Bangladesh,9f0470954cf6065d3e5fa9d8ce3431f7f769249ad10e1873a8946c100dc66015,2374
10.1002/pts.2294,Effective and Eco‐friendly Lubrication Protocol Using Nanodiamonds in a Dry Regime for Conveyor Systems in the Beverage Industry,53d87842759eb2c5a9bf086a68c505bf8aa5905e117e08e6c42987937dca8381,1771
10.18820/2519593x/pie.v35i2.15,Curriculum responsiveness within the context of decolonisation in South African higher education,107fe8ee3288e72adb4114a143d9bd2e3b6aadaf4767161bb102ac1be77c8145,1663
10.1021/es1018674,Household Water Treatment and the Millennium Development Goals: Keeping the Focus on Health,cca154c457fe573ede9ea05c8bbe3e58465205c7d55de65863b02f6845bc4501,1568
10.1108/02610151011089528,US employment discrimination cases: does race/gender matter?,4681d166a8619ad5dc9cb1fbf4fab2a684641277edcf52d3ce9d64b640897975,1691
10.5751/es-06524-190255,Biblical Influences on Conservation: an Examination of the Apparent Sustainability of Kosher Seafood,9b87b35e5de2b6b219e48c968827057cd5af846a31b24dd08fe35d1117a2619e,219
10.1515/zfw-2017-0038,"International capital flows, stock markets, and uneven development: the case of Sub-Saharan Africa and the Sustainable Stock Exchanges Initiative (SSEI)",cd1242f64ae7daeb343d34816873a99b4883511958d878c5952d7ae2b6dea85b,1855
10.1002/9781118447697,The 10 Principles of Food Industry Sustainability,651b8bc520f4e03c1d9c80cb7d78da8e5a770debaf47dbdf2acb19eb4b0d4917,153
10.2113/gsjfr.46.2.149,"ENVIRONMENTAL CONDITIONS OF SHALLOW WATERS ALONGSIDE THE SOUTHERN CORNICHE OF JEDDAH BASED ON BENTHIC FORAMINIFERA, PHYSICO-CHEMICAL PARAMETERS AND HEAVY METALS",8646a17fdcc9cf1513a663bdbaa6cc28d3697b3eca55f85f4f2e3e7c3c4302be,4809
10.1111/apv.12016,‘It's not about believing’: Exploring the transformative potential of cultural acknowledgement in an Indigenous tourism context,331ebbdede334205a8e47fab9d452bbea54bb0308f6a1153f3087b17b6fa655a,1520
10.1016/j.rpd.2017.01.008,DESINCORPORACIÓN DEL SUELO COLECTIVO Y EL SISTEMA URBANO EN CHINA 1990-2015,1ab6edd9b2d21cfb1bbadb5812a497b4badb5a6f38d941a8b06eaeb9d191b037,571
10.1051/matecconf/201817001047,Public-private partnerships: approaches to assessing economic effects for stakeholders,57f6817e784673ff54954ea7a128f9b42c5937cb7c1e369428c3cc131a37e6a2,1293
10.1088/1755-1315/338/1/012029,Pranata mangsa and the sustainability of agricultural land resources management in Imogiri sub-district of Bantul regency,990aac91d96dcc573cb6f954955380d76ea9e9204ab882192b8ce87e7ace17fd,2304
10.1186/s12978-017-0345-y,Looking back and moving forward: can we accelerate progress on adolescent pregnancy in the Americas?,0101c38de6868c7bf04398b410a6ad777ae37aa24616422ad1d988ead637f0a7,2179
10.1590/s1413-41522018170117,Potencialidades e limitações dos instrumentos de mensuração da sustentabilidade,c002d815e52f2f6a6575dc3be283aba198e4ddd0869aa57311e6d511f23d01bc,1418
10.1542/peds.2011-2663,The Lifelong Effects of Early Childhood Adversity and Toxic Stress,dbef34d1406d40510d6a89aa842de5047d2fcb4782ca45d883f4e1c857de2bcb,1863
10.1108/bfj-02-2019-0112,Hydroponic cultivation: life cycle assessment of substrate choice,adf1a065990f5c26c7ea25141bcd7362e2e8e0be88e985fdf250b5d4954fed3b,1757
10.1177/0975425319859149,"City Profile: Manila, Philippines",a15fd4e08d4648ca0acb55673d3b0781ac4acdda989172f6d2a0885ee2afe03a,1206
10.1016/j.promfg.2017.07.271,Virtual Maintenance Simulation for Socially Sustainable Serviceability,75eb9284a14f86997611e38c6672e1076cc52b9b497c608e27e13650295408fb,910
10.3390/su9112059,Energy Efficiency and Its Driving Factors in China’s Three Economic Regions,10646eff64060cb68966ebb070ae7baf8451ce7d14427571dd15387f4d8b2cd7,1056
10.3390/su8121215,Microalgae Potential and Multiple Roles—Current Progress and Future Prospects—An Overview,c39398780ef27c1fa11a84b80582da720528de41e4ad2782d9eefc74673f7d02,1366
10.25260/ea.18.28.2.0.644,Aproximaciones al estudio del comportamiento de los productores agropecuarios en el Chaco Seco,0982471c6db7ddc0f7b82761456c6e73b24a23810cc925a0b9434982f488538a,1802
10.24425/aep.2019.127984,Fecal sludge management: Insights from selected cities in Sub-Saharan Africa,5fc1bb2f247eec5cb9d898cf46f4cb2aaa065e4c1d8a758927527b4dbb70fa5a,1037
10.1016/j.iilr.2011.07.008,Continuing professional development for RMIT International University Vietnam library staff: Adding value through an international partnership: A case study,6f660c80979f488c145f68e0dc50fb4024badfc941841226671f3548d78e5bb7,1701
10.3917/med.166.0101,L'économie informelle en Haïti : un impact contracyclique sur le PIB ?,192f2aa3c026e01863304741eff40ac322710042f1affc7fe4ef9a78aa9ab6e9,658
10.1109/icitm.2018.8333934,A trade-off model for green supply chain design: An efficiency-versus-emission analysis,ca3e8cc1e08699b5c50bd8059d85bb13faedf3380d689ca8083221a25b43a68b,1098
10.3390/w11112228,A Rapid Assessment Method to Identify Potential Groundwater Flooding Hotspots as Sea Levels Rise in Coastal Cities,b1a0b796907791c4f6fa80b1332650b74b64953e873341980722df9dc4e09c2d,1209
10.4337/9781783478996.00010,Matching an ecosystem services approach with Social Impact Assessment,e5ccd8752f621ad92e9c92368c8ccd07d8003bb1ef79a9b335d000c5b75470f8,2267
10.1080/13504851.2011.619488,The male–female pay gap across the managerial workforce in the United Kingdom: a semi-parametric decomposition approach,cf0952c380b3d8cbd54b893847800def8ea969ba9b1f48cc8d9f46676dbaf646,617
10.1159/000484512,The Nutrition Paradox in India: The Coexistence of Undernutrition and Overnutrition,16672c83f80b2a2bdf3af1d8699db4589794b711bf897ec4f35eb5a17dbaf5fb,1207
10.4028/www.scientific.net/msf.913.1018,Comparative Life Cycle Assessment of Autoclaved Concrete Blocks and Fired Blocks in China,04d32cb6eb21e4c8f9bdda39f6f4ff12fed7bb237df04fd6f6a866aa71623092,1117
10.7705/biomedica.v36i2.2896,"Factores asociados con la anemia en niños menores de tres años en Perú: análisis de la Encuesta Demográfica y de Salud Familiar, 2007-2013",d70ed3222e51cd9d0378f369d01df57a9e91b3c717cdf1b77f3d114d9c493784,1616
10.1080/02185377.2010.492986,The Correlates of Corruption in India: Analysis and Evidence from the States,1c1f6b0fe6642549562d039282c119f07e7bebecd39a39d12745dea09c17eac4,832
10.1787/eco_studies-2015-5jrp104kjn5j,Policy challenges for the next 50 years,db1ecddc36d214a98800a3a1ed63246894250db564ea3192df1616fecc630d72,1459
10.3390/ijerph14050468,Assessing Greenhouse Gas Emissions and Health Co-Benefits: A Structured Review of Lifestyle-Related Climate Change Mitigation Strategies,632948fb2505956204c36add781e67a977213e0f6988feaff0b126b05b1c3d18,1591
10.1080/13658816.2015.1012512,An improved artificial bee colony algorithm for optimal land-use allocation,ad527856f5fab993a91bcc01ee00ba2544e71947b91b6a32918eeec0eea212b7,862
10.1088/1742-6596/1021/1/012049,Shielding analysis of Transmutation Experimental Facility,986f9e5c1cfd9afa463c81acb53207f768915940f69d82eb4beeb8fdb01ed2e0,782
10.4103/ijph.ijph_296_17,Cyclic reheat materials evaluation - Part 3,53818e0e26fa674dbf7b18b4277645592125222e18f30474b51cdf5104c0056b,1000
10.1097/cin.0000000000000077,Association of eHealth Literacy With Cancer Information Seeking and Prior Experience With Cancer Screening,ed558bc71b1b3a2f22a0423a8e99f0ee1eb369f4016b2d0012c1add7e4be26c3,1337
10.1111/ejss.12383,Pore‐size distribution and compressibility of coarse sandy subsoil with added biochar,4080d340048d2cb6c626ba061c560c59fd9dccc0e8cb4456e921a4860c5c240e,1783
10.1061/(asce)co.1943-7862.0000151,Tailoring Competitive Advantages Derived from Innovation to the Needs of Construction Firms,080b463fe48d582c871a185f9e3c2db91a933402d868a999843b90cd7bfbba01,1704
10.1117/12.2241731,Evaluation of bispectral LIDAR data for urban vegetation mapping,467d14a6d5d6c00e803ce50a47d2ac4b6f660282cd537dcf75c7602e171af58a,1680
10.1080/09654313.2012.673566,Questioning Polycentric Development and its Effects. Issues of Definition and Measurement for the Italian NUTS-2 Regions,fe4de52fc8b8ac2c33ef560d56037a9632b43dca551f4cfc416217e61d4e3802,1189
10.3389/fmars.2019.00576,Building a New Ocean Literacy Approach Based on a Simulated Dive in a Submarine: A Multisensory Workshop to Bring the Deep Sea Closer to People,11ff776d4630f66636ea434fde0326e22bcf9329355c207501b0eb8b0d06b617,2209
10.1177/0020872814531306,Family leave for employed women: Interaction effects of gender discrimination and household responsibilities in South Korea,12fc4cee3f2338adf2fda8b3ed7d395472b3a56a9db82fe36a1a7eb808b64b13,1123
10.1080/1743873x.2018.1435665,"Sustainability and visitor management in tourist historic cities: the case of Santiago de Compostela, Spain",6fe7b2a2f99e7ee6bace9fee74a23afaba15014b562c3b1a4d39d4f2783def59,1081
10.1016/s2214-109x(16)30187-5,Tobacco use and second-hand smoke exposure in young adolescents aged 12–15 years: data from 68 low-income and middle-income countries,1975eb19fd815b80c7aec48da7ebc969adedbc466bb5d88d49ff7534e24d6c9a,2721
10.1186/s12863-018-0690-z,Identification and validation of QTL and their associated genes for pre-emergent metribuzin tolerance in hexaploid wheat (Triticum aestivum L.),a788358e1d2bb0d8d32a20809d6b399c41fe4cb7a6293e6a1931f149ec9dd1f6,2352
10.14254/2071-789x.2018/11-3/20,Does governmental microcrediting benefit child labour in the poorest regions? New evidence from a transitional economy,5eb1f15fe27603f70e56beb3065b4c8eed113e00ab263fd747825ea0c5c4d187,980
10.3390/su11174613,A Sustainable Development Strategy for the Uzbekistan Textile Industry: The Results of a SWOT-AHP Analysis,df1fffaba0b50c2e9703a573040c86df631a795866e75a2b1d2a51f006414889,2006
10.3390/su71215838,Life Cycle Building Carbon Emissions Assessment and Driving Factors Decomposition Analysis Based on LMDI—A Case Study of Wuhan City in China,bc1f9423e70710d536b489ae7f67ac31cb01d797fc2c6adceb1073977e739ae2,1078
10.1108/17537981011047934,"Syria's next generation: youth un/employment, education, and exclusion",6ad82eaa1729a6f639b7cc89fa19f40dd175cd0a83d0d6fbbf6aae1cca739271,1613
10.4324/9780203770696,The Nature of Prejudice,cc923dac76144ca705435b300e7c984d4bef0d57ed50d01d196baf94a9c3f8ac,1343
10.1590/1518-8345.1141.2782,Sexual violence as a limiting factor on the perception and management of the risk of HIV in women married to migrants,63f90dc21e3f02cce543f7bd0209bca8e89c1212739f8a0cb828607396d37c99,1165
10.6036/3556,EL HIDROGENO:UNA ALTERNATIVA REAL A LOS COMBUSTIBLES FOSILES Y A LOS BIOCOUMBISTEBLES PARA AUTOMOCIÓN EN ESPAÑA.,dc3d5912c17af8b3a15f3cd64c84991bed666c785f84958abcd6a534b783ed62,916
10.1080/01490400.2013.831285,How Muslim Women in The Netherlands Negotiate Discrimination During Leisure Activities,830fc74b7ec32b56d47c6ab18a0c93b0443e644963085fe56ba879577840f660,791
10.1007/s10896-018-9994-z,"Rethinking Campus Sexual Assault: We must Be Leaders in Anti-Bias Practices, Civil Rights and Human Rights",e3a84658cdf6ebf65cb3f4cf54c83ea09c0e466be925629f4e866fda939f0efc,1856
10.1097/qad.0b013e3283552185,Transitioning HIV care and treatment programs in southern Africa to full local management,3d5dd3f63fa2819603a665ecee21192188d1a5f6806959f0724b9f8d638ea697,1725
10.1109/cso.2012.200,Synoptic Analysis and Numerical Simulations of an Air Pollution Episode over Ningbo City in Winter,780e4e5c81dc16b2d9d7848a84c089504a9a890aac5ab31557d133ca9d6da0d3,1324
10.1093/ijlct/ctt047,Comparison of sustainable information technologies for companies,330635dd501e41e0703362878afe516da7b36c35325ce65d05b0805378ad768a,520
10.5194/acp-19-2063-2019,"Seasonal and diurnal variability in O <sub>3</sub> , black carbon, and CO measured at the Rwanda Climate Observatory",8dd57a2e0a19ee7981cd0a43c037283a7275c4fe5daaf1ad0dbd67ab285ebc76,2444
10.1515/zfw-2017-0013,Un-locking unsustainable tourism destination paths: the role of voluntary compliance of tourism businesses with sustainability certification on the island of Rügen,04a963d5cf26b0ff6bda3d803ea51ae7fe9a813dd7133242bbc9213872cc613e,1063
10.13073/0015-7473-61.4.333,Purchase Decision: Sustainability of Mountain Pine Beetle Wood Concrete Products,297b61d2d99a9bb2096a81885d655fde0e820213e0342570d09a189cfda2d33e,2171
10.1061/(asce)ee.1943-7870.0001404,Detecting the End of Nitrification in Small and Decentralized Wastewater Treatment Systems Using Low-Resource Real-Time Control Methods,7c4e976cf3161b1809840d394c0cbe468ebec364d6b7af002f0cdbcbd78f4ae6,1436
10.1177/0269094215621875,"Mining and/or tourism development for job creation and sustainability in Dullstroom, Mpumalanga",544327516243472463afd960b5f31101ae7b78ebcfd9a372ff4a7684e17787c9,1730
10.1093/ije/dyx055,Defining the population attributable fraction for infectious diseases,0db57720d89f12404953bb96f4a656f53c7709a2c220bfe599369738f1bd48a4,1773
10.1186/s12940-016-0108-1,"Urban and transport planning, environmental exposures and health-new concepts, methods and tools to improve health in cities",8d5ac41199f7295b313b65183d8b327a2d94bd268f551a68fd4eb0bf6a2416cf,2682
10.1111/j.1759-3441.2011.00121.x,Reconciling the Competing Demands in the Human-Earth System: Ensuring Food Security*,75e89f032bb42f0961301e7362333612fca30b2feca06830321a52d594fbe7fa,828
10.1080/13537113.2013.847599,The Emergence of Administrative Harassment Regarding Greece's Muslim Minority in a New Light: Confidential Discourses and Policies of Inclusion and Exclusion,ddc7c6bb89712905a6761c0f760471318fba9df5f4536e3c9653f9ffd5695b21,761
10.1680/jtran.16.00070,Assessing the interrelations of traffic collisions' risk factors,7ef5996cb07ebe2d5c1855af8bedd8e0da4731299f897c95e2f204d7ffec8483,1390
10.35940/ijitee.i1114.0789s219,A Design Architecture for Developing Agricultural Product Forecasting System Application for Farmers,54152846df64abf04ee6862671c116a8bf1f3d751f48c1527d96cbcdb6866d4e,1521
10.1177/0042098017710124,"Financialising space through transferable development rights: Urban renewal, Taipei style",b0e211ea5ba4339cba56148558325f8a1747e90ab5488bfdbae18778f691b19d,1328
10.1177/1750481317707643,Discursive patterns of anti-feminism and pro-feminism in Arabic newspapers of the KACST corpus,f266fa991cc86ae91d891a4192d0894ac14b06acda08fd2d409fe91d9e262887,1215
10.1007/s10653-017-9937-2,"P415 β遮断薬使用時代の拡張型心筋症の予後 : 拡張型相肥大型心筋症, 遠心性肥大期高血圧心との比較",73c61fd4bdff197881522c9fb1aee16dabd9686ad09540bb8a70351880d26c35,1704
10.1073/pnas.1214786110,Governance regime and location influence avoided deforestation success of protected areas in the Brazilian Amazon,4c5dc0d387e7c94bf6a036eba50920a10d0d0301770eddc4c2a8080d6d8a6f79,1453
10.3390/rs10010040,"Land Subsidence in Chiayi, Taiwan, from Compaction Well, Leveling and ALOS/PALSAR: Aquaculture-Induced Relative Sea Level Rise",a5dc3525178dc2265b45991282028d4ef3e2274a80a5011673623350eee370b9,1866
10.1017/cbo9781107501461.009,Agriculture,ef96c5ac89612b810536b2f748a04409d80fd65d1eb31d7946f9a9ae6beae545,832
10.1093/oxfordhb/9780190628963.013.16,"Women, Work, and Family",4da7ee19694303b0d23262bfdb63503fe159522182467c58a4e05cbd9330234e,871
10.2134/jeq2015.10.0500,Holistic Evaluation of Field-Scale Denitrifying Bioreactors as a Basis to Improve Environmental Sustainability,6a46685007cb7cf5f81e6efe5ce1d455245d002c929fbc0884b0fe45ac1db2ae,2101
10.1016/j.egypro.2017.05.039,The Renewable Energy City within the City. The Climate Change Oriented Urban Design - Szczecin Green Island,3caf73aaa39bbed3d7fd7094575ea303b9e1e5702704f06e8da339d3af2887e9,973
10.1163/15692108-12341238,Latent Class Analysis of Reproductive Decision Making in Zambia,ca7cdf5a886618eb14b500e13e93a989d762c90806c7272b4acd4f9336491eac,1302
10.1080/13549839.2014.936843,An analysis of the effect of public policy on community garden organisations in Edinburgh,b70e62a89eb2f0d24c3a8f5b2b45475f522f04f668cb231cb428298a75eefd21,1527
10.1111/1750-0206.12009,"Estate Acts of Parliament, 1740–1800",16b1a74c32b8926d3ce47ea8d7b4e9e1c8c8a36d1a414b1062969a1e4ce605d3,1213
10.1007/s10708-014-9533-2,Subsidized mortgage loans and housing affordability in Poland,901fb451832a96596bd65c070fc570ec8c70f9452accf2b3c3d39a8c96e51441,1543
10.3390/plants8030071,Role of Silicon in Mitigation of Heavy Metal Stresses in Crop Plants,b4efd4edb07ae8ee861a521b5a7cd35447b5e29d4acb2397fe51a36a14958cd0,1371
10.1071/wr18038,A baseline survey of birds in native vegetation on cotton farms in inland eastern Australia,202ead56c21a91f0ce8960c9e6398fb7d5ce544449c01c258db6bbf4ece59bc8,2396
10.5565/rev/educar.864,Análisis de la capacidad de innovación escolar desde la perspectiva del profesorado de educación secundaria. La escuela como organización que aprende,f0bace59ad34272c39567ca85a9d446422af5ec6b5e02a7f3ea93beddefd4e96,1194
10.9745/ghsp-d-15-00052,Care Groups II: A Summary of the Child Survival Outcomes Achieved Using Volunteer Community Health Workers in Resource-Constrained Settings,0d4a7d9bcf0e3d56d43bd3fcdbcdecdee00c3fff3bc1ce0b8d933059975a0623,2174
10.1002/etc.3916,Oxidative stress induced by glyphosate-based herbicide on freshwater turtles,98ff298d956c03c54865f587b365a80cba03fa7ef24bdeb7b21c936f22b5cc84,1989
10.1016/j.marpolbul.2018.05.005,The impact of seaweed cultivation on ecosystem services - a case study from the west coast of Sweden,77b0809cf523fd717ef0e7659161b4644506ca1f08f1e0b658a4d50818c044cf,1000
10.1108/whatt-10-2013-0041,Responsible tourism in Cyprus: the rhetoric and the reality,fa40256a86729068f257458ac7658239bc67133239c61a87dd6affe6b6454f8f,1790
10.1021/es300766a,Modeling Environmental Impacts of Urban Expansion: A Systematic Method for Dealing with Uncertainties,74039e793cedf39f51960cad64b52de757799ae019fd16b9c859cbb85969304b,1583
10.1684/ers.2015.0817,"Les effets de la végétation urbaine sur le climat, la pollution atmosphérique et la santé",4485843115a4aea201a9d518d2da68ba1c4f26cd05b680d5797df7f908047a98,1321
10.3390/su9122161,Wastewater Reuse: An Economic Perspective to Identify Suitable Areas for Poplar Vegetation Filter Systems for Energy Production,201df16391ae3bc3b198ff2325ab12c615b86fd89a20ce5ed3cd4d4aa24fbafb,1380
10.1007/s11027-018-9789-9,A framework for the joint institutionalization of climate change mitigation and adaptation in city administrations,ea4ab4e6a71bf3a49064aba4280ab929bc1d78aa9bd32705ad3735913146def8,1900
10.1134/s1062359019100364,Scientific Bases for Enuring Productive Longevity of Agrolandscapes in Russia,1bf6a00953247288d2462a0b24bec26771d8ad324f66a893fa487dc7056f6bbd,1939
10.1002/sd.1616,"Religion, Sustainable Development and Policy: Principles to Practice",58828504f82f93377c2c46eb39e720bcac851e0767d887dbf603b2ba4e0eb5a7,1131
10.4314/wsa.v42i3.11,"Water security in South Africa: perceptions on public expectations and municipal obligations, governance and water re-use",f39621ce01b747b190cae535eef13589c05c9105d4baaa70dc6fa5d2f3949f8b,2304
10.1108/jtf-12-2014-0013,A study of students’ travellers values and needs in order to establish futures patterns and insights,81388f47d1cae7b2dff2fd5054c92ea8892f894af5069592eb99a5e8fa521928,2591
10.1061/(asce)ee.1943-7870.0000294,Predicting the Onset of Metal Leaching from Land Application of Wastewater Using Soil Sensors and Microbial Community Analyses,306872cdefecf055652ca789c9891c589c5aacacd98bb8a3ad71d8a176a4d883,1366
10.17580/cisisr.2016.01.02,Kazakhstan republic legislation law as a way to reduce negative impact on environment,ede3f34619167c6d17e2f752e3fb1c67962e2183ae69e73c0f0b9e957e624c2a,2761
10.1097/pec.0000000000001045,"Epidemiologic Characteristics of Pediatric Trauma Patients Receiving Prehospital Care in Kigali, Rwanda",a7b6da3a11c90ccc2470aa8bb636edfbbda355e89887bfe674d9535f9648e9cd,1902
10.1093/jel/eqy027,"Taking the Pulse of Environmental and Fisheries Law: The Common Fisheries Policy, the Habitats Directive, and Brexit",a15f72f5491e1dbfc54cd4b58a3685e56cc70f9b49f36141ded27e6a82ec2596,1334
10.1016/j.cities.2018.06.007,The seven lamps of planning for biodiversity in the city,00f660529999bb5a34ecf8c19b34f0c336791c6ca696504ded9b92a93ac9a280,1531
10.1080/00220388.2015.1036039,Do Remittances Diminish Social Violence?,5b253d5a66ddfd262140a68ec93090fb3104ff967a892af024796f2a179ddf18,666
10.1016/j.proeng.2015.06.073,Harvesting Fresh Water from Fog in Rural Morocco: Research and Impact Dar Si Hmad's Fogwater Project in Aït Baamrane,1ec510777f0128ad5d829fe4482889d5f258fc9e73ecbc16a14765ea0c7827d3,2065
10.1080/23761407.2018.1455616,STARS experiential group intervention: a complex trauma treatment approach for survivors of human trafficking,670ceae1d490967e99692837006aacab0c5e7362535e44161c3bda8c4165e098,1406
10.3390/su11051266,Research on Increasing the Performance of Wind Power Plants for Sustainable Development,9a6a27593258ff98a95557212b4687b1d41a55f549c65928c9eb066a2994971e,1226
10.5194/os-7-245-2011,Estimation of friction parameters in gravity currents by data assimilation in a model hierarchy,bef4dd55ec79b6fa05c9a1ebf89c4292991feca13ad1dcc94a09034c379d8058,1316
10.1080/13547860.2018.1442146,Does income inequality affect environmental sustainability? Evidence from the ASEAN-5,62d9fea5d581733cc27e8c07fa5c82d19c16769524137075ff436deeddd004b7,1084
10.1016/j.foreco.2015.06.003,Assessing change in national forest monitoring capacities of 99 tropical countries,2d430b71c97c4d6467935265b264169eb5a79cfdf9b3d9892147fc293b77c7ea,2951
10.1080/14693062.2014.859501,Stakeholder engagement in adaptation interventions: an evaluation of projects in developing nations,5dcd5f93a10cd26de702a35779684149cfd5c342a76b0f72a4bdb4d07cdfa06e,2814
10.1136/bmjpo-2017-000054,Inequalities in child health in India,d5c99e60c47054922081513d52a4dee4c6dcdc1f0db13d1d8e473a08affd9b69,918
10.3390/su9030346,Accessibility of Water-Related Cultural Ecosystem Services through Public Transport—A Model for Planning Support in the Stockholm Region,2206d0113e92fbcf60cc439caef7adbbfc7c3045db9643a50851ce6bffb88944,1388
10.3390/su9040653,"A Multicriteria Model to Evaluate Strategic Plans for the Nautical and Naval Industry in Cartagena de Indias, Colombia",5cbf868759ad0cbc2d2550a7113c486f242e9ab07c6175d01e4ddc8028a5eeb5,1031
10.1017/cbo9781139540841.009,Pulling apart? Treatment of pluralism in the CEDAW and the Maputo Protocol,dc9594f73825b4311038f7dd26fba2accc3761a91383ffe721b03cc61257e97e,159
10.1109/camad.2013.6708090,Traffic-and-interference aware base station switching for green cellular networks,e254fcf994fb33e772493027760dbaf6a2f1a75d5a605a675420dd519ce3c732,1100
10.1080/19401493.2013.767377,Building simulation visualization for the boardroom: an exploratory study,d08c2020705b438b40ede4231adc8ea7575ddd38c8078fe3ed80a2f5cec2c5b0,1086
10.3390/f9100632,Species Mixing Regulation with Respect to Forest Ecosystem Service Provision,0ef2b47bf82b1624fdd6c18274c5ec0f07cc3f0986ddcbbd376ea8c0de0aded4,1504
10.1371/journal.pone.0133951,An Optimization Model for the Selection of Bus-Only Lanes in a City,143f28a870c1fc3316b9732dfe61cfa826aa0d74411af6eaa6776a665b4f472e,1013
10.1186/s12914-019-0213-7,Perceptions of brazilian nursing faculty members regarding literacy of human rights related to health in nursing undergraduate programs,337df8c1eea682109a7fbd2ebf40155f8dec60fe882ecdc4b0993eb1fcd9c4ac,1466
10.2166/wst.2010.977,Upgrading of sewage treatment plant by sustainable and cost-effective separate treatment of industrial wastewater,04821be1aba1397ea920fdfeb5a2d1d16698306c0c3055c395803698a504c2ee,1293
10.2753/ced1061-1932430207,Education for Sustainable Development in China,a0e55bb39a1863e2bf27ba9a750e32e5083aa1fc8d7404b8d94ab47243f37e98,986
10.1111/irel.12191,"Output‐Based Performance Pay, Performance‐Support Bias, and the Racial Pay Gap within a Large Retail Stock Brokerage",dd62800108ad70e99335bcbf4a0566a44e05c97477dba21aab21244e3cd7a3dd,608
10.1089/apc.2016.0102,Community-Based HIV and Health Testing for High-Risk Adolescents and Youth,7632029fba6e6ef359f7ede687b3aa0b04816f03acfd91ac456043d8cc482232,1681
10.1111/j.1467-9930.2010.00334.x,Crack Pipes and Policing: A Case Study of Institutional Racism and Remedial Action in Cleveland,abd5abf784044569e17e9fb332fd8801b15f2f21e046cde49400a660beb7711a,690
10.1177/0020764015607550,The social and community opportunities profile social inclusion measure: Structural equivalence and differential item functioning in community mental health residents in Hong Kong and the United Kingdom,947d537a62a76164df51a1974293894ec9cd88aef6c3ce76d72c88dd215a9c61,2042
10.5194/se-3-375-2012,Organic carbon stocks in Mediterranean soil types under different land uses (Southern Spain),e99bbb2f81b25204a90f00b2441c3bf232842b32e05088d74a5f063946a61378,1308
10.1590/1413-812320182412.07422019,Austerity policies in Brazil may affect violence related outcomes,b8a9cbb99fa848d8337eea379b07a4df715fb16f305c156e6a644dfece2d83de,887
10.1111/nyas.13084,Urban climate versus global climate change—what makes the difference for dengue?,1534a0d748a99d1a1ff3dba7efa5346540cc0bbac8a996fab59f572a70a818ba,1409
10.1017/cbo9781107477131,The Legacy of Ruth Bader Ginsburg,d986c641c46b9b91d3cf9f316fe62c564248197cf32e874abb12053727d5bce6,686
10.1002/sd.1533,Sustainability Through Design Science: Re‐Imagining Option Spaces Beyond Eco‐Efficiency,3d2ae4dd0f177257a4054275acfae1e9f4babc152546b871d28e22681dd184cb,1471
10.1007/s10980-015-0184-6,An analysis of spatio-temporal landscape patterns for protected areas in northern New England: 1900–2010,22c5505c4c3c8f4fe627ea1e835f716ef62bd3f72cea254f60065291688abee1,1646
10.1016/j.egypro.2017.12.049,"Feasibility of Micro-Hydro Schemes in South Glamorgan, Wales",6201730e8cbf14fa88b6a325873dcb6958c408038a6a5969356ebd74b9fd9784,2740
10.1590/s0034-89102011005000032,Fatores sociocontextuais para o trabalho da criança e do adolescente: uma análise ecológica,6570388ad567a4deeb50695eb88da0d065d569024873efbc0f7c5dde0193fd95,1898
10.5194/isprsarchives-xl-8-163-2014,Characterization of the Temporal and Spatial Dynamics of the Dengue Epidemic in Northern Sri Lanka,81021db18de187198495ef9a2fbe1ef513fecc750e8f8dc21d60cbe9b4580c36,1520
10.1142/9789814632874_0006,Shepparton Preserving Company: The Tomato Processing Industry and the National Interest,60d9100f570502025db1fdbb4e0084836aba55ae648a29b5c6a4f9632e54d4fb,1773
10.1177/0363199012472167,Life Support in High Age,2776d8d1ca699b04524fa2cbfa3fee63b8d0dc57468e79684794706e8019af62,612
10.2495/tdi-v3-n1-44-54,"A business-leisure traveller goes to valencia: Fuel, CO <sub>2</sub> , time and cost",35e843ba7b8dd6824f591a6e850a4cf8ed9e717a4aa37adf9d7d4616fb34f4ef,1892
10.1177/1468018110380003,Patients beyond borders: A study of medical tourists in four countries,1ac5fba0dbe1bfaf974dd447077fed5fd6bb66342a5534c5e501b20ed45d83b6,1415
10.1186/s12877-016-0408-x,Diabetes mellitus medication use and catastrophic healthcare expenditure among adults aged 50+ years in China and India: results from the WHO study on global AGEing and adult health (SAGE),76c4c9b5a5672242f9cdec482b87bbf5bb53c62673a2147df2940aaddf57cbbc,2381
10.18488/journal.aefr.2018.811.1340.1353,"Remittance Inflow and GDP Growth: Evidence from Bangladesh, India and Pakistan",878d27b42e8330a6c5b22496d825d81a508fe1d2592665806f5a3110e64e4699,1407
10.1002/sd.1695,"Exploring the Impacts of Mining on Tourism Growth and Local Sustainability: The Case of Mapungubwe Heritage Site, Limpopo, South Africa",a47e105d68bc75b57d78c226ab382898347c4b4c26a3ddb512390d8cb56cb925,1113
10.1088/1755-1315/91/1/012016,Identifying the characteristic of<i>SundaParahiyangan</i>landscape for a model of sustainable agricultural landscape,25f869cc963e9c6c78a5eac0c90c76c0538c9e7970a6a98b74a1bc0ad683fd77,1446
10.4324/9781315198088-6,Law and Mental Health: Some Implications for Ethnic Minorities in England,77b5107e3fc0be5c1b978b6dec1881baf4e8954b101e2af61f193e2592c76091,975
10.1016/j.egypro.2019.01.221,Anaerobic co-digestion of Baltic seaweeds with wheat straw and straw pellets: synergetic effects on biomethane yield and kinetic biodegradability constant,18bcb485110316557fb11dfd4a146b9e32043d7e0464130d13e5a61f0165118a,2192
10.1108/s1479-363620170000009004,Ethics of Inclusion for Secondary Students with Intellectual and Developmental Disabilities in the United States,5cb39d6afc0c07c462b99eb0fcfa80a2c5b33d83044965b5f0bdc1b465a098bf,1138
10.1088/1755-1315/203/1/012002,The growth and genetic potentials of gempol (<i>Nauclea orientalis</i>L.) as shading trees in urban landscapes,fe6cc8a83bf2cae4df60aaf40b182524ba0eaca9053511e10369e2b6c878ccf8,1325
10.1093/icesjms/fsz029,Assessing the effects of climate change on US West Coast sablefish productivity and on the performance of alternative management strategies,7c710e805c478e5e647220baea5447ed2d57c3a871619c83c036286ef674a495,1332
10.1002/jpln.201200020,Use of meat hydrolyzate derived from tanning residues as plant biostimulant for hydroponically grown maize,4acb3e9fa15881b16a85f4103c3a6156ce364b5db5e2d010bf5525553158ff6d,1545
10.1080/10934529.2016.1258870,Behavior of tetracycline and sulfamethoxazole and their corresponding resistance genes in three-dimensional biofilm-electrode reactors with low current,58632bb49befb0582dd99d73d82eff4f56d1038489fc942de7514321093ed542,1201
10.1093/pubmed/fdt050,"Association between socio-demographic, psychosocial, material and occupational factors and self-reported health among workers in Europe",cb7bea936408597d8424f354da59a1fd164b41a0c0d74f9453f7d95c4ef3e50d,1507
10.1016/j.drugpo.2014.11.011,Compulsory drug detention centers in East and Southeast Asia,1d407b8e2e7b92480706b2b908f01ca2141892386fe87381cf1fa569ccbc7312,1306
10.1108/ajems-03-2015-0034,Determinants of portfolio equity flows to Sub-Saharan Africa,3a66bdaea771564434f93eaee906d539d1e5bae5b7331aa828463a6c2fd2a78b,2245
10.5942/jawwa.2016.108.0091,Sustainability and Common Sense,d1218c937e4fbf497dd164ddc281d821b1cb7e503e4a70ddfb9922d82a7883c6,196
10.1089/sus.2019.0026,Weaving Equity and Sustainability into the Fabric of Higher Education: The University of Utah Experience,7046ef408376e93cd83dffa7212aa3f658cec23c9d85482c42d9a2ba7ee2521d,1149
10.1080/13504509.2015.1117995,Promoting ecosystem services through ecological planning in the Xianghe Segment of China’s Grand Canal,70f018e4881b4af15206bf0c3db16ace42d1bac758ec84ce3dc29b49fe950159,1865
10.1186/s12889-015-1583-y,"Sexual violence against female sex workers in The Gambia: a cross-sectional examination of the associations between victimization and reproductive, sexual and mental health",b2d1de436634df194f2d2d92e5ce7862be924e95520b68d9d64c1190e4cfc8ee,2007
10.18421/tem74-05,Foreign Direct Investments Impact on Economic Growth in Developing Countries,177d1ca9702b79541c846c05f952652e49a00560851e09f5ed80aac4fed3b120,1212
10.1109/apbitm.2011.5996282,Potentialities and constraints of the environmental law and policy in Malaysia to protect the environment: An empirical study for sustainable development,9c35a25faca330e8ca27f6594be38a033dacea1d31119dee70ac5b6b0f3d2a37,1607
10.1016/s0968-8080(12)39631-6,"Pregnancy registration systems can enhance health systems, increase accountability and reduce mortality",9ddee1fd058f8e770ee13489d871b45841ff1f5fb67b3af71f8cc8418be5fb64,943
10.1002/ceat.201000043,Approaches towards the Efficient Use of Resources in the Industry,429aee883edd8948ed67c4a1ebf41fd4d49626af396d584c086b538164eaf1d6,1138
10.1109/evs.2013.6914940,Improving safety and performance testing for EV batteries,9d9b42b3c7c5f37a78278d5bc7d5a8a530cdec433c92c8323ecff43da1a9d3f6,1566
10.3846/tpa.2011.23,AUGALŲ ĮTAKOS PASTATO ARCHITEKTŪRINEI RAIŠKAI MIESTOVAIZDYJE EKOLOGINIAI IR KOMPOZICINIAI ASPEKTAI,836d764d9e8b3bf6d184b4c13ad1c29daa79ffc1fc4b22b1a5d48266d4096fb3,4091
10.12669/pjms.301.4072,Trauma experience of youngsters and Teens: A key issue in suicidal behavior among victims of bullying?,f2b0c7d524828c3bfa2d37f3fdb4842ea10e6a5cf762be1dac2aa6ce85bda47b,1891
10.4324/9780203381250,Global Finance and Development,64b2adc908bf6c5d3fb0e4498ee61bb9f30807e35a7c277b4087f9ac1fe53ba3,2150
10.1177/194008291000300303,A Framework for Assessing Conservation and Development in a Congo Basin Forest Landscape,3dfd881fa856be7ccb892043e1dd4ed38d4246087c68e8494f29cece2384353c,1016
10.1108/bpmj-10-2016-0200,Measuring the environmental sustainability of supply chain for Indian steel industry,e2cd39861a3e34fb35d7ce7de88e0e04b08845cb694257f1b87e5bf95487ae24,1766
10.1108/ijdi-11-2017-0180,Vulnerable employment in Mauritius: experience of an upper-middle-income country,2e07f9e11343668562ab17a961303bd3031b90645af5e0cff16acce078bb5ba7,1490
10.1108/dpm-01-2018-0021,“I don’t want trouble”,fd3936a43921a735d9247e335424f4277ec2571e27e3aff2212b6d8c524c8e40,2576
10.3233/978-1-60750-735-2-3,&amp;ldquo;Initiate-Build-Operate-Transfer&amp;rdquo; &amp;ndash; A Strategy for Establishing Sustainable Telemedicine Programs Not Only in the Developing Countries,6568d2566038ff77e0fc28fef89cbe73c1676dba9b23bc2501ac044f9d26a069,2235
10.3109/10398562.2011.583067,"“The Family Is the Clinic, the Community Is the Hospital”: Community Mental Health in Timor-Leste",0f99b9457a1b0fdd5ead33ec9a87e45296408babb0ea4ab1865c730a83b0b761,1209
10.1111/1467-8500.12013,The Australian Environmental Policy Agenda,bdbc1f41b7d0f57bb53a74d0f33f8c542a2d0a88991584ad9b3eb8408efb87e5,1192
10.1080/01416200.2016.1209457,Religious discrimination discourse in the mono-cultural school: the case of Poland,0df36ecfbc31c9d75ad9f323b213542c50d1382f99ac813e008d38f48c4257e1,1266
10.1097/jom.0000000000000240,Outdoor Air Pollution,d4689ebd7953eb72ac67965942cd81d6fb9ec1db4833f045fdba6e370e514084,936
10.1093/treephys/tpq107,Leaf-level gas-exchange uniformity and photosynthetic capacity among loblolly pine (Pinus taeda L.) genotypes of contrasting inherent genetic variation,59c4cd5a4639b475a17ac68bb693a02d0028ab7a72620c2701c3e77fec0603b7,2171
10.3390/buildings7020052,The Experience of International Sustainability Protocols for Retrofitting Historical Buildings in Italy,1d46ce06e6a4720eee544661358c4d5e4fd755ebf176a4829fc14822cb90858b,1397
10.1186/1744-8603-10-22,Effects of hazardous and harmful alcohol use on HIV incidence and sexual behaviour: a cohort study of Kenyan female sex workers,1baee0c942bf866b96329fe7ff04401cbc9d24c51fe8642da4a99342a5fcd0da,1943
10.1080/13504851.2011.579054,A Lotka–Volterra evolutionary model of China's incremental institutional reform,59f787da69d1c1f8e5a4ec2017f48ec1e415ee268821785125683779389686a0,677
10.1111/j.1095-8649.2012.03264.x,"Biology, ecology and conservation of the Mobulidae",d372cc1233e6bd926ff5336bdc7820dd3d4987e49cedec662e734ca0b98d91d3,2007
10.1080/14790530903522606,Film Tourism Planning and Development—Questioning the Role of Stakeholders and Sustainability,a3faaf41696162a0eca519ca4379da082adcf89e5e435ae368d0cf1af1f239d9,663
10.1016/j.procir.2017.11.028,Resource Efficient Regrinding of Cemented Carbide Milling Tools,bd47fc51e2bf5f2e97dd80a5b882b1b995109a9429ad2b902107a34f87fbffda,1698
10.2166/wpt.2018.112,Improving performance of classification on severity of ill effects (SEV) index on fish using K-Means clustering algorithm with various distance metrics,b0c100a2ee56aaf6fd80c9484b4d495e88bfc3ef82541e46323917baefe7df14,993
10.1088/1742-6596/1025/1/012038,"Relationships between of Sea Urchins Abundance, Macroalgae and Coral Closure on the Cemara Kecil island",d9d06ce9cde1053afab0e0701c983f9ece60d406f575e45bd82969f5bc98c363,1138
10.1177/1358229117693715,Finding hidden patterns in ECtHR’s case law,547e6841eb665192991003245d7df4aedaf68e2b7d6661e9c3bf5a6db9fb69ad,1386
10.1017/cbo9780511980442.012,Constitutional Adjudication and Substantive Gender Equality in Hong Kong,9618f40b8573c6fb258c59fa7b407a44066665ed5673caf4792240ab209b3a95,674
10.1108/16605371211277812,"Sustainability, daily practices and vacation purchasing: are they related?",750f900d9e8b4b419197c3fa63b8034f9c7f512e7297f6ba01eaa0a6201eb67f,1900
10.1061/(asce)up.1943-5444.0000528,Spatial-Temporal Patterns and Driving Forces of Sustainable Urbanization in China Since 2000,0cf6236408d0613486fb70a890c2f02c09055550193af535259f4271a33a11b3,2180
10.1080/10999922.2018.1446629,Absent Inclusion Polices: Problems Facing Homeless Transgender Youth,5887317ef713d4ee4fe9ccf21f0ab46d574ccfb32fb1e087233d903f8439ce6a,1487
10.3390/su70911504,The Implementation of Corporate Sustainability in the European Automotive Industry: An Analysis of Sustainability Reports,6d4b4e7592a2cf7a34f5f0af1b0c4b8afb463a2ab797893a2283b1eefa9c6969,1401
10.1371/journal.pone.0148011,Sustainable Cost Models for mHealth at Scale: Modeling Program Data from m4RH Tanzania,2b16204c424cc881729d1f5f97b8e19599e804b23bf537b427ee81b1c52500f1,2401
10.30638/eemj.2010.153,FINANCING THE ENVIRONMENTAL POLICIES IN THE COMMUNITARIAN SPACE,467aa631428958b042437b45f6d9c93c1eee98a1842a34c819cdc40d342b9fcd,1458
10.3917/popu.1801.0035,Career choices and the gender pay gap : The role of work preferences and attitudes,a91246a5cff7f6f804bdd67a7943c2b1c4b26458e0993fff241bff77a85956e6,1269
10.3375/043.032.0209,"Landscape-Scale Forest Management in the Municipal Watersheds of Vienna, Austria, and Seattle, USA: Commonalities Despite Disparate Ecology and History",4e6203524e8bf3464ec8c9fed717c65a7c7bbbbdd49d329a4270e835e04e8513,1265
10.1007/978-0-333-99521-1,Economic Reform in Vietnam,f5482d91856609c4ecda48fd07591544489a9c5c39333462635e0328f3a1255b,428
10.4324/9780429499814,"Inequality, Crime, and Social Control",c4c1a5eb162829d632cc79585266c2ea0904f57f4a637f891007d3b140dd7538,1428
10.1002/csr.266,Walking the talk? Environmental responsibility from the perspective of small‐business owners,1625978db35275963921b3c589a4fe4c1f450a1b956414c0773f684a77a9327c,1060
10.1108/ecam-03-2018-0095,Investment valuation model for sustainable infrastructure systems,2315300acf5c186137a9d65a716b7afc908a102bb57aeedf271bcf00a8496ab9,1787
10.1017/s0376892915000284,Long-term modifications of coastal defences enhance marine biodiversity,aa845a89274a5d7ec0cbe60195144be548aed95cc3252a0bf12927e84d1b9a7a,1404
10.1146/annurev-animal-022516-022935,Environmental Sustainability Analysis and Nutritional Strategies of Animal Production in China,20e5532d9527c9f69799adbac69b29f8639877fdd39591b04595827f8225ef0d,1047
10.1145/1753326.1753465,Small business applications of sourcemap,18f1a84cde49be466955307ab94bc50341ac7ee269885373a6108f3cb1a3539a,700
10.2478/euco-2019-0008,Residents’ Perceptions of Tourism Impact on Community in National Parks in Serbia,1c8fa215861467d56bed2629dd2261c3753dba05c7462cf6f2a0531e6afcb891,1234
10.1111/j.1542-4774.2010.01016.x,A MODEL OF ETHNIC CONFLICT,64bfaf15690eadc219a0b5649c467a974b3f26c3cea2a79f8774b0cdc89aeb1d,795
10.3390/w5031172,Quantitative Assessment of Water Use Efficiency in Urban and Domestic Buildings,d810f577d326fddeee40a62cb441c790bba0205335e3e77c5580c2b575602dba,1340
10.6090/jarq.47.389,Evaluation of the Indigenous Use of the Weed Sida cordifolia L. in the Sahelian Zone of West Africa,2152d0ee2908f068459437a78daa9a978a283b02707876fd213c79ade387d193,1553
10.1080/02723638.2014.917909,"Waste not, want not? Evaluating the urban sustainability implications of centralized versus decentralized wastewater treatment in Tijuana, Mexico",98b7ca09d35d33165e2e3858f37d063380ae042dc926384ebeadcbd1089248f0,1251
10.4018/978-1-5225-1665-1.ch005,Meltdown at Fukushima,25516ec8f575162df176bb6f93ca49e101b6fd23d2fcd33f5323881041d19048,1097
10.1002/ldr.3066,Managing soil functions for a sustainable bioeconomy—Assessment framework and state of the art,bf1b41ebc2fd45b03c36af071393bffda0f6c059fce3b8aac1937fdf3d8fdc2e,1702
10.2175/106143011x12928814444619,A Comparative Environmental Life‐Cycle Analysis for Removing Phosphorus from Wastewater: Biological versus Physical/Chemical Processes,960093ea1bc7021e5e2b1b381808230f8b9da7a51661d56cf68203f4a07f69e7,1015
10.1108/bfj-12-2016-0594,How do food safety regulations influence market price? A theoretical analysis,de42fe5dffc439749bbc92d0e51cf2fea9a4fcd4d9ae4dd5ce07724e07b575de,1867
10.1080/15568310903145204,Can State Regulation of Car Use Activate a Moral Obligation to Use Sustainable Modes of Transport?,6a05ee930857926e501179b2f9c207eb4dc63b67232e517540aa9cabdb0b9f98,980
10.23919/oceans.2011.6106933,Reef Missions: Engaging students in science and the marine environment using an autonomous underwater vehicle,8c8dc74713313a82fb0deae3015f0d10f3d0b84c4476b6ed6eefcb2449e9413a,1890
10.1080/0735648x.2014.904244,Pathways on the sexual violence continuum: A lifestyles theory of victimization in urban nightlife,873451d657071a9f8e58a431f9093577a3f44fcb4f8db76e63324d49a8d47745,1141
10.2495/ut100231,The role of railway stations in increasing transport demand,3d2b86874ae2a2ec949defb568a42b87bf089198ec83d95dca48bc4e008cd7d1,2042
10.32609/0042-8736-2015-11-144-155,"Great Reshuffle of the World Economy &lt;i&gt;(On the Book by A. A. Akaev ""From the Epoch of Great Divergence to the Epoch of Great Convergence"")&lt;/i&gt;",863cf10a89b319576ccf1597371a77e52f2f420e8cf6cd301dab1f5008ee396f,450
10.2174/1874839201105010001,"Community Opinions on Wildlife, Resource Use and Livelihood Competition in Kimana Group Ranch Near Amboseli, Kenya",b137324213c3518b90de80516bd28da07457b622443e34f1ed796c5153507323,1456
10.3390/su7078461,Water Footprint of Cities: A Review and Suggestions for Future Research,9d88867652281886f6ea36554bfff8189862cea5bd0eb724b2486b79a8e07777,1068
10.15167/2421-4248/jpmh2019.60.4.1333,Burden of the typhoid fever and cholera: similarities and differences. Prevention strategies for international travelers to endemic/epidemic areas.,1a91f2cc474d73837985da507f6a578d854ca7c6e1aa795695e9d26864a6092e,2241
10.9753/icce.v33.structures.1,INNOVATIVE BREAKWATERS DESIGN FOR WAVE ENERGY CONVERSION,3feca60a026b6e43a8193b587c53b96d2c10efd6b1d07169d07291d8e8b2203f,624
10.1016/j.forpol.2017.11.004,Farm-forestry in the Peruvian Amazon and the feasibility of its regulation through forest policy reform,3f91f9da13fdea46ae6e68ea938e6b5edcd9f379bef84c54c662c65c05fa5d7b,1399
10.2174/1570162x15666170517124621,Short-Term Transfer of Knowledge Assessment in the Military International HIV Training Program (MIHTP),c5e169697a4193de7d4f57ef1009c1e6c70161c3aabc0d56e3835cd6dbb42acf,508
10.1089/thy.2014.0352,Reading Grade Level and Completeness of Freely Available Materials on Thyroid Nodules: There Is Work to Be Done,63c1a54148bc8c5e38257d11085cae4e242f334b6785b084da7a6e8880315469,1939
10.3390/en12010166,Assessment of Productivity and Economic Viability of Combined Food and Energy (CFE) Production System in Denmark,540a89c72878527218e6b0ced7163d56ca7250a9910c025d3200b5092dd2fb29,1498
10.17660/th2017/72.6.1,"Tsiperifery, the wild pepper from Madagascar, emerging on the international spice market whose exploitation is unchecked: current knowledge and future prospects",e4b9c7b39958b0775702711912508ed6d1f29b89756642d7825c925602c5305d,348
10.1002/9781119418900.ch2,Green Synthesis of Metal‐Based Nanoparticles and Their Applications,6b54d4cbd04541ff1becde72465db57430c18242ddcc8182db8ae228c7fb5844,165
10.1108/ijhma-07-2016-0051,Sustainable housing financing model to reduce South Africa housing deficit,29b1f6a36188432e25bb145bc551c06f2386133e28dfb28bc45da023a0578ddb,2826
10.1080/19463138.2017.1382497,Land readjustment as a mechanism for New Urban Land Expansion in Egypt: experimenting participatory inclusive processes,0a0dcee295facda39f8d863ea124a1bc1c1408faf266ce338e27cca7ca1bf913,930
10.4324/9781315070254,Sustainable Development,606288bf1b27d372153a901e80d1f0e41e0da12cf46d17efb6ee13a5578f18b4,681
10.4324/9780203716168,Theatres of Accumulation,f10e5c1a4545023bd6eb2f90542e563a700cb492014dc5b6f59aa43e3b4f44c1,1054
10.1126/science.1202462,Transforming U.S. Agriculture,3c7cf65e6213361288b265e5ddb98b8caeb5ad068289759a77953a9712bfbd28,113
10.1080/07329113.2016.1197512,"Good laws, bad outcomes: land rights and inheritance practices for Christian women in Bangladesh",5a1da88606ad10afdcc54bfb10a6c6695673bcc599b0040151a20f5bfd73a9b8,1200
10.1002/eet.1750,Deploying Low‐carbon Technologies in Developing Countries: A view from India's buildings sector,d4cae05a5573f23c887508c94f28b1f53ab543e261b33f522e245ceb47515594,1638
10.20867/thm.23.2.9,SPORTS TOURISM AND PERCEIVED SOCIO-ECONOMIC IMPACT IN KENYA: THE CASE OF MACHAKOS COUNTY,1fa1deeb1bc11932eac788bafb0f81bcd3b3fb13d66b4124e9d46d1ad6c986cd,1936
10.1016/j.sbspro.2010.07.409,Counseling and Assistance for Women Victims of Domestic Violence in Romania - Case Study,a0a0b68fed9b958caaa6eb1561c3e4f48712ea4d595c83a5300f923f48dbe7fc,965
10.17645/up.v3i2.1250,Bhutan: Can the 1.5 °C Agenda Be Integrated with Growth in Wealth and Happiness?,01ce813e7b796e3dd234c3ae4826d379027d50c4bb03f34791a2a4991fb5a22a,1724
10.2136/sssaspecpub60.c5,"Midwest Soil and Water Conservation: Past, Present, and Future",51fa76dd2af41c2800cf00c8ae21750cb0632fd46ee7754dd6c475a36ed4a485,1008
10.1016/j.envres.2016.05.039,"Surface water areas significantly impacted 2014 dengue outbreaks in Guangzhou, China",dc2c6a427cb28640fbcb53a53e79a801ef7d5c072ba4f892dec00ae437fe8cb8,1318
10.1017/cbo9781107295414.019,Transnational Corporations and Extractive Industries,331a7ae4d71e254f567adc73514f9689544b9997f7a8eb35b943b80e3cd7e688,1022
10.1017/s0029665114001761,Nutrition and cancer – global and African perspectives: a focused update,655fa0fe6a25262d29e2f02b7b5094fb4dc06a154852a956a0314bf3cbd3d99f,1423
10.1177/0956247814539231,Knowledge-building in adaptation management: <i>concertación</i> processes in transforming Lima water and climate change governance,11c14bac35ea9f208d9c09a051f0758e5c5d7a496039819e78133edaec75e621,1163
10.1061/(asce)nh.1527-6996.0000170,Household Preferences for a Hurricane Mitigation Fund in Florida,d62503fe2dd6575cc0f17bbcb30f9f78fc54dc689694a8db1391d16c44121ad9,1163
10.18517/ijaseit.7.5.3578,Understanding Life Cycle Thinking and its Practical Application to Agri-Food System,1b90eb6dd54a532abc0949f5a15d373bc76ab4917b248ccc80266e57e480ceca,1672
10.1115/detc2019-97670,An Agent-Based Modeling Approach for Clean Technologies Adoption Using Theory of Planned Behavior Based Decision-Making,6824d9324022c698fab2e2e22cb3b10bfbd2d44c17edc2e6121e2867490469a3,1802
10.1021/es5060868,Combining Agent-Based Modeling and Life Cycle Assessment for the Evaluation of Mobility Policies,35a974907d9242c1cb13e36387c0dd149ec489c0e26b5384e55bffe6cea72f40,1523
10.3390/su10051430,Conservation Agriculture for Environmental Sustainability in A Semiarid Agroecological Zone under Climate Change Scenarios,894eb0bee3dccfb50025ad35a03d018e416bddf84092db174307455262500b83,1247
10.1590/s0073-47212012000100001,"Densidade, tamanho populacional e conservação de primatas em fragmento de Mata Atlântica no sul do Estado de Minas Gerais, Brasil",168faf0d8a6fd6a0facc25813bde97a69cc3923eadbee3d13f1d9daa36b83a61,2003
10.1088/1755-1315/18/1/012152,Solid waste management in Asian countries: a review of solid waste minimisation (3'r) towards low carbon,d01532b1c6027e52b7af798082373dffae4870962052ed2b28cd6e8982124008,1582
10.3390/ijerph16030497,Spatiotemporal Prediction of Increasing Winter Perceived Temperature across a Sub-Tropical City for Sustainable Planning and Climate Change Mitigation,af3b892168a6ce69f62ed5654b6ea454b65d55419cd6bf8a7c4be7f8a2562f94,1984
10.18288/1994-5124-2016-4-07,"Measured, Unmeasured, Mismeasured, and Unjustified Pessimism: A Review Essay of Thomas Piketty’s Capital in the Twenty-First Century",4f24127e2e4ba0d7dcb1959592c041a06905e0f56b9ad0a648fe0efd5f6aaec6,740
10.1111/btp.12388,Ecological outcomes and livelihood benefits of community‐managed agroforests and second growth forests in Southeast Brazil,c525ef82a7b320d066a0d9fd9dc6b5e3d5749c11a2f3c1ebd5b14ef66a011da0,1659
10.1177/0956462415626307,An audit of hepatitis B vaccination for men who have sex with men before and after sexual health service integration,e1c49c89c4a3aa8b65724210dd0165eb028e079ed1596d1c79004d8679fd157d,784
10.1007/978-3-531-93056-5,The Contextual Challenges of Occupational Sex Segregation: Deciphering Cross-National Differences in Europe,390a54b1668fa6a9142ed0de11ad88c7c77b7a063f3d2e3b611d6862c86e635a,1379
10.17159/2224-7912/2018/v58n1a3,Dagloners: 'n Gevallestudie van die kwesbaarheid van die maatskaplike bestel en samehorigheid in Suid-Afrika se informele ekonomie,94447444c55212142d2ac3e0dab7751410f27d65056f34b9449381ff956de079,2059
10.1515/reveh.2011.002,Health impacts of climate change and biosecurity in the Asian Pacific region,75b922ff184278bbb63cd837a3f8b48a40ef97d927f830929358113af3544725,978
10.4018/978-1-5225-1088-8.ch002,Perception of Race Discrimination by the Police in Europe,a90dec289cf5844c29096c8c717c6db9c17a3ed143c6e68c386b2d7e350c23f8,949
10.1117/12.2066432,Use of Landsat imagery to detect land cover changes for monitoring soil sealing; case study: Bologna province (Italy),de9b80bc2fcdded62280a2f803d57d3c50b40175d9d80131143ecdb155cae4cd,2328
10.1111/cobi.12167,"Climate Change, Marine Environments, and the U.S. Endangered Species Act",2f2837fb54dc2042c6c94cc85f90795f257102d26e7d120995d0cfe6bab15f95,2083
10.1061/41114(371)350,Regenerative Stormwater Conveyance: An Innovative Approach to Meet a Range of Stormwater Management and Ecological Goals,f3565a6d4856e603fa67b53dd723f904e7bbbca3ce38825b8b76838f57d79ab5,2178
10.1007/s11270-016-2750-1,δ13C and Water Use Efficiency in the Glucose of Annual Pine Tree Rings as Ecological Indicators of the Forests in the Most Industrialized Part of Poland,92a6535f3e9bfb65230e08eaf8887b2c9b45ca068a4053aace5d88b7227fe0b1,1443
10.1177/1077559517690829,Examining Child Welfare Decisions and Services for Asian-Canadian Versus White-Canadian Children and Families in the Child Welfare System,29aedfbc1a37c131487248b11fcad7d04bbf4cce4b3c16993f516d08b06d4904,1306
10.1111/twec.12787,Effects of aid for trade on extensive and intensive margins of greenfield <scp>FDI</scp>,d3428cf6148a17149f0d1f3d88b933bf1e7b414eb4ed035b72ac3a419e9b0254,1286
10.1021/acsanm.9b01119,Environmental Sustainability of Liquid-Based Chemical Synthesis of Si Nanotube as Anode for Lithium-Ion Batteries,d871452a7a5fe1f937ebb83373345b6b19328ce0bfa99a6b79956ab29b466756,1585
10.1002/car.1081,"Policy and practice: non‐governmental organisations and the health delivery system for displaced children in khartoum, Sudan",5aca8a65a5ee2f60cdd885d3b2fd71465f69ea8ae2a7c8ff7ba90811bc97f572,1304
10.1080/09669582.2014.934374,Self-identification of ecotourists,801054b7545d48d3b61bebda5184aabd69b47a4fda06c9a6f817c7b4683fdd84,1408
10.1016/j.jhealeco.2017.08.005,"Unemployment, drugs and attitudes among European youth",397af1eba1f2ff00e142ce8b9b3eabb2ac69c4cfb0b38c1d8687079dd6c22ad5,978
10.1017/s0030605312000014,"Detecting an increase in an Endangered huemul<i>Hippocamelus bisulcus</i>population following removal of cattle and cessation of poaching in coastal Patagonia, Chile",4a71df1484f9d116a65ebfe8e6f451ad9acf4acd9dc86fbdfd5f6fd5f468875e,1325
10.1021/es404994t,Water Accounting and Vulnerability Evaluation (WAVE): Considering Atmospheric Evaporation Recycling and the Risk of Freshwater Depletion in Water Footprinting,f42ce1ec2444143542db83d8b2586e8695aa11718ac53074ae4d52eb1fbb9419,1287
10.1007/978-3-642-54034-9_5,Innovative Microfinance: Potential for Serving Rural Markets Sustainably,5be55a7ae44f0ed6c8edc69b83a9bd449779006b1ff797b898edd78033d9ce34,378
10.1371/journal.pone.0048908,Why Do Tropical Mountains Support Exceptionally High Biodiversity? The Eastern Arc Mountains and the Drivers of Saintpaulia Diversity,62f44779416527fbb385a4fbe72787657db589099007315d9c1933a2b7c736bd,891
10.1680/jmapl.18.00042,An analytical review of failed water public–private partnerships in developing countries,dc1620e8f1a2eac7e49a70ea589fa2735755f24084e19052f70fc50e313d9084,1345
10.1111/j.1365-3156.2010.02639.x,Viewpoint: When the ‘non‐workable ideological best’ becomes the enemy of the ‘imperfect but workable good’,d81775e07512b19554f1d86b41b9b449b964b011dd7d611c27a77c1cdeb069f3,473
10.1016/j.ijdrr.2018.02.011,Adding a community partner to service learning may elevate learning but not necessarily service,934c1f285bc5510066112769c137f4cdc3dd6ccd9408f16742b32254a20092c1,1511
10.1590/001152582019169,Diferenciais de Participação Laboral e Rendimento por Gênero e Classes de Renda: uma Investigação sobre o Ônus da Maternidade no Brasil,8accbcc73ec97b3f30faa36a7cec6f37a7543dec5c3946501045d98f6090b120,887
10.1177/0539018414531677,The (re)making of sexualities on the web,5c3f5e719662d596565494e354accecbfc423c7b849a104c54ee1f55101e8794,1007
10.1061/(asce)sc.1943-5576.0000187,Life-Cycle Assessment for Construction of Sustainable Infrastructure,5f8edd66dda005e0282d5a179cd2c476b2390a97fe7d36399a4f2cb097206bbf,1145
10.1186/s40066-018-0176-2,"Agricultural mechanization, a key to food security in developing countries: strategy formulating for Iran",134c79a741c3977bd4539fd919b77d58455f266b2ea850de325520524f109e41,3233
10.1109/tsg.2012.2217512,Retrofitted Hybrid Power System Design With Renewable Energy Sources for Buildings,c4121bb6a8815056275ab34ea86d7156cf037bcd77ee53fa657b18b9a02cbd52,1574
10.1186/s12887-018-1375-5,Childhood stunting in Thailand: when prolonged breastfeeding interacts with household poverty,77eed3bc41873481558045ea52f03bee987d22a2ed6f91679cb11f1f9980b7bc,2451
10.5194/isprsarchives-xli-b8-593-2016,FOREST TREE SPECIES DISTRIBUTION MAPPING USING LANDSAT SATELLITE IMAGERY AND TOPOGRAPHIC VARIABLES WITH THE MAXIMUM ENTROPY METHOD IN MONGOLIA,9b4121beb470980423da029daa1179783ca22fc3d6e39a4a0b25768ebdbdd1c5,2389
10.1515/ev-2017-0009,Caloric Sweetened Beverage Taxes: A Toothless Solution?,8dec438dde6fd7c5e9b18b8e83bb21ce3baafef71fc616ce45c358fc1afd0bd2,1407
10.1080/10643389.2011.556553,Nanoadsorbents for Remediation of Aquatic Environment: Local and Practical Solutions for Global Water Pollution Problems,ed93d17fca9614ec38050a2925376c739ed785df5ea1ad0fa20c386bed6fd638,776
10.1177/0021909610383812,Microfinance and Poverty Reduction: Evidence from a Village Study in Bangladesh,6dda3b97852ab5848ed65200f6e6d79de61237e0e94e0a85a38f012d21e9f78c,640
10.5194/se-7-979-2016,Spatial variability of some soil properties varies in oil palm ( <i>Elaeis guineensis</i> Jacq.) plantations of west coastal area of India,4eeea716fe96eca0b9a9b061496bccb4002b3ec69a6fe7937a52cbd00fbb7d14,1483
10.1080/09669582.2010.517316,The diffusion of environmental sustainability innovations in North American hotels and ski resorts,a949f0138ba769a2f79d59da989f3d2a5b5a3babe197f329ee0c959579e4c410,1443
10.1080/09669582.2018.1545777,Overcommitted to tourism and under committed to sustainability: the urgency of teaching “strong sustainability” in tourism courses,71c10a53a0cb7e670b11595913f2dd8728fddae0f533e327c7877887b8334559,1459
10.1108/bepam-10-2013-0051,Improving investment sustainability for PPP power projects in emerging economies,4c137ac147e944ab10c6c1e7a9dbb9a0ae5dc7605e0d13a02c6938369b6db75e,1652
10.1088/1748-9326/ab5139,Large-scale pasture restoration may not be the best option to reduce greenhouse gas emissions in Brazil,f1766a70f051ef3f37be52978b4fc6d02653ec622750dd32ee07db6a691f939d,1466
10.5194/isprsarchives-xli-b8-1089-2016,"MULTI-AGENT BASED SIMULATION OF OPTIMAL URBAN LAND USE ALLOCATION IN THE MIDDLE REACHES OF THE YANGTZE RIVER, CHINA",e503a294571d5b69fee992211b4d007058bb704febeab152d65b7a995c27501e,616
10.3390/rel10010027,How Does the European Union Talk about Migrant Women and Religion? A Critical Discourse Analysis of the Agenda on Migration of the European Union and the Case Study of Nigerian Women,1db653ed4d9a41ef91e89d85d44d5f713ceb4a38022f0d0eda6883f9f6ef30cd,1402
10.2190/iq.32.3.b,A Comparison of the Aims of Public Policy with Women's Views on Declining Fertility Rates in Post-Soviet Russia,4edf88ec6ad0a204dcb1f8240ad77c0395d029b513ef1af30d626c04d45f847d,880
10.1086/680988,Assessing Racial Disparities in Parole Release,a1821589b398090560a7f76eb23ab25c3f052b4508190621c09244907eadf866,1012
10.3390/app7090869,Assessment of Sustainability Indicators for Biodiesel Production,647d8a629a259829b4b8db579bb622c2c70c930281ad88cb850e2f2b0f39e273,1351
10.7440/res45.2013.04,"De “sirvientas” y eléctricos servidores. Imágenes del servicio doméstico en las estrategias de promoción del consumo de artículos para el hogar (Argentina, 1940-1960)",dceeb31781b7abe6dbd4045f5f2be7f9cbad895a9f36fea43c7e97f81485efb6,1104
10.1177/2053019613514035,"Population health in the Anthropocene: Gains, losses and emerging trends",678826dca07351f66720de8c92c8ab6d85ca529a07e9d17cc835164e5e9bd07d,2147
10.1080/09540121.2014.906557,Evolution of HIV-related stigma in Spain between 2008 and 2012,2e962a3bf691d0406ded963060f7461f243d3a618b45a503bbd03a8b97ee41c0,890
10.3301/ijg.2014.09,"The role of sediment grain-size, mineralogy, and beach morphology on plant communities of two Mediterranean coastal dune systems",d8aa563fe8311747b456a91a2240af672dd18bfd997def47e7807e0110af98d9,1590
10.3390/su11051419,Improving Financial Service Innovation Strategies for Enhancing China’s Banking Industry Competitive Advantage during the Fintech Revolution: A Hybrid MCDM Model,a0642bb96293976f8bc547dac6f63a36cb10c79d8563c6df9c673ee190bd79cc,1570
10.5194/isprsannals-ii-2-w2-35-2015,DETECTION AND MONITORING OF GLOBAL CHANGES AND THE EVOLUTION IN THE REGION OF BOUZINA (AURES) USING REMOTE SENSING DATA,6767019ae41d8a50d7e2d516bab7364c623a6e304bb18cab4adc6eab08f8a1ac,1689
10.1371/journal.pone.0148770,Contrasting Responses to Harvesting and Environmental Drivers of Fast and Slow Life History Species,05d33f28771aeef06d1f5a6b7f097233f4f10690bd959e4f01ba6eed6d3cbba9,2201
10.1111/aec.12201,"Ecosystem risk assessment for <scp>C</scp>umberland <scp>P</scp>lain <scp>W</scp>oodland, <scp>N</scp>ew <scp>S</scp>outh <scp>W</scp>ales, <scp>A</scp>ustralia",4e4d37b5ca2352f3f0babfccae882a4df1d4a46b90c15026c83bf285b422b002,2034
10.4018/978-1-5225-0576-1.ch012,The Role of Local Governments in City Branding,3d68c32e138b8eaead8686ca6dc2dd85110035bd3d560fc0dc6ae49ea94f24d4,926
10.1353/hrq.2018.0018,Identifying the Components of a Core Health Services Package from a Human Rights Perspective to Inform Progress Toward Universal Health Coverage,83ba0a88ca193317156c906d6b1c02853a72d84a5ef63bb5022e9343313e1d71,1044
10.1371/journal.pone.0196788,Broadening understanding of accountability ecosystems in sexual and reproductive health and rights: A systematic review,e4daa4e573b838f1a0f7a538d125836e12a669e5db7aa0728312f8e0508351b4,2278
10.1590/s0104-66322010000200002,A review on carbon nanotubes in an environmental protection and green engineering perspective,262d33991428acf17065efdbfb8e100bd42e5c8bd642e4b6941ecf2bbff50148,828
10.1039/c4ta05118a,Converting real-world mixed waste plastics into porous carbon nanosheets with excellent performance in the adsorption of an organic dye from wastewater,bd281994003b00f49b7203fe180ec3c01aaa7a2ae5249b32b6e27b6f26e56fed,161
10.1371/journal.pone.0048025,HIV and Sexually Transmissible Infections among Money Boys in China: A Data Synthesis and Meta-Analysis,d79575ecb92c9b3e1cfecc4166c27a60d4144471f67eb2b9603acb158c888ba1,1564
10.1505/146554819827906807,How REDD+ and FLEGT-VPA processes are contributing towards SFM in Indonesia – the specialists' viewpoint,cce0648eebb639a0e17e9cf6019348cb2cd6c4e5f6864deb8b62bbd5ba685e62,1201
10.1038/srep18715,Coral mucus fuels the sponge loop in warm- and cold-water coral reef ecosystems,c3cc6cf5d6569ff5b018f1184908c02a8e054a0c7fbd91dfdc8eee6370ffaffc,1312
10.13198/j.issn.1001-6929.2018.05.12,山西省CO 2 排放影响因素研究及情景分析,b3fc431fe9956745581f797e48dac49b67022e1498cc21c9cb654d836f32bfde,462
10.1177/0956462414545796,Components of resilience in gender: a comparative analysis of HIV outcomes in Kenya,5720f997432c9483125504058fcdeffd2bc83fb10a72fb2af1b6c2772ddc86f7,1058
10.1515/ldr-2015-0038,"Foreign Aid, Law Reform, and the World Bank’s Doing Business Project",907507ce219cf3a3a2322ab071b8ca5e9a699c8714214a1748e95ace90601d18,707
10.1177/1363461517746316,Mental health of immigrants and refugees seeking legal services on the US-Mexico border,9884514face313e7ddceeb26e10e1684e9e55ff54ec7daa753e7c36ece583933,1373
10.1111/j.1467-9701.2010.01286.x,The Effects of Domestic Climate Change Measures on International Competitiveness,2c26c9e0c3cf30a1b6b9149352f2baaedaf157120608e93d8d9a5c643e703b78,1650
10.1080/13658816.2015.1010536,Estimating the count of completeness errors in geographic data sets by means of a generalized Waring regression model,3756536dbf97f4361821439b818d389bb847fb91780d2270aad7555c4e2ffd98,1472
10.1111/btp.12685,Leaf litter decomposition and macroinvertebrate assemblages along an urban stream gradient in Puerto Rico,3bb4ac2405a78bb55bd8f6dfea7c1094b86aaf2ee00e77b29865055d8e2cdb48,1660
10.1108/ijtc-04-2017-0022,Factors affecting European tourists’ satisfaction in Nha Trang city: perceptions of destination quality,4bd6143790cfdc0135a6c1dcfc434a4a7ec578d26bafd90d6ab9809a8692daf5,3415
10.2148/benv.40.2.201,The Nile Delta: Urbanizing on Diminishing Resources,e3c869185f045ec802418b771b7569171e0102069ba8f078b6be47bdcd055a25,1821
10.3390/su10062022,Life Cycle Environmental Impact of Onshore and Offshore Wind Farms in Texas,c7bdebab36058ce77b0b7e18c667d6006a44c7ce6634f065df9cd5a4acea4cfa,1446
10.5194/gi-6-397-2017,"Re-establishing glacier monitoring in Kyrgyzstan and Uzbekistan, Central Asia",50f3bb16e1aa51e8efe925eadd27351f294e1e785229fc4bf563f65b5e2e1723,1432
10.4028/www.scientific.net/kem.677.75,Characteristic Properties of the Fly Ash from Coal Combustion,140647355e9569e1b40e7c4ec7189555891aeaa38b216fcf7528daff9e5d1cab,611
10.1016/j.rpto.2015.06.003,"e-Recruitment, gender discrimination, and organizational results of listed companies on the Spanish Stock Exchange",18b6f6f1ae50fff5bb161a776652cb8eb6d87c1f9676c87e6e42e979b6d3fb02,1147
10.1108/ijcthr-08-2015-0097,Promoting service excellence for tourist destinations,62b4507f5ce6fc0980b86b80348782597275538f29d7fa3cdd79e99ce02651cb,1917
10.1073/pnas.1513626113,Dynamic ocean management increases the efficiency and efficacy of fisheries management,b3650ad8a3bd1939da86f04e2665afec091a7d490024f86ca7ba9cfea5b4cf96,1833
10.1093/heapol/czr037,Role of the private sector in the provision of immunization services in low- and middle-income countries,982b987e6446a3aef8f541602affd081080a9fa2de2e396f6a1786e0eeeed3d6,2043
10.7584/jktappi.2017.06.49.3.71,Case Study: Innovative Strength Technologies for Paper and Board on the Basis of Modified Renewable Raw Materials,0629a18fe1629a75924fabf56c800f1096e316ea5465cd589182473aa4f64591,2196
10.3382/ps/pey251,Treatment of duck house wastewater by a pilot-scale sequencing batch reactor system for sustainable duck production,fad55b41c8ad63a94b9b9cfae49028cf8bb5a84bc57b12ef4f6ac10c08507fac,964
10.3390/hydrology5040069,Mid-Century Daily Discharge Scenarios Based on Climate and Land Use Change in Ouémé River Basin at Bétérou Outlet,30841e94c254cc1603f0bcf1258bd6eba816aa822a88a089c1ca571400a65ac1,1803
10.1111/gcb.13424,Contrasting ecosystem <scp>CO</scp><sub>2</sub> fluxes of inland and coastal wetlands: a meta‐analysis of eddy covariance data,5160ce99d007d4529782f560992a194cf27a678aa92625118941869a4fcbfce4,2067
10.1136/bmjgh-2017-000405,Beyond menstrual hygiene: addressing vaginal bleeding throughout the life course in low and middle-income countries,53e3432342dc27d6d1ad51d4d2399446d7016fca1561df1f43b3fb3d11a5adc0,1521
10.1175/jamc-d-16-0385.1,"BME Spatiotemporal Estimation of Annual Precipitation and Detection of Drought Hazard Clusters Using Space–Time Scan Statistics in the Yun-Gui-Guang Region, Mainland China",146c28ac25b18f5adb180bd5e36f451e092d895478286a411405a46c4819e8f0,1956
10.1111/wej.12348,Assessing the performance of constructed wetland for water quality management of a Southern Mediterranean river,a9637761ab5ba5e0469ba208b8ec2c6ebd606fa7c5d4d24eed44a6c9276a59d1,1004
10.9745/ghsp-d-17-00057,Family Planning in the Context of Latin America's Universal Health Coverage Agenda,b76369c9a35b4acb96e5e3e88bfa4441cbf5c032a2a1e576d58c24cae5d795f5,2090
10.30744/brjac.2179-3425.rv-19-2019,"Production, Characterization and Application of Ferrate(VI) in Water and Wastewater Treatments",bcd18b56001ffa23b7f12bdc732de2206248a5b56c13995a47df7aea5514a032,259
10.1109/sege.2017.8052804,Building related PV systems in GCC countries: A SWOT analysis,8578a9a287a0c461a86b53bc80302e344fcbdf1fbbb69b07fc8f66d1c33feea4,1006
10.1108/aeds-03-2018-0056,Perceived contributions to national development,2fe50a2b6790970f4dc008047e5627fefb27ca229aa07fabd42f821a1ed19379,1416
10.1214/15-aoas834,Vertex nomination schemes for membership prediction,6366699efeaf80f2eb5bc1cbb769aa5403c59af0348c7e29f404a98d1a7e42c7,1062
10.1016/j.egypro.2014.06.025,Energy Performance Simulations of a Grid-connected PV System Supplying a Residential House in the North-western of Algeria,4f3fcdccaf7816cbb4ed5984342704cd1e4ebefe256a4d0b06becd58da984dc3,882
10.1080/09669582.2016.1213849,Last chance tourism and the Great Barrier Reef,d59691ade88d13ec670905a379df05373634712ccfe4e80954e54d134da0edc3,1141
10.3390/su11174639,A Model for Measuring Fair Labour Justice in Hotels: Design for the Spanish Case,8c9d0672a75658eef98bcd096b57a6f469b32318cc1de7e9420f8b096d6f82ad,1655
10.1111/1468-0319.12396,Japan,8ee7d74100f94d69d54d65e98c30467d806ba1b8d7dfec62c1d13b54db6ddc45,3373
10.1016/j.ijsbe.2014.11.004,Carbon footprint and embodied energy consumption assessment of building construction works in Western Australia,9562757bf3ab986222dab80f5a6b3b9a09a1194cd48aef03dda30443c0ffa2f6,1384
10.3856/vol46-issue2-fulltext-7,Small scale fish farming in seasonal ponds in Brazil: technical and economic characterization,60a59eafde7683e6e9d047df18cf9043fc69586ff7e37cac8cbacc633d0b4e69,1350
10.1186/s13561-019-0255-5,"Health insurance coverage, type of payment for health insurance, and reasons for not being insured under the National Health Insurance Scheme in Ghana",a5762a742110d0866cadfde8f4b26dc48dcde80cc54069cf9dde58ae714b444e,2079
10.5751/es-06118-190137,Food Sources and Accessibility and Waste Disposal Patterns across an Urban Tropical Watershed: Implications for the Flow of Materials and Energy,41c93dcbb613d32ae47b3fab287681f71c5674ec4ad0ee68a7ba14c74b655f97,346
10.24908/ss.v16i3.6967,Be Safe or Be Seen? How Russian Activists Negotiate Visibility and Security in Online Resistance Practices,1261fd3a79a4c144e921f499c85344486c0a198084e518ce368363b98b0996c8,1632
10.3362/1755-1986.2016.014,Microcredit and poverty reduction in Bangladesh: average effects beyond publication bias,1c8ab722eb488fbfa9e1ac2ebc84458e57e16390f55d5aa0c0b6ebd40c92c2b6,709
10.2112/si75-032.1,Effects of Sewage on Natural Environments of the Amazon Region (Pará-Brazil),4f946230aedb1f28fe97d86e2c035cc9ef180b5f845f7bf3c61add49a9fced70,1426
10.2744/ccb-1090.1,Temporal and Spatial Variation in Survivorship of Diamondback Terrapins (<i>Malaclemys terrapin</i>),8afb870531e88c38662de35ec16d1b47ce6dda01ffb8ef334e79fa2aaf4bd2f1,1186
10.1134/s0003683814060131,Enhanced bioremediation efficiency of denim industrial effluent using bacterial biofilm onto polyurethane matrix (review),f1e5c25688805af0fa8cc4a849be67540cc9a63a5d19ed11f22993d9c86b9bb9,702
10.1071/ah16217,"Health service planning and sustainable development: considering what, where and how care is delivered through a pro-environmental lens",a738dc4e8604958ac59167483c0e55df3ec18cd2198719f2ab3e683ab275b1e3,1591
10.1145/3041823.3041832,On Discovery of permanent land cover changes using time series segmentation approach,b63b03d65ad4d90d6e316b53439045869ebcef46486886ac182bb66868f22c7d,684
10.1093/icesjms/fsu023,Data and time poverty in fisheries estimation: potential approaches and solutions,b40e7ed22381a1885a234577ad544a7fd1789cc9370d5267612cbd0fe2b46667,1205
10.1371/journal.pone.0024580,Utilizing Spatial Demographic and Life History Variation to Optimize Sustainable Yield of a Temperate Sex-Changing Fish,efdaa9f5e4feaa75a68e32f9c57720e30702c52510b379636d5fc0fb9e2ddeba,2129
10.4324/9780203409947,From the Global to the Local,146f2e491441226578cddeda10bdcc2207b2a74322ac5fd33c08375ffaace01b,1242
10.1109/dest.2010.5610665,&amp;#x201C;Digital ecosystems &amp;amp; Co-innovation towards sustainable societies&amp;#x201D;,cf869bcbb3c0f5ffade6417df821287b1c4ca2976b8f1acc10e257d0a67a4c60,248
10.1088/1755-1315/195/1/012013,Understanding and quantifying water balance for sustainable city and agriculture of Yogyakarta Province,15df94312750d8ea1b35fffa0cd989000dedc03b4d1dce09ff984cc1f3701336,2119
10.1016/j.crte.2009.10.008,A thirty-year artificial recharge experiment in a coastal aquifer in an arid zone: The Teboulba aquifer system (Tunisian Sahel),765f9a7a81b74eccff2bd1fcc72b7365dd76d32b4720c7327bfc98a78e289af1,1944
10.3390/atmos10090496,"Characteristics of Fine Particulate Matter (PM2.5) over Urban, Suburban, and Rural Areas of Hong Kong",fc2a42a9a91cb1c20283a49e468359d75bc65123ca2d72a860d87366543eda34,2119
10.3188/szf.2019.0189,Eine Vorwärtsstrategie für Buchenholz ist eine Vorwärtsstrategie für Waldeigentümer (Essay),7144ec1c0a2424bfb7c5b485c46f3e19f7489b5d09334374693f82828975cedc,1704
10.6018/rie.37.1.326221,Educación Primaria y alumnas gitanas. Análisis de las barreras sociales en contextos de exclusión,17182c95533974350d02ca955d1857d1e225de01cfcdee74d75531a732a24be9,2570
10.3844/ajabssp.2010.7.14,Lisrel Analysis of Factors for Empowering Producers to Abolish Livelihood Poverty through Optimizing Agricultural Water Resources Management,0cabac6c9a32b9c566e9b6c1edae092625947a19fcd734cbbfe05c62780a3371,2047
10.1201/b15426,Engineering Aspects of Food Biotechnology,0fdf1406eddce64993f674d64101ffb1ef2edc2ac9b6d4705e4c3f583f91d7f3,350
10.1093/rsq/hdx013,Migration Control à la Khartoum: EU External Engagement and Human Rights Protection in the Horn of Africa,95d1478e3e56e28e707e4ad23cba524cd3c77a1c7708d468f17b00a5d57f5548,1325
10.3763/aedm.2008.0087,Critical Factors in Adopting Cooling Media for Central Air-Conditioning Systems in Hong Kong,b5b2229600de53d36821c9414724c68acbc06971c232d6d3d2602ac84cb35914,1835
10.1093/cesifo/ifu011,Do Family Planning Programs Decrease Poverty? Evidence from Public Census Data,6940ff88fbee38026420a9e62487ea731d37ca9f7810023f3f511d761d94b051,562
10.3828/tpr.2011.11,Planning for housing in rural England: <i>Discursive power and spatial exclusion</i>,7ad8ae39abf924ff78ae9aef6cff1dd3e9ea67e432797423090046dec79d39da,662
10.1177/0269094217734330,"Contesting displacement and the struggle for survival: The case of subsistence fisher folk in Durban, South Africa",1339d50e86636000335aaa94f3544a43559f2f7751c828361d061ad6a4a6a3fb,1443
10.3389/fpls.2018.00905,Legume Intercropping With the Bioenergy Crop Sida hermaphrodita on Marginal Soil,ff912b529128b7aa72b8fee274bce4f56239dad95ab9c5e50e283e665f954556,1802
10.1080/00138398.2016.1239415,Constructions of Gender in Contemporary South African Crime Fiction: A Feminist Literary Analysis of the Novels of Angela Makholwa,88d6e85e01e786862c7ee27f96a1a5d4105883f335b580f89ecfd2dcbddd296b,1831
10.1016/j.dib.2017.10.004,Discrétisations 3D non conformes par la méthode de décomposition de domaine des éléments avec joints : analyse mathématique et mise en oeuvre pour le problème de Poisson,666b58d7e63d578e9a69623fbd6c575adcbcbef0bfcfb7455e8d1e149693935b,1650
10.13031/trans.12074,Thermochemical Conversion: A Prospective Swine Manure Solution for North Carolina,c6ed90005c3d203410c1e6edc2c9e953acd003c6234e990f8f91431de603f543,1760
10.1177/156482651403500213,Which Aid Spending Categories Have the Greatest Untapped Potential to Support the Reduction of Undernutrition? Some Ideas on Moving Forward,09b32c3dc2f95fa4d2629b69a108f52cc77bb01dfafc49e34fc57979833a8c07,1115
10.4324/9781315126692,Political Philosophy,cb569d11d6f9b4278b318bd0779ce55a77b079785d6fbb045973e9fcae7e5b0d,1551
10.5846/stxb201510232147,Developmental trend forecasting of tourism ecological security trends: the case of Mount Putuo Island,104ac139509771c9ea5214e923ba1a299a4e77c8f698f0c2c7b88027a964d25b,351
10.5209/rev_poso.2013.v50.n1.38002,"""Business Improvement Districts"": Una nueva forma de colaboración público-privada para la revitalización socioeconómica de áreas urbanas",f8cf92b39a4203fe706ef7361f844df6340e22ffbc13a0b2dcf401dbc1b4df1f,1509
10.1089/trgh.2018.0051,"Violence and Mental Health Among Gender-Diverse Individuals Enrolled in a Human Immunodeficiency Virus Program in Karnataka, South India",2c5b0c9b81172cd9b4bb75fc9f1f40f77f1a851d09a78dd49c1dfcfa1de0a0a4,1792
10.3390/su11072011,A Panel Investigation of High-Speed Rail (HSR) and Urban Transport on China’s Carbon Footprint,b64123c1f60590e8a2bf281b5e4c16352e7e08017784c1f4a2bcb69619cff995,1238
10.1002/pad.1633,EXPECTATIONS AND CAPACITY OF PERFORMANCE MEASUREMENT IN <scp>NGOs</scp> IN THE DEVELOPMENT CONTEXT,a2e6f8d89c93956c8a132e67dd13e92d0921045cbda722738459d6d98ced64e0,2111
10.1080/09670262.2018.1539250,"Responses to ocean acidification and diurnal temperature variation in a commercially farmed seaweed, <i>Pyropia haitanensis</i> (Rhodophyta)",8230ec5970349a87e32707b1352adc60157de1e8877e50302fd083da88d47952,1384
10.3855/jidc.6875,Fostering prevention and care delivery services capability on HIV pandemic and Ebola outbreak symbiosis in Africa,648d1f5b3e03d6909d4ba219dd607e9c32c77d5ac83374574fa2fecb4ef1ee72,1892
10.1080/13545701.2013.798425,Time Allocation of Married Mothers and Fathers in Hard Times: The 2007–09 US Recession,cf83d524942786cffa828e610b7169b2834e86fc6ca96a404c652190fe2ef502,879
10.1111/cobi.13134,Addressing transboundary conservation challenges through marine spatial prioritization,906922739f4ea142d3b3b7f33bfe9faa20bef3a14f6cc95a7347d3a4116a7037,1927
10.1080/1369183x.2012.658543,Korean Development and Migration,d445281bd4fac98b5bc760b503149bec2ec67b6daed6132006d33f754a9d3251,1272
10.1088/1757-899x/365/6/062026,Application of reverse osmosis techniques to treat and reuse biologically treated wastewater,002b05413983aba497b2badace3098e1edd85f6a1774e1319b4308d791ff2a09,1464
10.1002/ep.12740,Green field investment and environmental performance: A case of selected nine developing countries of Asia,b4967f48eb4c20a64a4743d1fd80366856b6210ae0284198d7a0d97898d7310d,1094
10.1111/j.1749-124x.2013.12009.x,The Chinese Export Boom: An Examination of the Detailed Trade Data,ccc90b6b17f6ab52ea12bae2ad05eac8578dd86f876f6e6566927c622fb3959d,1009
10.15809/irriga.2014v19n1p103,"MORFOMETRIA DA BACIA HIDROGRÁFICA DO RIBEIRÃO DOS PINHEIRINHOS, BROTAS – SP",81dbb77fd88aef1d4293eb6f449c4cef484cd850145dd7b0e218775fc524ca55,2773
10.4324/9780429058103-17,Poverty and social policy in Latin America,1b8a5c95004e51e21305e52167c32c4ba1866a3ce481c4b703af56ea5679dbed,881
10.1108/ajems-03-2019-0120,The struggles for land rights by rural women in sub-Saharan Africa,3bdc306247fdcdf6f79d129392187d66a44838070e0ea517163224e1c79d497d,1983
10.1007/978-3-319-42448-4_10,How Non-banks are Boosting Financial Inclusion and Remittance,898c44096cfd9706c87b99285b2afc9abb6a3982cd22cde69c147c953db815da,717
10.4324/9780203814840,Theory and Practice of Curriculum Studies,d41c7317ae2e6f132e88fbd28c0c68beadcead7f45a684b3781a2deb98d1ee67,1558
10.1136/bmj.b4258,The effect of maternal child marriage on morbidity and mortality of children under 5 in India: cross sectional study of a nationally representative sample,2e33430a83bcd4e13fb59b8a28a2416ace6700ec9b68231a73574772600f99b9,1786
10.21533/pen.v7i1.356,Learning by doing. Case study: Education for sustainable development at the University of Latvia,58cfd950af2944a45115ccbc6e5d44a67fe34210707abd82a34c9575c0e4d6f2,1310
10.3390/su10072547,Environmental Challenges and Current Practices in China—A Thorough Analysis,63fa90f6405128e2fee974c36011cc63edefe22ad82eab23d5241df8f37e3c8e,1289
10.1017/s1752971911000145,The asymmetric war discourse and its moral economies: a critique,5defd9d013bf98bf732ed08f380e7ba565fc14c0002bf6065cc3cb6a2033dfdd,1320
10.1080/02692171.2015.1065225,Income distribution and income shares: wealth and income distributions explained using generalised Lotka-Volterra SFC ABM models,ecf3b96381b56b0ca2d9088c8087ccd67b25e56dc927b49e8b8740711b63d6af,1176
10.1016/s2095-3119(13)60722-4,Effect of Different Rice-Crab Coculture Modes on Soil Carbohydrates,44149e91070105881613d303138c80eba668f7f846d6a4c83a7197aa741da4b6,1596
10.1080/23322705.2015.1131584,International Sporting Events and Human Trafficking: Effects of Mega-Events on a State’s Capacity to Address Human Trafficking,5cdbd3e32f10b03d0fbfeb6ba52eb362c4d8195bef9f33845b5c447cdc00700f,1067
10.1080/02705060.2013.860051,"Differences in gut morphology of<i>Campostoma oligolepis</i>populations from two watersheds in northwest Georgia, USA",319f51ab6f2ac5b1f5fbc9c6161da9e7c121743b1203ea1de20b03a150b4c334,1125
10.1016/j.proeng.2016.04.129,A Study of Socioeconomic Impacts of Renewable Energy Projects in Afghanistan,90aa863ce7938a908f9a3c151130731bcd4f45565dbc35790b660fe16b909401,1916
10.1145/3125501.3125517,Enabling reliable main memory using STT-MRAM via restore-aware memory management,2874d8b4bc1cf2f059a4f7885b89dbf6957904db3fff6e80a17d2baf402318a2,737
10.1063/1.5100453,Analysis of sustainable machining process: A multicriteria decision making approach,b923ed54577e84d7cbf95bb2ae96dfa61a2294d3689a94e8d8b27cd53111dc87,744
10.1111/nin.12263,Nursing professionalization and welfare state policies: A critical review of structural factors influencing the development of nursing and the nursing workforce,ea071b0aaadfb9a249c37345f470d057de4a9ce04bb83d0dd1affef68896591a,1473
10.1016/j.proeng.2018.01.117,Modelling predictors of earthquake hazard preparedness in Nepal,6dc7ab99225eca2d15c905bff15d286aac4785acddaa06596591c069d77a4e9e,1650
10.1201/b18726,Women in the Criminal Justice System,13456273e5e9b5f304aca3eb0b117f362107df95e39903915990c1db94b0cae8,576
10.4324/9781315183213,"Historical trends in calls to action: Climate change, pro-environmental behaviours and green social work",cd894f96c93b32bd6412a16e7f006a694103c429aec3d00c1b7b1858f86bb69c,1384
10.2495/sdp180021,THE FUTURE OF HISTORIC BUILDINGS: RETROFITTING TO IMPROVE THE THERMAL PERFORMANCE OF NEW ZEALAND ARCHITECTURAL HERITAGE,45c7e903cf99e8b9c0e6382f9d99983b9b6e874f93239c8790fe5be3fd36ed6b,2004
10.15171/ijhpm.2018.64,"Forecast of Healthcare Facilities and Health Workforce Requirements for the Public Sector in Ghana, 2016–2026",db4e45576dc456a433fe56225204445d051bb6122256489814aa2ef4113f1989,1987
10.17645/si.v6i3.1506,On “Genuine” and “Illegitimate” Refugees: New Boundaries Drawn by Discriminatory Legislation and Practice in the Field of Humanitarian Reception in Germany,8e5b85853267ee2780f265a0f8f6a7151cf12e2d7b46f362df8fa1b7015177d8,1360
10.1016/j.jclepro.2018.03.199,Developing climate-smart agriculture to face climate variability in West Africa: Challenges and lessons learnt,637c4aef8bd001d15576b8735806fef442854d6388b3a33f21d9e53ee28274ed,1955
10.1080/10926771.2017.1321602,A Mixed-Methods Analysis of Feminist Beliefs and Feminist Identity Development Among College Women Survivors of Gender-Based Violence,4d45198905ae307987ca9ce8f96de32a5b906f67c49ddd9d1153a6b6da8710db,1345
10.1016/j.jssr.2017.10.001,Civic media literacy as 21st century source work: Future social studies teachers examine web sources about climate change,875f33747f702ddabe7c27bfe5e2bc74ded41810f3914cf849b6e6af18695fc0,1081
10.4324/9780203076934-10,Th e Politics of Education: Its development and what is needed for the future for advocacy leadership in a post-racial America,44e9786909ac18add8ecfc5c3121cce94d3effb2f4f57e06c01cec3cdcdfcc8a,3164
10.1080/10220461.2011.622954,REDD+ and the global climate policy negotiating regimes: Challenges and opportunities for Africa,a8d93851a6019dca6978e62bc9494b32ec72651a0e33fb92b2b56c6aa66f916d,1457
10.5901/mjss.2013.v4n13p773,HIV/AIDS: Its Impact in the Zimbabwean School Curriculum,774e3ae722785b5dd2055865d26fdae2857109fcf361b73ca9b40d18c5083f2e,1407
10.1051/matecconf/201817005005,Creation of transport hubs for the increase in investment attractiveness of the city,087f02dd8e3794f0bc861639b025e3948786cea65c3428a65992e541fa8da32c,1355
10.2134/jeq2015.01.0009,"Restoring Ecosystem Function in Degraded Urban Soil Using Biosolids, Biosolids Blend, and Compost",2e998f77d6ff373f1fefca6e3ed350b4d564cb8bfef2162ee7f8358a4105bcb1,2096
10.1080/18626033.2015.1011443,Water as a metric for urban development in India,058b0bbbd853ba8330555b19c852a60506674ba3ba58a26b8834e3b3d23807a2,1055
10.1080/17440572.2010.519528,Women who traffic women: the role of women in human trafficking networks – Dutch cases,2b9bcef2c54c6f7e1ec263fc0ed66af8135ea69bbb9b7ec5bd875b804be7f9e1,799
10.1080/02673030903362035,Individual Development Accounts for Housing Policy: Analysis of Individual and Program Characteristics,56ab6d6e373d18f642e089972ecd5c00fae9187b5882cde133620e407df25665,948
10.29063/ajrh2019/v23i2.9,Does Female Autonomy Affect Contraceptive Use among Women in Northern Nigeria?,01500853a98ef8769d69a96b776b0008823bc1a2b2db259a87aa41348108f888,1110
10.1080/10549811.2017.1364652,Debating the success of carbon-offsetting projects at sports mega-events. A case from the 2014 FIFA World Cup,0c20b0feb7d4ad451b5eb9ea4e51c29c53b3bad60529f728f414d80253cdd791,1064
10.1088/1755-1315/298/1/012027,"Benefits over Threats: Understanding Community’s Motivation to Participate in Restoration Initiatives in Gunung Leuser National Park, Sumatra",4ed5c1d52140760ad96cfb8da65494d434884d49fe25b33208358a82e670d495,1772
10.21149/9819,Medición de drogas ilícitas en aguas residuales: estudio piloto en México,7db6bb293d2a12454f213cdf12f4faf11c4f5ee06ccd4eb47134c298afca6449,1036
10.1093/oso/9780190695132.003.0007,Homelessness and Money Management in Military Veterans,e9296a88de7f0fd6e0df19c27249ad20e31651f29f123227e66c92d5cc567462,974
10.1021/es902116r,Human and Environmental Impact Assessment of Postcombustion CO<sub>2</sub> Capture Focusing on Emissions from Amine-Based Scrubbing Solvents to Air,ded3d1999e1466c081833e242889bfea910ebc77ab64c4f39852562d189b7b5d,1416
10.3390/ijerph16122238,Mercury Exposure in Mother-Children Pairs in A Seafood Eating Population: Body Burden and Related Factors,d9325f9057af4515dc7d494444091b383055356042fae6c8c1b90e6439cdef34,1580
10.2478/v10089-010-0007-0,Income and Expenditure of the Polish Population in 2006 (An analysis of Regional Diversification),c201bb3fe3ff3d89fec253913d5a6af2a4b81e77a3c72ac93609f3a51dccf2c9,1736
10.3390/s18114012,Mapping Mangrove Forests of Dongzhaigang Nature Reserve in China Using Landsat 8 and Radarsat-2 Polarimetric SAR Data,729c2fc9706a4820565a18d17ab8fcd131c5077ada5fdbb2e347aebc35bae518,1352
10.1136/jech.2010.127977,Mitigating effect of immigration on the relation between income inequality and mortality: a prospective study of 2 million Canadians,f12ac0e42bd8a360b9cfb656cf0ceb5957f3bbe72a6c809b45df171ab090b821,1326
10.5901/mjss.2014.v5n16p65,"Job Creation, a Mission Impossible? The South African Case",d2ad135f6f24e3cccdc68607e425f382f369cc88e8c91d6bea074be9ef095b40,1236
10.1088/1755-1315/323/1/012137,Parametric life cycle assessment of a reusable brick veneer,9a9c625c4ea5810e29f8a8009b5577af0c907a4bb8175f1ac075591566820013,1631
10.1080/01402382.2012.631317,Europeanisation through Cooperation? EU Democracy Promotion in Morocco and Tunisia,d7e5a533d7ac8bd4ccbcae216e85015fbe1667f3159d29af4a6add166c87ad2d,1027
10.1080/19480881.2016.1275329,"Recognizing Indonesian fisherwomen’s roles in fishery resource management: profile, policy, and strategy for economic empowerment",8c9f2a2bd4d70df4d89084d74d132b44115b7a733446f5faf6499c0a27199e07,1117
10.1177/1073110519857323,Civil Rights Law and the Determinants of Health: How Some States Have Utilized Civil Rights Laws to Increase Protections Against Discrimination,e59c7b427f8aa5d96c4a0f153619b1f09b976aa1db4c0d74f642fde4a43d11d5,738
10.4103/0301-4738.100543,Uncorrected refractive errors,ee2dd173d48a3bf0af043fb3427123dc82491eed22c7e176c210d8220a20be54,1465
10.3399/bjgpopen18x101593,Is integrated private-clinic based early child development care effective? A clustered randomised trial in Pakistan,487551c74ab3b19c672bdd3c4247f7c5a137380f121fe5338c04aaf3cca00a40,2125
10.1590/0034-7167.2016690103i,Evaluation of environmentally sustainable actions in the medication process.,ebcad333280f7f2e28e4d6b88def4c58c766d913945f42115f687890c96fdd3b,983
10.1088/1748-9326/ab4f52,Entrenched ties between outdoor recreation and conservation pose challenges for sustainable land management,dfced2d654af117b976761c66868240ea3fcbfee193adef6a40e6e3721d96ce0,1493
10.1088/1755-1315/208/1/012075,"Effects of Different Soil Moistures on the Yield, Water Use Efficiency of Solar Greenhouse Tomatoes in Liaoning, China",890ed1dc7f8afe3bb74dbf4a1f85fd0260472c69fb1873be026249f952e592a3,772
10.3390/su8040399,"Life Cycle Inventory Analysis for a Small-Scale Trawl Fishery in Sendai Bay, Japan",18229cae6e291c3c09a28d14c201f866308a4db1891ebadb69a1f436a6c14487,1133
10.3390/su11082197,Sustainable Valorization of Halophytes from the Mediterranean Area: A Comprehensive Evaluation of Their Fatty Acid Profile and Implications for Human and Animal Nutrition,115a7ceb31214d20a75b30680a7390a6805987bc27e3dc11c6005cc562f72f23,1312
10.1097/yco.0000000000000256,Mental health service provision in low and middle-income countries,d7cf5c9b3408e6e3cb47a6bde190a96344544032aab654a3abc5651f1bf0979a,1462
10.1108/jet-08-2017-0033,Financial inclusion: perceptions of visually impaired older Nigerians,5a582f5b5609786e94b6afdacd9a385ff071b599d916224b56b6b81ba572084d,1405
10.1177/1077801214551286,From <i>Empower</i> to <i>Green Dot</i>,96dd5db76ef7ea878fbbc7bb035ada8eebb39dfe406cd82495cfce7c6f6c01db,677
10.1201/9781315365862,Tourism Marketing,2dcea4ad0465cf3e3771e78e970a3ef267421b72bdd52f4d61dc2ba38701cfd8,603
10.1080/02723638.2017.1360105,"Green infrastructure, green space, and sustainable urbanism: geography’s important role",5fe785000bb9e4befb9e40b5309ec0ef794c35771900237e706fe268ce3db5c8,771
10.1360/n972016-00753,Malthus&amp;rsquo; population theory is still wrong,458ff509eac5373cea9b99b1935d2c049791d2e105d12417396266ec6fef9397,4506
10.1134/s0040601519110028,From Rio to Paris via Kyoto: How the Efforts to Protect the Global Climate Affect the World Energy Development,3a4a97d7c0919aac35d929c4b0ffdcfb6776dc0df35b71e488bdab0385e90e47,2108
10.1088/1748-9326/9/8/084012,"100 years of California’s water rights system: patterns, trends and uncertainty",0901e47bc5733da82a5ca1cefc872eb43f3869d22971fef10aa587d4cd5c465b,1679
10.4081/ija.2010.193,Soil Water Balance and Irrigation Strategies in an Agricultural District of Southern Italy,ae53e96731ccfd51d0cf061e7e94570b32c1a5b33e9816509650334e9aa9b48c,2207
10.1016/j.procir.2017.03.072,Optimizing Recycling Management Using Industrial Internet Supporting Circular Economy: A Case Study of an Emerging IPS 2,ee874265f0fa1d130e30efa2707ee88020c7738f2a9ebe3709477b37db57b84e,931
10.1017/s136898001500169x,Application of the Nutrition Functional Diversity indicator to assess food system contributions to dietary diversity and sustainable diets of Malawian households,6390ef13cc4ac0f03c89de4529df1b6dc0ab1ae4216204bfa6faf29e54d234dc,1951
10.2478/gospo-2013-0026,Evaluation of potential improvements to coking process energy efficiency as a consequence of implementing a coal blend pre-drying operation,fa8965db8dbafecdee2a0b16d5240c133e90c70fa504d72ae00fa3e376064044,2248
10.1108/mabr-09-2018-0040,"Ports, peripherality and concentration – deconcentration factors: a review",cc19b3a6484ccf73a4bc299555b25477794ec6dfee659432c4d02308bcb2e47e,955
10.1186/s40854-019-0123-7,Institutions and FDI: evidence from developed and developing countries,e0332428dc07663f4868cbf3ae526c9c751311a52a48f7b2bd4fcb52b0cd78ea,1354
10.1111/labr.12014,Unionization and Labour‐market Discrimination: A Closer Look at Non‐unionized Workers,a7cfa1074740887bf9ac743ce569538fd6f3f9af1a5f953690b5d075efbc06f9,641
10.1007/s11482-016-9491-6,Socially Inclusive Development: The Foundations for Decent Societies in East and Southern Africa,67ebbdf5b40513b148bde8620acd39ff05378a0598959d6ad7a2c1b575e5d542,1476
10.1080/09669581003668516,Identifying tourists with smaller environmental footprints,b6aac79a7bf3e60bdd88a9c973b7e4dcb33a761721bfb2708c2f8be195d54937,1389
10.1093/afraf/adq063,"Diaspora, faith, and science: Building a Mouride hospital in Senegal",4869846e40e6d6da0a81c046c15661d58791c4134b11699dfc6dbe1caaaf83bd,1233
10.1108/jacpr-03-2019-0406,FGM in Egypt between socio-cultural barriers and lack of political will,3371501276a62d650cef7a5e64174760fc0efcb7a8b67520f699618524c6977f,2127
10.1111/imig.12277,Diaspora Philanthropy in the Context of Policy Coherence for Development: Implications for the post‐2015 Sustainable Development Agenda,d39666323ec2e093a03bca70a44df3a4489e555cb500bfabce4c6b5105bb5304,1191
10.1080/09638288.2017.1298162,Involving people with dementia in developing an interactive web tool for shared decision-making: experiences with a participatory design approach,5c5932e8e501258729716f5f4162be85ef72fa31479e1b5f5bf879142679e8c5,1618
10.1080/14754835.2014.997871,Indigenous Peoples’ Right to Prior Consultation: Transforming Human Rights From the Grassroots in Guatemala,3b5f18bfe0cd5e0345183d10d1f563f66df60536064c65fc6eb1166c32411648,1427
10.15560/12.6.2019,"Floristic checklist from an Atlantic Forest vegetation mosaic in Reserva Particular do Patrimônio Natural Fazenda Tabatinga, Pernambuco, Brazil",391728caa5b0532accba169e8a259b525608fd1d5428b80c8c8e7bbce68d6309,964
10.21162/pakjas/18.5600,MULTIDIMENSIONS OF POVERTY FOR AGRICULTURAL COMMUNITY IN TURKEY: KONYA PROVINCE CASE,c67fabc16e939a040f4240ce9f363969e7f7b9f89715f7235128227c6eb59765,1340
10.1371/journal.pone.0162825,Evaluation of Maternal Health Service Indicators in Urban Slum of Bangladesh,020ca004a1a80bd4c37b36d65631d397b3488ecae776c4bd79e7612a795bcba5,2532
10.1007/s10708-017-9837-0,Towards sustainable urban development: the social acceptability of high-rise buildings in a Ghanaian city,a5fa41a42866f6e7a98e281c75a298b3cfb3bed8e4789d8e691d62790c74f59a,1303
10.1371/journal.pone.0019750,SAGES: A Suite of Freely-Available Software Tools for Electronic Disease Surveillance in Resource-Limited Settings,5425a494c8f8a94ef11390f74f969481c90808a43d84812b4ae1c38b0e77fc57,1119
10.3390/f6041301,From Public to Private Standards for Tropical Commodities: A Century of Global Discourse on Land Governance on the Forest Frontier,e6d4bae25f57937be452b6dd40e5e54a5c608b92037cf8de060d5bfc4069a2c2,1595
10.5846/stxb201207080953,Agricultural eco-efficiency evaluation in China based on SBM model,ec167011695477dd2b76ea07033425783d78c07a1ad21d00ffeac2bacac1db1a,273
10.3161/150811013x679035,"High Dispersal and Generalist Habits of the Bat<i>Artibeus jamaicensis</i>on Cozumel Island, Mexico: An Assessment Using Molecular Genetics",9e9d4d45a2821991ded4381de086da971258340b6197b16ba1b1926e00c2ad58,1630
10.1093/envhis/emr046,"Raising the Thanksgiving Turkey: Agroecology, Gender, and the Knowledge of Nature",973c11363c29c71a367ec73820b8c63fbb6a518fac3b472b6a295104fdb487d6,1026
10.1504/ijssoc.2012.049409,"Social movements, sustainable development and the problem of ethnicity in Nigeria",cd852b0af8063dae3ac8dda4eec2c6a68210aec0f7dbe89953a22b92a1c6d8a1,1223
10.1080/09575146.2016.1228614,Investing in high quality preschool: lessons from an urban setting,94400f2eca0e98db2a8a08e342adae1f2ac140e21cff4aa9467c33e6fa7e1238,980
10.1108/mrr-01-2013-0019,Environmental sustainability and competitive advantage in a wine tourism micro-cluster,817821b81fc848f3ac5fabf6a702bb1863007c3b0075d8ef9e2eb379dbfdcbf9,2346
10.1061/(asce)ee.1943-7870.0000462,Biological Nutrient Removal in Municipal Wastewater Treatment: New Directions in Sustainability,d4dd1760ef751f5956feb39fcd21ad7d52d47a89d94051cb0089fb3cf7c7d299,1641
10.1177/0739456x12455065,Experiential Learning and the Co-creation of Design Artifacts,9163ad6e3303ad3fa777d6f3e43dacd398d871060e5d12049f51255028b4773d,729
10.1051/matecconf/201710303014,Awareness on Sustainable Affordable Housing Among Homebuyers in Malaysia,54180daf4b034384c17e771e7d188315253aa39a2c17f1c5620697f1c29a60b7,1170
10.1007/978-981-287-826-7_3,India’s GHG Emission Reduction and Sustainable Development,7165ba4f5ba7819b70fb357e4e29d06b0126e0c86b307855569d6a368a29643c,2353
10.1108/s1574-8715(2011)0000011015,Chapter 10 On the Track of the World's Economic Center of Gravity,0ab34df8ecda1756e8fb577ac62445da0d2bcadc0cc358e24d3ef34a8bcc36cb,860
10.2495/st180211,SACRED OR PROFANE? TOURISM ETHICS OF MAJOR RELIGIOUS SITES IN EUROPE AND JAPAN,c74a4cde75b37b306d2c578e8f4bb172c770c11365f60b1cd57c1e9bcd1eff33,1280
10.1097/nmc.0b013e3182836bd4,Reducing the Stigmatization of Teen Mothers,dda6a33cd5aa6939bc3503ba1b61e3ef74aa3b4d9743e86687e263a29205fe96,1115
10.1017/cbo9781316178904.012,An ecosystem services-based approach to integrated regional catchment management: the South East Queensland experience,65f9378f92dc40843631c19a22a444042acb1bc15188850d8f0605a77c0aff18,934
10.1080/20581831.2018.1471820,"Relation of protection: law, religion and gender in the processing of a Lebanese asylum seeker",1e3260b66b2c7e20792c1ba5a7b8b5145fcd2f7898c0307acd6a123dbdb51d48,1644
10.3141/2509-01,Characterization and Stabilization of Quarry Byproducts for Sustainable Pavement Applications,ecec96ddac84f5b412e2dd4d126ee174dd7a4041b75c389cb8fae86770fcc26a,1670
10.1071/mf09286,Freshwater conservation options for a changing climate in California’s Sierra Nevada,9b328de208a73aacf6281cb20a6f59142155bf1691882171a230788f041483cf,1251
10.1037/pas0000287,Dimensional latent structure of PTSD-symptoms reporting: Is it adding by subtracting?,9c81684f4cc81a726ebb2a34a9b2df239efdacc7e87b9acbd98b9b8eacff2f67,1446
10.20506/rst.36.2.2672,The World Organisation for Animal Health and the World Health Organization: intergovernmental disease information and reporting systems and their role in early warning,5e8745b7635ba05b20e924c1817802643af465400850ce1765e08a012f6545d2,1916
10.1080/10862961003796173,The Effects of Explicitly Teaching Story Structure to Primary Grade Children,348614c1f1918ce84563653d93f8735a140d065e4fdd11716821ae659b8d64dd,1156
10.2166/wpt.2017.027,"Assessment of decentralized wastewater treatment systems in the rural area of Cuenca, Ecuador",f01909795b21f102992e0f5979679a05d9176c02a615995382b6e811dde74a14,734
10.1088/1755-1315/175/1/012189,Cross–Border Law Enforcement Against Money Laundering Suspects In South East Asia Nations (Asean) Through “Mutual Legal Assistance” And Its Interaction To Asean Economic Community,9f72d50f44f6f232d3b5b7aacafb86b6de97a79110838f482ef5c4ca90af0b4b,1768
10.3176/hist.2016.1.04,RAHVUSVAHELISE TÖÖORGANISATSIOONI (ILO) MERETÖÖD REGULEERIVATE KONVENTSIOONIDE RATIFITSEERIMISEST EESTIS AASTAIL 1920–1940; pp. 67–88,da622bf00a0f8b8be5a2d73f2574985ab67a969288c186d6dcaed8072b0f05b3,692
10.1108/sampj-12-2017-0150,Sustainability reporting in the aviation industry: worldwide evidence,dce6a4d84b556cbfef310b3b700b192966b56bd47dc2c565f07230a674e8c609,4023
10.3390/su9040461,"Effects of Urbanization on Rural Drinking Water Quality in Beijing, China",ec41456d4e7150e021b2ec622859c822dd4bf2427f7f2226ab305a2edd404d6c,1508
10.1177/0002716214521556,Human Trafficking in Eastern Europe,d72801baa725c31ca15084ec0c50aa55d431d709772ebe0158ff8fd6f8bbd979,630
10.1080/00905992.2017.1370701,Dynamics of democratization and nationalization: The significance of women's suffrage and women's political participation in parliament in the Second Polish Republic,d84637c36d40d70755d62ec02718365971137d993e1b99b3d38ed127163fb496,1272
10.1051/matecconf/201817004007,Tran boundary Pool of the Irtysh River: Problems’ Solutions of Municipal Facilities and Urban Development,2315858215365cc4d59c36ad80cf52bc1d50cc320e6b954298d973e3d982fb8a,1718
10.1108/dpm-01-2013-0019,Resettled refugee community perspectives to the Canterbury earthquakes,5ac8ec0d914996b5ac98af630ee3af59901bb9cd44a7a499bd519497607f92bd,1215
10.1109/iciii.2010.501,Research on Resource Conservation-oriented Reconfiguration of the Regional Innovation System,ace2400b3b39be432514a456a164d5e9d509e7796e1a55c9e315e6b450ee73ce,1005
10.1680/jensu.18.00004,Selecting weighting methodologies for evaluating agricultural sustainability in Iran,adda58ce2dc8fcd8559e9298228cfe47e5c844eb69047fb0cbc7c3db53b6c238,1346
10.1371/journal.pone.0219559,Critical factors for mitigating car traffic in cities,cc092ef373d45f03fa22ece6554aa172e74170b888e82d976bf0144a46378eac,1175
10.1109/glocomw.2018.8644521,Improving Live-Streaming Experience for Delay-Sensitive IoT Applications: A RESTful Approach,ab1ea97bbe3ebfefd75e8328f84ac0bfebe495672e248f9adc47d30be41dc60a,1334
10.1093/cdj/bsr038,"Poverty reduction, political violence and women's rights in Honduras",9e56571dfc0eca449d31d2af5529bfbafb2f67f933a8c0dced5b8848f4724685,1147
10.3390/su11154146,Public Support for Sustainable Welfare Compared: Links between Attitudes towards Climate and Welfare Policies,dd1f31d613bc1d91e2a666d2787964be1f2d4752d82bbee8e954c14a26568e26,1650
10.1590/0034-737x201966020009,Sensoriamento remoto multiespectral na identificação e mapeamento das variáveis bióticas e abióticas do cafeeiro,7cf2bf3945d0b20c1703fb15e3df2ca2e8eff2598b7ab8a766d8abceb7dcfbbf,1402
10.1177/0263774x16663933,Multi level policy mixes and industry emergence: The case of wind energy in Spain,a4eb4e7087bb2d0f21d4489828018b6ba83c1ad5dc4785d449ba1d1e2f191091,2001
10.1080/09523987.2016.1236890,Perceived learning in three MOOCs targeting attitudinal change,6992e860eafe995d157627c405af5fea24d897026d0ac036c9429bc4d2224055,927
10.1007/s10272-016-0624-9,"Imbalances, Inequality and Growth — Rethinking Growth Policies for Europe",cc48103929abd7ccb9cb41ed7daa53b986be389741421631a36870b105a558f6,491
10.3402/gha.v9.32795,"Completeness of birth and death registration in a rural area of South Africa: the Agincourt health and demographic surveillance, 1992–2014",80cb5d5c00dedc747f97ddc44deeb5ad4896e54708bf181efa059338739dbeb1,1794
10.1088/1755-1315/177/1/012001,"Transforming Yekaterinburg into a Safe, Resilient-Smart and Sustainable City",1bfe9ae18c15a5634a741a5b3529593db33f8979b750990dba05ac676795791f,939
10.1115/msec2012-7405,A Process-Based Approach for Cradle-to-Gate Energy and Carbon Footprint Reduction in Product Design,77af7d2bff36483db4b56178ee781aff67d0c953a9b6185d17f3ff28e979b3c5,1459
10.5539/ass.v8n8p28,"Tourism Impacts and Support for Tourism Development in Ha Long Bay, Vietnam: An Examination of Residents’ Perceptions",1c0f5a58e26480d6565a00071b85e1474920ce92b0b626ccaf2c12ff1d127836,1237
10.3390/ijerph16203936,Workplace Violence in Asian Emergency Medical Services: A Pilot Study,cbfe0804ca8a52d96bb821e09514249e47eb6295fe116f127d2763ba632768eb,1769
10.3138/jcfs.44.5.557,European Men’s Use of Parental Leave and Their Involvement in Child Care and Housework,8ebe17768f98fced38cad20b85c2b2c60db3ae013daf015bdce80020bb41a060,851
10.11646/zootaxa.3986.3.4,"Size-defined morphotypes in Zoanthus (Hexacorallia: Zoantharia) populations on shores in KwaZulu-Natal, South Africa",14abfb866491ea75b547eb9b88c2cc2278c2294d84c6923e109fc1194c0ac1e6,1495
10.20937/atm.2017.30.02.03,"Economic evaluation of climate risk adaptation strategies: Cost-benefit analysis of flood protection in Tabasco, Mexico",8ca46361bc24a16485867fac5c34b14b9abb79e8c7f69503e9a1c9f96dc58430,2155
10.1080/07399332.2018.1464005,HIV/STI interventions targeting women who experience forced sex: A systematic review of global literature,5df4dfbf36e12560786b6553fbb23af2c9e91c9985fc8c8e838e2d385341f5c2,688
10.1109/icsmc.2011.6084209,Consistent measurement of economic losses of a natural disaster considering the effect of change in price,3ce6893bc16a74bfdb0405ddf60f1420ca163b8d479ec6d3405388c04e67e6b8,1047
10.13085/eijtur.12.1.19-48,The great recession and unpaid work time in the United States – Does poverty matter?,b093ae495e91a5d9fb3edeb862387d731ccf561d9e2edb9fecf4e277bc5bf61c,64
10.1002/hyp.11246,Assessing groundwater availability of the Maldives under future climate conditions,7d2ce1e29e4216df72fcc7289cc9ad480d54555e5078601f3478f9714f219f0b,1862
10.1556/204.2019.011,Transformations and Perspectives of the Living Conditions of Czech and Slovak Seniors with an Emphasis on Single-Person Households,25e905a54d6fa23a66247442af17582afe7ce19808684bd87f76a0ce342708cd,1007
10.1002/14651858.cd011495,Regulatory and road engineering interventions for preventing road traffic injuries and fatalities among vulnerable (non-motorised and motorised two-wheel) road users in low- and middle-income countries,ae789042d18c005735c9355d6dc31c133b926890a22ca36be12f3465115b404c,422
10.3390/su11154051,Sustainability in Supply Chains with Behavioral Concerns,0cacbf63e1b5c0f6b8fbcdd27f1860ba058f439605e736ed9af101ec478be780,844
10.1021/acs.est.8b03866,Edible Dye-Enhanced Solar Disinfection with Safety Indication,1fdd455f9d10704a0e6f5cfcc888f7519865fa8c22e2a1d3f812bec0a7f80988,1193
10.1080/01441640903298998,"Mobility, Poverty, and Gender: Travel ‘Choices’ of Slum Residents in Nairobi, Kenya",fdf03c395742e91dbbc3d34d95ce6187ffd285617dda627bd762df3b679422a9,833
10.1061/9780784481202.038,New York City Transit: Why Envision?,b56c6bb177a0205cb0894f1cb26255468a28f6634867b8f758fb1555f636a910,816
10.4209/aaqr.2019.01.0007,Source Apportionment of PM2.5 at Urban and Suburban Sites in a Port City of Southeastern China,1043dc0a02520ca94d8c857d4cc229e8daef48a8e546d6c761ae3639a2417593,1913
